ISO-10303-21;
HEADER;
/* Generated by software containing ST-Developer
 * from STEP Tools, Inc. (www.steptools.com) 
 */

FILE_DESCRIPTION(
/* description */ ('',
'CAx-IF Rec.Pracs.---Representation and Presentation of Product Manufa
cturing Information (PMI)---4.0---2014-10-13'),
/* implementation_level */ '2;1');

FILE_NAME(
/* name */ 'top_23333_3.step',
/* time_stamp */ '2025-03-11T00:02:11-04:00',
/* author */ (''),
/* organization */ (''),
/* preprocessor_version */ 'ST-DEVELOPER v20',
/* originating_system */ 'Autodesk Translation Framework v13.20.0.188',

/* authorisation */ '');

FILE_SCHEMA (('AP242_MANAGED_MODEL_BASED_3D_ENGINEERING_MIM_LF { 1 0 10303 442 1 1 4 }'));
ENDSEC;

DATA;
#10=MECHANICAL_DESIGN_GEOMETRIC_PRESENTATION_REPRESENTATION('',(#13,#14),
#17662);
#11=SHAPE_REPRESENTATION_RELATIONSHIP('SRR','None',#17669,#12);
#12=ADVANCED_BREP_SHAPE_REPRESENTATION('',(#15,#16),#17661);
#13=STYLED_ITEM('',(#17678),#15);
#14=STYLED_ITEM('',(#17678),#16);
#15=MANIFOLD_SOLID_BREP('Body1',#11051);
#16=MANIFOLD_SOLID_BREP('Body2',#11052);
#17=CYLINDRICAL_SURFACE('',#11100,5.);
#18=CYLINDRICAL_SURFACE('',#11120,5.);
#19=CYLINDRICAL_SURFACE('',#11122,5.);
#20=CYLINDRICAL_SURFACE('',#11124,5.);
#21=CYLINDRICAL_SURFACE('',#11126,5.);
#22=CYLINDRICAL_SURFACE('',#11127,5.);
#23=CYLINDRICAL_SURFACE('',#11128,5.);
#24=CYLINDRICAL_SURFACE('',#11143,5.);
#25=CYLINDRICAL_SURFACE('',#11144,5.);
#26=CYLINDRICAL_SURFACE('',#11146,5.);
#27=CYLINDRICAL_SURFACE('',#11147,5.);
#28=CYLINDRICAL_SURFACE('',#11149,5.);
#29=CYLINDRICAL_SURFACE('',#11150,2.);
#30=CYLINDRICAL_SURFACE('',#11165,2.);
#31=CYLINDRICAL_SURFACE('',#11167,2.);
#32=CYLINDRICAL_SURFACE('',#11169,2.);
#33=CYLINDRICAL_SURFACE('',#11170,2.);
#34=CYLINDRICAL_SURFACE('',#11172,2.);
#35=CYLINDRICAL_SURFACE('',#11261,1.5);
#36=CYLINDRICAL_SURFACE('',#11267,1.5);
#37=CYLINDRICAL_SURFACE('',#11280,1.2);
#38=CYLINDRICAL_SURFACE('',#11284,1.2);
#39=CYLINDRICAL_SURFACE('',#11288,1.2);
#40=CYLINDRICAL_SURFACE('',#11292,1.2);
#41=CYLINDRICAL_SURFACE('',#11309,3.40000000000002);
#42=CYLINDRICAL_SURFACE('',#11316,2.20000000000001);
#43=CYLINDRICAL_SURFACE('',#11446,5.);
#44=CYLINDRICAL_SURFACE('',#11466,5.);
#45=CYLINDRICAL_SURFACE('',#11468,5.);
#46=CYLINDRICAL_SURFACE('',#11470,5.);
#47=CYLINDRICAL_SURFACE('',#11472,5.);
#48=CYLINDRICAL_SURFACE('',#11473,5.);
#49=CYLINDRICAL_SURFACE('',#11474,5.);
#50=CYLINDRICAL_SURFACE('',#11489,5.);
#51=CYLINDRICAL_SURFACE('',#11490,5.);
#52=CYLINDRICAL_SURFACE('',#11492,5.);
#53=CYLINDRICAL_SURFACE('',#11493,5.);
#54=CYLINDRICAL_SURFACE('',#11495,5.);
#55=CYLINDRICAL_SURFACE('',#11496,2.);
#56=CYLINDRICAL_SURFACE('',#11511,2.);
#57=CYLINDRICAL_SURFACE('',#11513,2.);
#58=CYLINDRICAL_SURFACE('',#11515,2.);
#59=CYLINDRICAL_SURFACE('',#11516,2.);
#60=CYLINDRICAL_SURFACE('',#11518,2.);
#61=CYLINDRICAL_SURFACE('',#11607,1.5);
#62=CYLINDRICAL_SURFACE('',#11613,1.5);
#63=CYLINDRICAL_SURFACE('',#11626,1.2);
#64=CYLINDRICAL_SURFACE('',#11630,1.2);
#65=CYLINDRICAL_SURFACE('',#11634,1.2);
#66=CYLINDRICAL_SURFACE('',#11638,1.2);
#67=CYLINDRICAL_SURFACE('',#11655,3.40000000000002);
#68=CYLINDRICAL_SURFACE('',#11662,2.20000000000001);
#69=CONICAL_SURFACE('',#11075,4.25,0.785398163397447);
#70=CONICAL_SURFACE('',#11083,4.25,0.785398163397448);
#71=CONICAL_SURFACE('',#11086,4.25,0.785398163397449);
#72=CONICAL_SURFACE('',#11089,4.25,0.785398163397448);
#73=CONICAL_SURFACE('',#11092,4.25,0.785398163397449);
#74=CONICAL_SURFACE('',#11095,4.25000000000001,0.785398163397445);
#75=CONICAL_SURFACE('',#11256,1.74999993225952,0.785398163397524);
#76=CONICAL_SURFACE('',#11259,1.75000006774057,0.785398163397506);
#77=CONICAL_SURFACE('',#11275,1.7,0.785398163397448);
#78=CONICAL_SURFACE('',#11281,1.7,0.785398163397448);
#79=CONICAL_SURFACE('',#11285,1.7,0.785398163397448);
#80=CONICAL_SURFACE('',#11289,1.7,0.785398163397448);
#81=CONICAL_SURFACE('',#11421,4.25,0.785398163397447);
#82=CONICAL_SURFACE('',#11429,4.25,0.785398163397448);
#83=CONICAL_SURFACE('',#11432,4.25,0.785398163397449);
#84=CONICAL_SURFACE('',#11435,4.25,0.785398163397448);
#85=CONICAL_SURFACE('',#11438,4.25,0.785398163397449);
#86=CONICAL_SURFACE('',#11441,4.25000000000001,0.785398163397445);
#87=CONICAL_SURFACE('',#11602,1.74999993225952,0.785398163397524);
#88=CONICAL_SURFACE('',#11605,1.75000006774057,0.785398163397506);
#89=CONICAL_SURFACE('',#11621,1.7,0.785398163397448);
#90=CONICAL_SURFACE('',#11627,1.7,0.785398163397448);
#91=CONICAL_SURFACE('',#11631,1.7,0.785398163397448);
#92=CONICAL_SURFACE('',#11635,1.7,0.785398163397448);
#93=FACE_BOUND('',#887,.T.);
#94=FACE_BOUND('',#912,.T.);
#95=FACE_BOUND('',#914,.T.);
#96=FACE_BOUND('',#925,.T.);
#97=FACE_BOUND('',#936,.T.);
#98=FACE_BOUND('',#937,.T.);
#99=FACE_BOUND('',#938,.T.);
#100=FACE_BOUND('',#939,.T.);
#101=FACE_BOUND('',#940,.T.);
#102=FACE_BOUND('',#941,.T.);
#103=FACE_BOUND('',#942,.T.);
#104=FACE_BOUND('',#943,.T.);
#105=FACE_BOUND('',#944,.T.);
#106=FACE_BOUND('',#945,.T.);
#107=FACE_BOUND('',#946,.T.);
#108=FACE_BOUND('',#947,.T.);
#109=FACE_BOUND('',#948,.T.);
#110=FACE_BOUND('',#949,.T.);
#111=FACE_BOUND('',#950,.T.);
#112=FACE_BOUND('',#951,.T.);
#113=FACE_BOUND('',#952,.T.);
#114=FACE_BOUND('',#953,.T.);
#115=FACE_BOUND('',#954,.T.);
#116=FACE_BOUND('',#955,.T.);
#117=FACE_BOUND('',#956,.T.);
#118=FACE_BOUND('',#972,.T.);
#119=FACE_BOUND('',#995,.T.);
#120=FACE_BOUND('',#996,.T.);
#121=FACE_BOUND('',#1088,.T.);
#122=FACE_BOUND('',#1092,.T.);
#123=FACE_BOUND('',#1196,.T.);
#124=FACE_BOUND('',#1197,.T.);
#125=FACE_BOUND('',#1198,.T.);
#126=FACE_BOUND('',#1199,.T.);
#127=FACE_BOUND('',#1200,.T.);
#128=FACE_BOUND('',#1201,.T.);
#129=FACE_BOUND('',#1202,.T.);
#130=FACE_BOUND('',#1203,.T.);
#131=FACE_BOUND('',#1204,.T.);
#132=FACE_BOUND('',#1205,.T.);
#133=FACE_BOUND('',#1206,.T.);
#134=FACE_BOUND('',#1207,.T.);
#135=FACE_BOUND('',#1208,.T.);
#136=FACE_BOUND('',#1209,.T.);
#137=FACE_BOUND('',#1210,.T.);
#138=FACE_BOUND('',#1211,.T.);
#139=FACE_BOUND('',#1212,.T.);
#140=FACE_BOUND('',#1213,.T.);
#141=FACE_BOUND('',#1214,.T.);
#142=FACE_BOUND('',#1215,.T.);
#143=FACE_BOUND('',#1218,.T.);
#144=FACE_BOUND('',#1243,.T.);
#145=FACE_BOUND('',#1245,.T.);
#146=FACE_BOUND('',#1256,.T.);
#147=FACE_BOUND('',#1267,.T.);
#148=FACE_BOUND('',#1268,.T.);
#149=FACE_BOUND('',#1269,.T.);
#150=FACE_BOUND('',#1270,.T.);
#151=FACE_BOUND('',#1271,.T.);
#152=FACE_BOUND('',#1272,.T.);
#153=FACE_BOUND('',#1273,.T.);
#154=FACE_BOUND('',#1274,.T.);
#155=FACE_BOUND('',#1275,.T.);
#156=FACE_BOUND('',#1276,.T.);
#157=FACE_BOUND('',#1277,.T.);
#158=FACE_BOUND('',#1278,.T.);
#159=FACE_BOUND('',#1279,.T.);
#160=FACE_BOUND('',#1280,.T.);
#161=FACE_BOUND('',#1281,.T.);
#162=FACE_BOUND('',#1282,.T.);
#163=FACE_BOUND('',#1283,.T.);
#164=FACE_BOUND('',#1284,.T.);
#165=FACE_BOUND('',#1285,.T.);
#166=FACE_BOUND('',#1286,.T.);
#167=FACE_BOUND('',#1287,.T.);
#168=FACE_BOUND('',#1303,.T.);
#169=FACE_BOUND('',#1326,.T.);
#170=FACE_BOUND('',#1327,.T.);
#171=FACE_BOUND('',#1419,.T.);
#172=FACE_BOUND('',#1423,.T.);
#173=FACE_BOUND('',#1527,.T.);
#174=FACE_BOUND('',#1528,.T.);
#175=FACE_BOUND('',#1529,.T.);
#176=FACE_BOUND('',#1530,.T.);
#177=FACE_BOUND('',#1531,.T.);
#178=FACE_BOUND('',#1532,.T.);
#179=FACE_BOUND('',#1533,.T.);
#180=FACE_BOUND('',#1534,.T.);
#181=FACE_BOUND('',#1535,.T.);
#182=FACE_BOUND('',#1536,.T.);
#183=FACE_BOUND('',#1537,.T.);
#184=FACE_BOUND('',#1538,.T.);
#185=FACE_BOUND('',#1539,.T.);
#186=FACE_BOUND('',#1540,.T.);
#187=FACE_BOUND('',#1541,.T.);
#188=FACE_BOUND('',#1542,.T.);
#189=FACE_BOUND('',#1543,.T.);
#190=FACE_BOUND('',#1544,.T.);
#191=FACE_BOUND('',#1545,.T.);
#192=FACE_BOUND('',#1546,.T.);
#193=CIRCLE('',#11068,3.5);
#194=CIRCLE('',#11069,3.5);
#195=CIRCLE('',#11070,3.5);
#196=CIRCLE('',#11071,3.5);
#197=CIRCLE('',#11072,3.5);
#198=CIRCLE('',#11073,3.50000000000001);
#199=CIRCLE('',#11074,2.20000000000001);
#200=CIRCLE('',#11076,5.);
#201=CIRCLE('',#11084,5.);
#202=CIRCLE('',#11087,5.);
#203=CIRCLE('',#11090,5.);
#204=CIRCLE('',#11093,5.);
#205=CIRCLE('',#11096,5.);
#206=CIRCLE('',#11101,5.);
#207=CIRCLE('',#11106,1.99999986451903);
#208=CIRCLE('',#11107,2.00000013548115);
#209=CIRCLE('',#11109,5.);
#210=CIRCLE('',#11110,5.);
#211=CIRCLE('',#11111,5.);
#212=CIRCLE('',#11112,5.);
#213=CIRCLE('',#11113,5.);
#214=CIRCLE('',#11114,5.);
#215=CIRCLE('',#11115,5.);
#216=CIRCLE('',#11116,5.);
#217=CIRCLE('',#11117,5.);
#218=CIRCLE('',#11118,5.);
#219=CIRCLE('',#11119,5.);
#220=CIRCLE('',#11129,5.);
#221=CIRCLE('',#11131,5.);
#222=CIRCLE('',#11132,5.);
#223=CIRCLE('',#11133,5.);
#224=CIRCLE('',#11134,5.);
#225=CIRCLE('',#11135,5.);
#226=CIRCLE('',#11136,2.);
#227=CIRCLE('',#11137,2.);
#228=CIRCLE('',#11138,2.);
#229=CIRCLE('',#11139,2.);
#230=CIRCLE('',#11140,2.);
#231=CIRCLE('',#11141,2.);
#232=CIRCLE('',#11151,2.);
#233=CIRCLE('',#11153,3.40000000000002);
#234=CIRCLE('',#11154,2.);
#235=CIRCLE('',#11155,2.);
#236=CIRCLE('',#11156,2.);
#237=CIRCLE('',#11157,2.);
#238=CIRCLE('',#11158,1.2);
#239=CIRCLE('',#11159,1.2);
#240=CIRCLE('',#11160,1.2);
#241=CIRCLE('',#11161,1.2);
#242=CIRCLE('',#11163,1.50000000000005);
#243=CIRCLE('',#11164,1.50000000000006);
#244=CIRCLE('',#11166,2.);
#245=CIRCLE('',#11257,1.5);
#246=CIRCLE('',#11260,1.5);
#247=CIRCLE('',#11276,2.2);
#248=CIRCLE('',#11277,2.20000000000001);
#249=CIRCLE('',#11278,2.2);
#250=CIRCLE('',#11279,1.2);
#251=CIRCLE('',#11282,2.2);
#252=CIRCLE('',#11283,1.2);
#253=CIRCLE('',#11286,2.2);
#254=CIRCLE('',#11287,1.2);
#255=CIRCLE('',#11290,2.2);
#256=CIRCLE('',#11291,1.2);
#257=CIRCLE('',#11308,3.40000000000002);
#258=CIRCLE('',#11414,2.20000000000001);
#259=CIRCLE('',#11415,3.50000000000001);
#260=CIRCLE('',#11416,3.5);
#261=CIRCLE('',#11417,3.5);
#262=CIRCLE('',#11418,3.5);
#263=CIRCLE('',#11419,3.5);
#264=CIRCLE('',#11420,3.5);
#265=CIRCLE('',#11422,5.);
#266=CIRCLE('',#11430,5.);
#267=CIRCLE('',#11433,5.);
#268=CIRCLE('',#11436,5.);
#269=CIRCLE('',#11439,5.);
#270=CIRCLE('',#11442,5.);
#271=CIRCLE('',#11447,5.);
#272=CIRCLE('',#11452,2.00000013548115);
#273=CIRCLE('',#11453,1.99999986451903);
#274=CIRCLE('',#11455,5.);
#275=CIRCLE('',#11456,5.);
#276=CIRCLE('',#11457,5.);
#277=CIRCLE('',#11458,5.);
#278=CIRCLE('',#11459,5.);
#279=CIRCLE('',#11460,5.);
#280=CIRCLE('',#11461,5.);
#281=CIRCLE('',#11462,5.);
#282=CIRCLE('',#11463,5.);
#283=CIRCLE('',#11464,5.);
#284=CIRCLE('',#11465,5.);
#285=CIRCLE('',#11475,5.);
#286=CIRCLE('',#11477,5.);
#287=CIRCLE('',#11478,5.);
#288=CIRCLE('',#11479,5.);
#289=CIRCLE('',#11480,5.);
#290=CIRCLE('',#11481,5.);
#291=CIRCLE('',#11482,2.);
#292=CIRCLE('',#11483,2.);
#293=CIRCLE('',#11484,2.);
#294=CIRCLE('',#11485,2.);
#295=CIRCLE('',#11486,2.);
#296=CIRCLE('',#11487,2.);
#297=CIRCLE('',#11497,2.);
#298=CIRCLE('',#11499,2.);
#299=CIRCLE('',#11500,2.);
#300=CIRCLE('',#11501,2.);
#301=CIRCLE('',#11502,2.);
#302=CIRCLE('',#11503,3.40000000000002);
#303=CIRCLE('',#11504,1.2);
#304=CIRCLE('',#11505,1.2);
#305=CIRCLE('',#11506,1.2);
#306=CIRCLE('',#11507,1.2);
#307=CIRCLE('',#11509,1.50000000000006);
#308=CIRCLE('',#11510,1.50000000000005);
#309=CIRCLE('',#11512,2.);
#310=CIRCLE('',#11603,1.5);
#311=CIRCLE('',#11606,1.5);
#312=CIRCLE('',#11622,2.2);
#313=CIRCLE('',#11623,1.2);
#314=CIRCLE('',#11624,2.2);
#315=CIRCLE('',#11625,2.20000000000001);
#316=CIRCLE('',#11628,2.2);
#317=CIRCLE('',#11629,1.2);
#318=CIRCLE('',#11632,2.2);
#319=CIRCLE('',#11633,1.2);
#320=CIRCLE('',#11636,2.2);
#321=CIRCLE('',#11637,1.2);
#322=CIRCLE('',#11654,3.40000000000002);
#323=FACE_OUTER_BOUND('',#885,.T.);
#324=FACE_OUTER_BOUND('',#886,.T.);
#325=FACE_OUTER_BOUND('',#888,.T.);
#326=FACE_OUTER_BOUND('',#889,.T.);
#327=FACE_OUTER_BOUND('',#890,.T.);
#328=FACE_OUTER_BOUND('',#891,.T.);
#329=FACE_OUTER_BOUND('',#892,.T.);
#330=FACE_OUTER_BOUND('',#893,.T.);
#331=FACE_OUTER_BOUND('',#894,.T.);
#332=FACE_OUTER_BOUND('',#895,.T.);
#333=FACE_OUTER_BOUND('',#896,.T.);
#334=FACE_OUTER_BOUND('',#897,.T.);
#335=FACE_OUTER_BOUND('',#898,.T.);
#336=FACE_OUTER_BOUND('',#899,.T.);
#337=FACE_OUTER_BOUND('',#900,.T.);
#338=FACE_OUTER_BOUND('',#901,.T.);
#339=FACE_OUTER_BOUND('',#902,.T.);
#340=FACE_OUTER_BOUND('',#903,.T.);
#341=FACE_OUTER_BOUND('',#904,.T.);
#342=FACE_OUTER_BOUND('',#905,.T.);
#343=FACE_OUTER_BOUND('',#906,.T.);
#344=FACE_OUTER_BOUND('',#907,.T.);
#345=FACE_OUTER_BOUND('',#908,.T.);
#346=FACE_OUTER_BOUND('',#909,.T.);
#347=FACE_OUTER_BOUND('',#910,.T.);
#348=FACE_OUTER_BOUND('',#911,.T.);
#349=FACE_OUTER_BOUND('',#913,.T.);
#350=FACE_OUTER_BOUND('',#915,.T.);
#351=FACE_OUTER_BOUND('',#916,.T.);
#352=FACE_OUTER_BOUND('',#917,.T.);
#353=FACE_OUTER_BOUND('',#918,.T.);
#354=FACE_OUTER_BOUND('',#919,.T.);
#355=FACE_OUTER_BOUND('',#920,.T.);
#356=FACE_OUTER_BOUND('',#921,.T.);
#357=FACE_OUTER_BOUND('',#922,.T.);
#358=FACE_OUTER_BOUND('',#923,.T.);
#359=FACE_OUTER_BOUND('',#924,.T.);
#360=FACE_OUTER_BOUND('',#926,.T.);
#361=FACE_OUTER_BOUND('',#927,.T.);
#362=FACE_OUTER_BOUND('',#928,.T.);
#363=FACE_OUTER_BOUND('',#929,.T.);
#364=FACE_OUTER_BOUND('',#930,.T.);
#365=FACE_OUTER_BOUND('',#931,.T.);
#366=FACE_OUTER_BOUND('',#932,.T.);
#367=FACE_OUTER_BOUND('',#933,.T.);
#368=FACE_OUTER_BOUND('',#934,.T.);
#369=FACE_OUTER_BOUND('',#935,.T.);
#370=FACE_OUTER_BOUND('',#957,.T.);
#371=FACE_OUTER_BOUND('',#958,.T.);
#372=FACE_OUTER_BOUND('',#959,.T.);
#373=FACE_OUTER_BOUND('',#960,.T.);
#374=FACE_OUTER_BOUND('',#961,.T.);
#375=FACE_OUTER_BOUND('',#962,.T.);
#376=FACE_OUTER_BOUND('',#963,.T.);
#377=FACE_OUTER_BOUND('',#964,.T.);
#378=FACE_OUTER_BOUND('',#965,.T.);
#379=FACE_OUTER_BOUND('',#966,.T.);
#380=FACE_OUTER_BOUND('',#967,.T.);
#381=FACE_OUTER_BOUND('',#968,.T.);
#382=FACE_OUTER_BOUND('',#969,.T.);
#383=FACE_OUTER_BOUND('',#970,.T.);
#384=FACE_OUTER_BOUND('',#971,.T.);
#385=FACE_OUTER_BOUND('',#973,.T.);
#386=FACE_OUTER_BOUND('',#974,.T.);
#387=FACE_OUTER_BOUND('',#975,.T.);
#388=FACE_OUTER_BOUND('',#976,.T.);
#389=FACE_OUTER_BOUND('',#977,.T.);
#390=FACE_OUTER_BOUND('',#978,.T.);
#391=FACE_OUTER_BOUND('',#979,.T.);
#392=FACE_OUTER_BOUND('',#980,.T.);
#393=FACE_OUTER_BOUND('',#981,.T.);
#394=FACE_OUTER_BOUND('',#982,.T.);
#395=FACE_OUTER_BOUND('',#983,.T.);
#396=FACE_OUTER_BOUND('',#984,.T.);
#397=FACE_OUTER_BOUND('',#985,.T.);
#398=FACE_OUTER_BOUND('',#986,.T.);
#399=FACE_OUTER_BOUND('',#987,.T.);
#400=FACE_OUTER_BOUND('',#988,.T.);
#401=FACE_OUTER_BOUND('',#989,.T.);
#402=FACE_OUTER_BOUND('',#990,.T.);
#403=FACE_OUTER_BOUND('',#991,.T.);
#404=FACE_OUTER_BOUND('',#992,.T.);
#405=FACE_OUTER_BOUND('',#993,.T.);
#406=FACE_OUTER_BOUND('',#994,.T.);
#407=FACE_OUTER_BOUND('',#997,.T.);
#408=FACE_OUTER_BOUND('',#998,.T.);
#409=FACE_OUTER_BOUND('',#999,.T.);
#410=FACE_OUTER_BOUND('',#1000,.T.);
#411=FACE_OUTER_BOUND('',#1001,.T.);
#412=FACE_OUTER_BOUND('',#1002,.T.);
#413=FACE_OUTER_BOUND('',#1003,.T.);
#414=FACE_OUTER_BOUND('',#1004,.T.);
#415=FACE_OUTER_BOUND('',#1005,.T.);
#416=FACE_OUTER_BOUND('',#1006,.T.);
#417=FACE_OUTER_BOUND('',#1007,.T.);
#418=FACE_OUTER_BOUND('',#1008,.T.);
#419=FACE_OUTER_BOUND('',#1009,.T.);
#420=FACE_OUTER_BOUND('',#1010,.T.);
#421=FACE_OUTER_BOUND('',#1011,.T.);
#422=FACE_OUTER_BOUND('',#1012,.T.);
#423=FACE_OUTER_BOUND('',#1013,.T.);
#424=FACE_OUTER_BOUND('',#1014,.T.);
#425=FACE_OUTER_BOUND('',#1015,.T.);
#426=FACE_OUTER_BOUND('',#1016,.T.);
#427=FACE_OUTER_BOUND('',#1017,.T.);
#428=FACE_OUTER_BOUND('',#1018,.T.);
#429=FACE_OUTER_BOUND('',#1019,.T.);
#430=FACE_OUTER_BOUND('',#1020,.T.);
#431=FACE_OUTER_BOUND('',#1021,.T.);
#432=FACE_OUTER_BOUND('',#1022,.T.);
#433=FACE_OUTER_BOUND('',#1023,.T.);
#434=FACE_OUTER_BOUND('',#1024,.T.);
#435=FACE_OUTER_BOUND('',#1025,.T.);
#436=FACE_OUTER_BOUND('',#1026,.T.);
#437=FACE_OUTER_BOUND('',#1027,.T.);
#438=FACE_OUTER_BOUND('',#1028,.T.);
#439=FACE_OUTER_BOUND('',#1029,.T.);
#440=FACE_OUTER_BOUND('',#1030,.T.);
#441=FACE_OUTER_BOUND('',#1031,.T.);
#442=FACE_OUTER_BOUND('',#1032,.T.);
#443=FACE_OUTER_BOUND('',#1033,.T.);
#444=FACE_OUTER_BOUND('',#1034,.T.);
#445=FACE_OUTER_BOUND('',#1035,.T.);
#446=FACE_OUTER_BOUND('',#1036,.T.);
#447=FACE_OUTER_BOUND('',#1037,.T.);
#448=FACE_OUTER_BOUND('',#1038,.T.);
#449=FACE_OUTER_BOUND('',#1039,.T.);
#450=FACE_OUTER_BOUND('',#1040,.T.);
#451=FACE_OUTER_BOUND('',#1041,.T.);
#452=FACE_OUTER_BOUND('',#1042,.T.);
#453=FACE_OUTER_BOUND('',#1043,.T.);
#454=FACE_OUTER_BOUND('',#1044,.T.);
#455=FACE_OUTER_BOUND('',#1045,.T.);
#456=FACE_OUTER_BOUND('',#1046,.T.);
#457=FACE_OUTER_BOUND('',#1047,.T.);
#458=FACE_OUTER_BOUND('',#1048,.T.);
#459=FACE_OUTER_BOUND('',#1049,.T.);
#460=FACE_OUTER_BOUND('',#1050,.T.);
#461=FACE_OUTER_BOUND('',#1051,.T.);
#462=FACE_OUTER_BOUND('',#1052,.T.);
#463=FACE_OUTER_BOUND('',#1053,.T.);
#464=FACE_OUTER_BOUND('',#1054,.T.);
#465=FACE_OUTER_BOUND('',#1055,.T.);
#466=FACE_OUTER_BOUND('',#1056,.T.);
#467=FACE_OUTER_BOUND('',#1057,.T.);
#468=FACE_OUTER_BOUND('',#1058,.T.);
#469=FACE_OUTER_BOUND('',#1059,.T.);
#470=FACE_OUTER_BOUND('',#1060,.T.);
#471=FACE_OUTER_BOUND('',#1061,.T.);
#472=FACE_OUTER_BOUND('',#1062,.T.);
#473=FACE_OUTER_BOUND('',#1063,.T.);
#474=FACE_OUTER_BOUND('',#1064,.T.);
#475=FACE_OUTER_BOUND('',#1065,.T.);
#476=FACE_OUTER_BOUND('',#1066,.T.);
#477=FACE_OUTER_BOUND('',#1067,.T.);
#478=FACE_OUTER_BOUND('',#1068,.T.);
#479=FACE_OUTER_BOUND('',#1069,.T.);
#480=FACE_OUTER_BOUND('',#1070,.T.);
#481=FACE_OUTER_BOUND('',#1071,.T.);
#482=FACE_OUTER_BOUND('',#1072,.T.);
#483=FACE_OUTER_BOUND('',#1073,.T.);
#484=FACE_OUTER_BOUND('',#1074,.T.);
#485=FACE_OUTER_BOUND('',#1075,.T.);
#486=FACE_OUTER_BOUND('',#1076,.T.);
#487=FACE_OUTER_BOUND('',#1077,.T.);
#488=FACE_OUTER_BOUND('',#1078,.T.);
#489=FACE_OUTER_BOUND('',#1079,.T.);
#490=FACE_OUTER_BOUND('',#1080,.T.);
#491=FACE_OUTER_BOUND('',#1081,.T.);
#492=FACE_OUTER_BOUND('',#1082,.T.);
#493=FACE_OUTER_BOUND('',#1083,.T.);
#494=FACE_OUTER_BOUND('',#1084,.T.);
#495=FACE_OUTER_BOUND('',#1085,.T.);
#496=FACE_OUTER_BOUND('',#1086,.T.);
#497=FACE_OUTER_BOUND('',#1087,.T.);
#498=FACE_OUTER_BOUND('',#1089,.T.);
#499=FACE_OUTER_BOUND('',#1090,.T.);
#500=FACE_OUTER_BOUND('',#1091,.T.);
#501=FACE_OUTER_BOUND('',#1093,.T.);
#502=FACE_OUTER_BOUND('',#1094,.T.);
#503=FACE_OUTER_BOUND('',#1095,.T.);
#504=FACE_OUTER_BOUND('',#1096,.T.);
#505=FACE_OUTER_BOUND('',#1097,.T.);
#506=FACE_OUTER_BOUND('',#1098,.T.);
#507=FACE_OUTER_BOUND('',#1099,.T.);
#508=FACE_OUTER_BOUND('',#1100,.T.);
#509=FACE_OUTER_BOUND('',#1101,.T.);
#510=FACE_OUTER_BOUND('',#1102,.T.);
#511=FACE_OUTER_BOUND('',#1103,.T.);
#512=FACE_OUTER_BOUND('',#1104,.T.);
#513=FACE_OUTER_BOUND('',#1105,.T.);
#514=FACE_OUTER_BOUND('',#1106,.T.);
#515=FACE_OUTER_BOUND('',#1107,.T.);
#516=FACE_OUTER_BOUND('',#1108,.T.);
#517=FACE_OUTER_BOUND('',#1109,.T.);
#518=FACE_OUTER_BOUND('',#1110,.T.);
#519=FACE_OUTER_BOUND('',#1111,.T.);
#520=FACE_OUTER_BOUND('',#1112,.T.);
#521=FACE_OUTER_BOUND('',#1113,.T.);
#522=FACE_OUTER_BOUND('',#1114,.T.);
#523=FACE_OUTER_BOUND('',#1115,.T.);
#524=FACE_OUTER_BOUND('',#1116,.T.);
#525=FACE_OUTER_BOUND('',#1117,.T.);
#526=FACE_OUTER_BOUND('',#1118,.T.);
#527=FACE_OUTER_BOUND('',#1119,.T.);
#528=FACE_OUTER_BOUND('',#1120,.T.);
#529=FACE_OUTER_BOUND('',#1121,.T.);
#530=FACE_OUTER_BOUND('',#1122,.T.);
#531=FACE_OUTER_BOUND('',#1123,.T.);
#532=FACE_OUTER_BOUND('',#1124,.T.);
#533=FACE_OUTER_BOUND('',#1125,.T.);
#534=FACE_OUTER_BOUND('',#1126,.T.);
#535=FACE_OUTER_BOUND('',#1127,.T.);
#536=FACE_OUTER_BOUND('',#1128,.T.);
#537=FACE_OUTER_BOUND('',#1129,.T.);
#538=FACE_OUTER_BOUND('',#1130,.T.);
#539=FACE_OUTER_BOUND('',#1131,.T.);
#540=FACE_OUTER_BOUND('',#1132,.T.);
#541=FACE_OUTER_BOUND('',#1133,.T.);
#542=FACE_OUTER_BOUND('',#1134,.T.);
#543=FACE_OUTER_BOUND('',#1135,.T.);
#544=FACE_OUTER_BOUND('',#1136,.T.);
#545=FACE_OUTER_BOUND('',#1137,.T.);
#546=FACE_OUTER_BOUND('',#1138,.T.);
#547=FACE_OUTER_BOUND('',#1139,.T.);
#548=FACE_OUTER_BOUND('',#1140,.T.);
#549=FACE_OUTER_BOUND('',#1141,.T.);
#550=FACE_OUTER_BOUND('',#1142,.T.);
#551=FACE_OUTER_BOUND('',#1143,.T.);
#552=FACE_OUTER_BOUND('',#1144,.T.);
#553=FACE_OUTER_BOUND('',#1145,.T.);
#554=FACE_OUTER_BOUND('',#1146,.T.);
#555=FACE_OUTER_BOUND('',#1147,.T.);
#556=FACE_OUTER_BOUND('',#1148,.T.);
#557=FACE_OUTER_BOUND('',#1149,.T.);
#558=FACE_OUTER_BOUND('',#1150,.T.);
#559=FACE_OUTER_BOUND('',#1151,.T.);
#560=FACE_OUTER_BOUND('',#1152,.T.);
#561=FACE_OUTER_BOUND('',#1153,.T.);
#562=FACE_OUTER_BOUND('',#1154,.T.);
#563=FACE_OUTER_BOUND('',#1155,.T.);
#564=FACE_OUTER_BOUND('',#1156,.T.);
#565=FACE_OUTER_BOUND('',#1157,.T.);
#566=FACE_OUTER_BOUND('',#1158,.T.);
#567=FACE_OUTER_BOUND('',#1159,.T.);
#568=FACE_OUTER_BOUND('',#1160,.T.);
#569=FACE_OUTER_BOUND('',#1161,.T.);
#570=FACE_OUTER_BOUND('',#1162,.T.);
#571=FACE_OUTER_BOUND('',#1163,.T.);
#572=FACE_OUTER_BOUND('',#1164,.T.);
#573=FACE_OUTER_BOUND('',#1165,.T.);
#574=FACE_OUTER_BOUND('',#1166,.T.);
#575=FACE_OUTER_BOUND('',#1167,.T.);
#576=FACE_OUTER_BOUND('',#1168,.T.);
#577=FACE_OUTER_BOUND('',#1169,.T.);
#578=FACE_OUTER_BOUND('',#1170,.T.);
#579=FACE_OUTER_BOUND('',#1171,.T.);
#580=FACE_OUTER_BOUND('',#1172,.T.);
#581=FACE_OUTER_BOUND('',#1173,.T.);
#582=FACE_OUTER_BOUND('',#1174,.T.);
#583=FACE_OUTER_BOUND('',#1175,.T.);
#584=FACE_OUTER_BOUND('',#1176,.T.);
#585=FACE_OUTER_BOUND('',#1177,.T.);
#586=FACE_OUTER_BOUND('',#1178,.T.);
#587=FACE_OUTER_BOUND('',#1179,.T.);
#588=FACE_OUTER_BOUND('',#1180,.T.);
#589=FACE_OUTER_BOUND('',#1181,.T.);
#590=FACE_OUTER_BOUND('',#1182,.T.);
#591=FACE_OUTER_BOUND('',#1183,.T.);
#592=FACE_OUTER_BOUND('',#1184,.T.);
#593=FACE_OUTER_BOUND('',#1185,.T.);
#594=FACE_OUTER_BOUND('',#1186,.T.);
#595=FACE_OUTER_BOUND('',#1187,.T.);
#596=FACE_OUTER_BOUND('',#1188,.T.);
#597=FACE_OUTER_BOUND('',#1189,.T.);
#598=FACE_OUTER_BOUND('',#1190,.T.);
#599=FACE_OUTER_BOUND('',#1191,.T.);
#600=FACE_OUTER_BOUND('',#1192,.T.);
#601=FACE_OUTER_BOUND('',#1193,.T.);
#602=FACE_OUTER_BOUND('',#1194,.T.);
#603=FACE_OUTER_BOUND('',#1195,.T.);
#604=FACE_OUTER_BOUND('',#1216,.T.);
#605=FACE_OUTER_BOUND('',#1217,.T.);
#606=FACE_OUTER_BOUND('',#1219,.T.);
#607=FACE_OUTER_BOUND('',#1220,.T.);
#608=FACE_OUTER_BOUND('',#1221,.T.);
#609=FACE_OUTER_BOUND('',#1222,.T.);
#610=FACE_OUTER_BOUND('',#1223,.T.);
#611=FACE_OUTER_BOUND('',#1224,.T.);
#612=FACE_OUTER_BOUND('',#1225,.T.);
#613=FACE_OUTER_BOUND('',#1226,.T.);
#614=FACE_OUTER_BOUND('',#1227,.T.);
#615=FACE_OUTER_BOUND('',#1228,.T.);
#616=FACE_OUTER_BOUND('',#1229,.T.);
#617=FACE_OUTER_BOUND('',#1230,.T.);
#618=FACE_OUTER_BOUND('',#1231,.T.);
#619=FACE_OUTER_BOUND('',#1232,.T.);
#620=FACE_OUTER_BOUND('',#1233,.T.);
#621=FACE_OUTER_BOUND('',#1234,.T.);
#622=FACE_OUTER_BOUND('',#1235,.T.);
#623=FACE_OUTER_BOUND('',#1236,.T.);
#624=FACE_OUTER_BOUND('',#1237,.T.);
#625=FACE_OUTER_BOUND('',#1238,.T.);
#626=FACE_OUTER_BOUND('',#1239,.T.);
#627=FACE_OUTER_BOUND('',#1240,.T.);
#628=FACE_OUTER_BOUND('',#1241,.T.);
#629=FACE_OUTER_BOUND('',#1242,.T.);
#630=FACE_OUTER_BOUND('',#1244,.T.);
#631=FACE_OUTER_BOUND('',#1246,.T.);
#632=FACE_OUTER_BOUND('',#1247,.T.);
#633=FACE_OUTER_BOUND('',#1248,.T.);
#634=FACE_OUTER_BOUND('',#1249,.T.);
#635=FACE_OUTER_BOUND('',#1250,.T.);
#636=FACE_OUTER_BOUND('',#1251,.T.);
#637=FACE_OUTER_BOUND('',#1252,.T.);
#638=FACE_OUTER_BOUND('',#1253,.T.);
#639=FACE_OUTER_BOUND('',#1254,.T.);
#640=FACE_OUTER_BOUND('',#1255,.T.);
#641=FACE_OUTER_BOUND('',#1257,.T.);
#642=FACE_OUTER_BOUND('',#1258,.T.);
#643=FACE_OUTER_BOUND('',#1259,.T.);
#644=FACE_OUTER_BOUND('',#1260,.T.);
#645=FACE_OUTER_BOUND('',#1261,.T.);
#646=FACE_OUTER_BOUND('',#1262,.T.);
#647=FACE_OUTER_BOUND('',#1263,.T.);
#648=FACE_OUTER_BOUND('',#1264,.T.);
#649=FACE_OUTER_BOUND('',#1265,.T.);
#650=FACE_OUTER_BOUND('',#1266,.T.);
#651=FACE_OUTER_BOUND('',#1288,.T.);
#652=FACE_OUTER_BOUND('',#1289,.T.);
#653=FACE_OUTER_BOUND('',#1290,.T.);
#654=FACE_OUTER_BOUND('',#1291,.T.);
#655=FACE_OUTER_BOUND('',#1292,.T.);
#656=FACE_OUTER_BOUND('',#1293,.T.);
#657=FACE_OUTER_BOUND('',#1294,.T.);
#658=FACE_OUTER_BOUND('',#1295,.T.);
#659=FACE_OUTER_BOUND('',#1296,.T.);
#660=FACE_OUTER_BOUND('',#1297,.T.);
#661=FACE_OUTER_BOUND('',#1298,.T.);
#662=FACE_OUTER_BOUND('',#1299,.T.);
#663=FACE_OUTER_BOUND('',#1300,.T.);
#664=FACE_OUTER_BOUND('',#1301,.T.);
#665=FACE_OUTER_BOUND('',#1302,.T.);
#666=FACE_OUTER_BOUND('',#1304,.T.);
#667=FACE_OUTER_BOUND('',#1305,.T.);
#668=FACE_OUTER_BOUND('',#1306,.T.);
#669=FACE_OUTER_BOUND('',#1307,.T.);
#670=FACE_OUTER_BOUND('',#1308,.T.);
#671=FACE_OUTER_BOUND('',#1309,.T.);
#672=FACE_OUTER_BOUND('',#1310,.T.);
#673=FACE_OUTER_BOUND('',#1311,.T.);
#674=FACE_OUTER_BOUND('',#1312,.T.);
#675=FACE_OUTER_BOUND('',#1313,.T.);
#676=FACE_OUTER_BOUND('',#1314,.T.);
#677=FACE_OUTER_BOUND('',#1315,.T.);
#678=FACE_OUTER_BOUND('',#1316,.T.);
#679=FACE_OUTER_BOUND('',#1317,.T.);
#680=FACE_OUTER_BOUND('',#1318,.T.);
#681=FACE_OUTER_BOUND('',#1319,.T.);
#682=FACE_OUTER_BOUND('',#1320,.T.);
#683=FACE_OUTER_BOUND('',#1321,.T.);
#684=FACE_OUTER_BOUND('',#1322,.T.);
#685=FACE_OUTER_BOUND('',#1323,.T.);
#686=FACE_OUTER_BOUND('',#1324,.T.);
#687=FACE_OUTER_BOUND('',#1325,.T.);
#688=FACE_OUTER_BOUND('',#1328,.T.);
#689=FACE_OUTER_BOUND('',#1329,.T.);
#690=FACE_OUTER_BOUND('',#1330,.T.);
#691=FACE_OUTER_BOUND('',#1331,.T.);
#692=FACE_OUTER_BOUND('',#1332,.T.);
#693=FACE_OUTER_BOUND('',#1333,.T.);
#694=FACE_OUTER_BOUND('',#1334,.T.);
#695=FACE_OUTER_BOUND('',#1335,.T.);
#696=FACE_OUTER_BOUND('',#1336,.T.);
#697=FACE_OUTER_BOUND('',#1337,.T.);
#698=FACE_OUTER_BOUND('',#1338,.T.);
#699=FACE_OUTER_BOUND('',#1339,.T.);
#700=FACE_OUTER_BOUND('',#1340,.T.);
#701=FACE_OUTER_BOUND('',#1341,.T.);
#702=FACE_OUTER_BOUND('',#1342,.T.);
#703=FACE_OUTER_BOUND('',#1343,.T.);
#704=FACE_OUTER_BOUND('',#1344,.T.);
#705=FACE_OUTER_BOUND('',#1345,.T.);
#706=FACE_OUTER_BOUND('',#1346,.T.);
#707=FACE_OUTER_BOUND('',#1347,.T.);
#708=FACE_OUTER_BOUND('',#1348,.T.);
#709=FACE_OUTER_BOUND('',#1349,.T.);
#710=FACE_OUTER_BOUND('',#1350,.T.);
#711=FACE_OUTER_BOUND('',#1351,.T.);
#712=FACE_OUTER_BOUND('',#1352,.T.);
#713=FACE_OUTER_BOUND('',#1353,.T.);
#714=FACE_OUTER_BOUND('',#1354,.T.);
#715=FACE_OUTER_BOUND('',#1355,.T.);
#716=FACE_OUTER_BOUND('',#1356,.T.);
#717=FACE_OUTER_BOUND('',#1357,.T.);
#718=FACE_OUTER_BOUND('',#1358,.T.);
#719=FACE_OUTER_BOUND('',#1359,.T.);
#720=FACE_OUTER_BOUND('',#1360,.T.);
#721=FACE_OUTER_BOUND('',#1361,.T.);
#722=FACE_OUTER_BOUND('',#1362,.T.);
#723=FACE_OUTER_BOUND('',#1363,.T.);
#724=FACE_OUTER_BOUND('',#1364,.T.);
#725=FACE_OUTER_BOUND('',#1365,.T.);
#726=FACE_OUTER_BOUND('',#1366,.T.);
#727=FACE_OUTER_BOUND('',#1367,.T.);
#728=FACE_OUTER_BOUND('',#1368,.T.);
#729=FACE_OUTER_BOUND('',#1369,.T.);
#730=FACE_OUTER_BOUND('',#1370,.T.);
#731=FACE_OUTER_BOUND('',#1371,.T.);
#732=FACE_OUTER_BOUND('',#1372,.T.);
#733=FACE_OUTER_BOUND('',#1373,.T.);
#734=FACE_OUTER_BOUND('',#1374,.T.);
#735=FACE_OUTER_BOUND('',#1375,.T.);
#736=FACE_OUTER_BOUND('',#1376,.T.);
#737=FACE_OUTER_BOUND('',#1377,.T.);
#738=FACE_OUTER_BOUND('',#1378,.T.);
#739=FACE_OUTER_BOUND('',#1379,.T.);
#740=FACE_OUTER_BOUND('',#1380,.T.);
#741=FACE_OUTER_BOUND('',#1381,.T.);
#742=FACE_OUTER_BOUND('',#1382,.T.);
#743=FACE_OUTER_BOUND('',#1383,.T.);
#744=FACE_OUTER_BOUND('',#1384,.T.);
#745=FACE_OUTER_BOUND('',#1385,.T.);
#746=FACE_OUTER_BOUND('',#1386,.T.);
#747=FACE_OUTER_BOUND('',#1387,.T.);
#748=FACE_OUTER_BOUND('',#1388,.T.);
#749=FACE_OUTER_BOUND('',#1389,.T.);
#750=FACE_OUTER_BOUND('',#1390,.T.);
#751=FACE_OUTER_BOUND('',#1391,.T.);
#752=FACE_OUTER_BOUND('',#1392,.T.);
#753=FACE_OUTER_BOUND('',#1393,.T.);
#754=FACE_OUTER_BOUND('',#1394,.T.);
#755=FACE_OUTER_BOUND('',#1395,.T.);
#756=FACE_OUTER_BOUND('',#1396,.T.);
#757=FACE_OUTER_BOUND('',#1397,.T.);
#758=FACE_OUTER_BOUND('',#1398,.T.);
#759=FACE_OUTER_BOUND('',#1399,.T.);
#760=FACE_OUTER_BOUND('',#1400,.T.);
#761=FACE_OUTER_BOUND('',#1401,.T.);
#762=FACE_OUTER_BOUND('',#1402,.T.);
#763=FACE_OUTER_BOUND('',#1403,.T.);
#764=FACE_OUTER_BOUND('',#1404,.T.);
#765=FACE_OUTER_BOUND('',#1405,.T.);
#766=FACE_OUTER_BOUND('',#1406,.T.);
#767=FACE_OUTER_BOUND('',#1407,.T.);
#768=FACE_OUTER_BOUND('',#1408,.T.);
#769=FACE_OUTER_BOUND('',#1409,.T.);
#770=FACE_OUTER_BOUND('',#1410,.T.);
#771=FACE_OUTER_BOUND('',#1411,.T.);
#772=FACE_OUTER_BOUND('',#1412,.T.);
#773=FACE_OUTER_BOUND('',#1413,.T.);
#774=FACE_OUTER_BOUND('',#1414,.T.);
#775=FACE_OUTER_BOUND('',#1415,.T.);
#776=FACE_OUTER_BOUND('',#1416,.T.);
#777=FACE_OUTER_BOUND('',#1417,.T.);
#778=FACE_OUTER_BOUND('',#1418,.T.);
#779=FACE_OUTER_BOUND('',#1420,.T.);
#780=FACE_OUTER_BOUND('',#1421,.T.);
#781=FACE_OUTER_BOUND('',#1422,.T.);
#782=FACE_OUTER_BOUND('',#1424,.T.);
#783=FACE_OUTER_BOUND('',#1425,.T.);
#784=FACE_OUTER_BOUND('',#1426,.T.);
#785=FACE_OUTER_BOUND('',#1427,.T.);
#786=FACE_OUTER_BOUND('',#1428,.T.);
#787=FACE_OUTER_BOUND('',#1429,.T.);
#788=FACE_OUTER_BOUND('',#1430,.T.);
#789=FACE_OUTER_BOUND('',#1431,.T.);
#790=FACE_OUTER_BOUND('',#1432,.T.);
#791=FACE_OUTER_BOUND('',#1433,.T.);
#792=FACE_OUTER_BOUND('',#1434,.T.);
#793=FACE_OUTER_BOUND('',#1435,.T.);
#794=FACE_OUTER_BOUND('',#1436,.T.);
#795=FACE_OUTER_BOUND('',#1437,.T.);
#796=FACE_OUTER_BOUND('',#1438,.T.);
#797=FACE_OUTER_BOUND('',#1439,.T.);
#798=FACE_OUTER_BOUND('',#1440,.T.);
#799=FACE_OUTER_BOUND('',#1441,.T.);
#800=FACE_OUTER_BOUND('',#1442,.T.);
#801=FACE_OUTER_BOUND('',#1443,.T.);
#802=FACE_OUTER_BOUND('',#1444,.T.);
#803=FACE_OUTER_BOUND('',#1445,.T.);
#804=FACE_OUTER_BOUND('',#1446,.T.);
#805=FACE_OUTER_BOUND('',#1447,.T.);
#806=FACE_OUTER_BOUND('',#1448,.T.);
#807=FACE_OUTER_BOUND('',#1449,.T.);
#808=FACE_OUTER_BOUND('',#1450,.T.);
#809=FACE_OUTER_BOUND('',#1451,.T.);
#810=FACE_OUTER_BOUND('',#1452,.T.);
#811=FACE_OUTER_BOUND('',#1453,.T.);
#812=FACE_OUTER_BOUND('',#1454,.T.);
#813=FACE_OUTER_BOUND('',#1455,.T.);
#814=FACE_OUTER_BOUND('',#1456,.T.);
#815=FACE_OUTER_BOUND('',#1457,.T.);
#816=FACE_OUTER_BOUND('',#1458,.T.);
#817=FACE_OUTER_BOUND('',#1459,.T.);
#818=FACE_OUTER_BOUND('',#1460,.T.);
#819=FACE_OUTER_BOUND('',#1461,.T.);
#820=FACE_OUTER_BOUND('',#1462,.T.);
#821=FACE_OUTER_BOUND('',#1463,.T.);
#822=FACE_OUTER_BOUND('',#1464,.T.);
#823=FACE_OUTER_BOUND('',#1465,.T.);
#824=FACE_OUTER_BOUND('',#1466,.T.);
#825=FACE_OUTER_BOUND('',#1467,.T.);
#826=FACE_OUTER_BOUND('',#1468,.T.);
#827=FACE_OUTER_BOUND('',#1469,.T.);
#828=FACE_OUTER_BOUND('',#1470,.T.);
#829=FACE_OUTER_BOUND('',#1471,.T.);
#830=FACE_OUTER_BOUND('',#1472,.T.);
#831=FACE_OUTER_BOUND('',#1473,.T.);
#832=FACE_OUTER_BOUND('',#1474,.T.);
#833=FACE_OUTER_BOUND('',#1475,.T.);
#834=FACE_OUTER_BOUND('',#1476,.T.);
#835=FACE_OUTER_BOUND('',#1477,.T.);
#836=FACE_OUTER_BOUND('',#1478,.T.);
#837=FACE_OUTER_BOUND('',#1479,.T.);
#838=FACE_OUTER_BOUND('',#1480,.T.);
#839=FACE_OUTER_BOUND('',#1481,.T.);
#840=FACE_OUTER_BOUND('',#1482,.T.);
#841=FACE_OUTER_BOUND('',#1483,.T.);
#842=FACE_OUTER_BOUND('',#1484,.T.);
#843=FACE_OUTER_BOUND('',#1485,.T.);
#844=FACE_OUTER_BOUND('',#1486,.T.);
#845=FACE_OUTER_BOUND('',#1487,.T.);
#846=FACE_OUTER_BOUND('',#1488,.T.);
#847=FACE_OUTER_BOUND('',#1489,.T.);
#848=FACE_OUTER_BOUND('',#1490,.T.);
#849=FACE_OUTER_BOUND('',#1491,.T.);
#850=FACE_OUTER_BOUND('',#1492,.T.);
#851=FACE_OUTER_BOUND('',#1493,.T.);
#852=FACE_OUTER_BOUND('',#1494,.T.);
#853=FACE_OUTER_BOUND('',#1495,.T.);
#854=FACE_OUTER_BOUND('',#1496,.T.);
#855=FACE_OUTER_BOUND('',#1497,.T.);
#856=FACE_OUTER_BOUND('',#1498,.T.);
#857=FACE_OUTER_BOUND('',#1499,.T.);
#858=FACE_OUTER_BOUND('',#1500,.T.);
#859=FACE_OUTER_BOUND('',#1501,.T.);
#860=FACE_OUTER_BOUND('',#1502,.T.);
#861=FACE_OUTER_BOUND('',#1503,.T.);
#862=FACE_OUTER_BOUND('',#1504,.T.);
#863=FACE_OUTER_BOUND('',#1505,.T.);
#864=FACE_OUTER_BOUND('',#1506,.T.);
#865=FACE_OUTER_BOUND('',#1507,.T.);
#866=FACE_OUTER_BOUND('',#1508,.T.);
#867=FACE_OUTER_BOUND('',#1509,.T.);
#868=FACE_OUTER_BOUND('',#1510,.T.);
#869=FACE_OUTER_BOUND('',#1511,.T.);
#870=FACE_OUTER_BOUND('',#1512,.T.);
#871=FACE_OUTER_BOUND('',#1513,.T.);
#872=FACE_OUTER_BOUND('',#1514,.T.);
#873=FACE_OUTER_BOUND('',#1515,.T.);
#874=FACE_OUTER_BOUND('',#1516,.T.);
#875=FACE_OUTER_BOUND('',#1517,.T.);
#876=FACE_OUTER_BOUND('',#1518,.T.);
#877=FACE_OUTER_BOUND('',#1519,.T.);
#878=FACE_OUTER_BOUND('',#1520,.T.);
#879=FACE_OUTER_BOUND('',#1521,.T.);
#880=FACE_OUTER_BOUND('',#1522,.T.);
#881=FACE_OUTER_BOUND('',#1523,.T.);
#882=FACE_OUTER_BOUND('',#1524,.T.);
#883=FACE_OUTER_BOUND('',#1525,.T.);
#884=FACE_OUTER_BOUND('',#1526,.T.);
#885=EDGE_LOOP('',(#6911,#6912,#6913,#6914,#6915));
#886=EDGE_LOOP('',(#6916,#6917,#6918,#6919,#6920,#6921,#6922,#6923,#6924,
#6925,#6926,#6927,#6928,#6929,#6930,#6931,#6932,#6933,#6934,#6935,#6936,
#6937,#6938,#6939,#6940,#6941,#6942,#6943,#6944,#6945,#6946,#6947,#6948,
#6949,#6950,#6951,#6952,#6953));
#887=EDGE_LOOP('',(#6954,#6955,#6956,#6957));
#888=EDGE_LOOP('',(#6958,#6959,#6960,#6961,#6962));
#889=EDGE_LOOP('',(#6963,#6964,#6965));
#890=EDGE_LOOP('',(#6966,#6967,#6968,#6969));
#891=EDGE_LOOP('',(#6970,#6971,#6972,#6973));
#892=EDGE_LOOP('',(#6974,#6975,#6976,#6977));
#893=EDGE_LOOP('',(#6978,#6979,#6980,#6981));
#894=EDGE_LOOP('',(#6982,#6983,#6984,#6985));
#895=EDGE_LOOP('',(#6986,#6987,#6988,#6989));
#896=EDGE_LOOP('',(#6990,#6991,#6992,#6993));
#897=EDGE_LOOP('',(#6994,#6995,#6996,#6997));
#898=EDGE_LOOP('',(#6998,#6999,#7000,#7001));
#899=EDGE_LOOP('',(#7002,#7003,#7004,#7005));
#900=EDGE_LOOP('',(#7006,#7007,#7008,#7009));
#901=EDGE_LOOP('',(#7010,#7011,#7012,#7013));
#902=EDGE_LOOP('',(#7014,#7015,#7016,#7017,#7018,#7019,#7020,#7021));
#903=EDGE_LOOP('',(#7022,#7023,#7024,#7025));
#904=EDGE_LOOP('',(#7026,#7027,#7028,#7029));
#905=EDGE_LOOP('',(#7030,#7031,#7032,#7033,#7034));
#906=EDGE_LOOP('',(#7035,#7036,#7037,#7038));
#907=EDGE_LOOP('',(#7039,#7040,#7041,#7042));
#908=EDGE_LOOP('',(#7043,#7044,#7045,#7046,#7047,#7048,#7049,#7050));
#909=EDGE_LOOP('',(#7051,#7052,#7053,#7054,#7055));
#910=EDGE_LOOP('',(#7056,#7057,#7058,#7059));
#911=EDGE_LOOP('',(#7060,#7061,#7062,#7063,#7064,#7065,#7066,#7067));
#912=EDGE_LOOP('',(#7068,#7069,#7070,#7071));
#913=EDGE_LOOP('',(#7072,#7073,#7074,#7075,#7076,#7077,#7078,#7079,#7080,
#7081,#7082,#7083,#7084,#7085,#7086));
#914=EDGE_LOOP('',(#7087,#7088,#7089,#7090,#7091,#7092,#7093,#7094,#7095,
#7096,#7097,#7098,#7099,#7100,#7101));
#915=EDGE_LOOP('',(#7102,#7103,#7104,#7105));
#916=EDGE_LOOP('',(#7106,#7107,#7108,#7109));
#917=EDGE_LOOP('',(#7110,#7111,#7112,#7113));
#918=EDGE_LOOP('',(#7114,#7115,#7116,#7117));
#919=EDGE_LOOP('',(#7118,#7119,#7120,#7121));
#920=EDGE_LOOP('',(#7122,#7123,#7124,#7125));
#921=EDGE_LOOP('',(#7126,#7127,#7128,#7129));
#922=EDGE_LOOP('',(#7130,#7131,#7132,#7133));
#923=EDGE_LOOP('',(#7134,#7135,#7136,#7137));
#924=EDGE_LOOP('',(#7138,#7139,#7140,#7141,#7142,#7143,#7144,#7145,#7146,
#7147,#7148,#7149,#7150,#7151,#7152));
#925=EDGE_LOOP('',(#7153,#7154,#7155,#7156,#7157,#7158,#7159,#7160,#7161,
#7162,#7163,#7164,#7165,#7166,#7167,#7168,#7169,#7170,#7171));
#926=EDGE_LOOP('',(#7172,#7173,#7174,#7175));
#927=EDGE_LOOP('',(#7176,#7177,#7178,#7179));
#928=EDGE_LOOP('',(#7180,#7181,#7182,#7183));
#929=EDGE_LOOP('',(#7184,#7185,#7186,#7187));
#930=EDGE_LOOP('',(#7188,#7189,#7190,#7191));
#931=EDGE_LOOP('',(#7192,#7193,#7194,#7195));
#932=EDGE_LOOP('',(#7196,#7197,#7198,#7199));
#933=EDGE_LOOP('',(#7200,#7201,#7202,#7203));
#934=EDGE_LOOP('',(#7204,#7205,#7206,#7207));
#935=EDGE_LOOP('',(#7208,#7209,#7210,#7211,#7212,#7213,#7214,#7215,#7216,
#7217,#7218,#7219,#7220,#7221,#7222,#7223,#7224,#7225,#7226,#7227,#7228,
#7229,#7230,#7231,#7232,#7233));
#936=EDGE_LOOP('',(#7234,#7235,#7236,#7237));
#937=EDGE_LOOP('',(#7238,#7239,#7240,#7241));
#938=EDGE_LOOP('',(#7242,#7243,#7244,#7245));
#939=EDGE_LOOP('',(#7246,#7247,#7248,#7249));
#940=EDGE_LOOP('',(#7250,#7251,#7252,#7253));
#941=EDGE_LOOP('',(#7254,#7255,#7256,#7257));
#942=EDGE_LOOP('',(#7258,#7259,#7260,#7261));
#943=EDGE_LOOP('',(#7262,#7263,#7264,#7265));
#944=EDGE_LOOP('',(#7266,#7267,#7268,#7269));
#945=EDGE_LOOP('',(#7270,#7271,#7272,#7273));
#946=EDGE_LOOP('',(#7274,#7275,#7276,#7277));
#947=EDGE_LOOP('',(#7278,#7279,#7280,#7281));
#948=EDGE_LOOP('',(#7282,#7283,#7284,#7285));
#949=EDGE_LOOP('',(#7286,#7287,#7288,#7289));
#950=EDGE_LOOP('',(#7290,#7291,#7292,#7293));
#951=EDGE_LOOP('',(#7294,#7295,#7296,#7297));
#952=EDGE_LOOP('',(#7298,#7299,#7300,#7301));
#953=EDGE_LOOP('',(#7302));
#954=EDGE_LOOP('',(#7303));
#955=EDGE_LOOP('',(#7304));
#956=EDGE_LOOP('',(#7305));
#957=EDGE_LOOP('',(#7306,#7307,#7308,#7309,#7310,#7311,#7312,#7313,#7314,
#7315,#7316,#7317));
#958=EDGE_LOOP('',(#7318,#7319,#7320,#7321));
#959=EDGE_LOOP('',(#7322,#7323,#7324,#7325));
#960=EDGE_LOOP('',(#7326,#7327,#7328,#7329));
#961=EDGE_LOOP('',(#7330,#7331,#7332,#7333));
#962=EDGE_LOOP('',(#7334,#7335,#7336,#7337));
#963=EDGE_LOOP('',(#7338,#7339,#7340,#7341));
#964=EDGE_LOOP('',(#7342,#7343,#7344,#7345));
#965=EDGE_LOOP('',(#7346,#7347,#7348,#7349));
#966=EDGE_LOOP('',(#7350,#7351,#7352,#7353));
#967=EDGE_LOOP('',(#7354,#7355,#7356,#7357));
#968=EDGE_LOOP('',(#7358,#7359,#7360,#7361));
#969=EDGE_LOOP('',(#7362,#7363,#7364,#7365));
#970=EDGE_LOOP('',(#7366,#7367,#7368,#7369));
#971=EDGE_LOOP('',(#7370,#7371,#7372,#7373));
#972=EDGE_LOOP('',(#7374,#7375,#7376,#7377,#7378,#7379,#7380,#7381,#7382,
#7383,#7384,#7385,#7386,#7387,#7388,#7389,#7390,#7391,#7392,#7393,#7394,
#7395));
#973=EDGE_LOOP('',(#7396,#7397,#7398,#7399,#7400,#7401));
#974=EDGE_LOOP('',(#7402,#7403,#7404,#7405));
#975=EDGE_LOOP('',(#7406,#7407,#7408,#7409));
#976=EDGE_LOOP('',(#7410,#7411,#7412,#7413));
#977=EDGE_LOOP('',(#7414,#7415,#7416,#7417));
#978=EDGE_LOOP('',(#7418,#7419,#7420,#7421));
#979=EDGE_LOOP('',(#7422,#7423,#7424,#7425));
#980=EDGE_LOOP('',(#7426,#7427,#7428,#7429,#7430,#7431));
#981=EDGE_LOOP('',(#7432,#7433,#7434,#7435));
#982=EDGE_LOOP('',(#7436,#7437,#7438,#7439));
#983=EDGE_LOOP('',(#7440,#7441,#7442,#7443));
#984=EDGE_LOOP('',(#7444,#7445,#7446,#7447));
#985=EDGE_LOOP('',(#7448,#7449,#7450,#7451));
#986=EDGE_LOOP('',(#7452,#7453,#7454,#7455));
#987=EDGE_LOOP('',(#7456,#7457,#7458,#7459));
#988=EDGE_LOOP('',(#7460,#7461,#7462,#7463));
#989=EDGE_LOOP('',(#7464,#7465,#7466,#7467));
#990=EDGE_LOOP('',(#7468,#7469,#7470,#7471));
#991=EDGE_LOOP('',(#7472,#7473,#7474,#7475));
#992=EDGE_LOOP('',(#7476,#7477,#7478,#7479));
#993=EDGE_LOOP('',(#7480,#7481,#7482,#7483,#7484,#7485));
#994=EDGE_LOOP('',(#7486,#7487,#7488,#7489));
#995=EDGE_LOOP('',(#7490,#7491,#7492,#7493));
#996=EDGE_LOOP('',(#7494,#7495,#7496,#7497,#7498,#7499,#7500,#7501,#7502,
#7503,#7504,#7505,#7506,#7507));
#997=EDGE_LOOP('',(#7508,#7509,#7510,#7511));
#998=EDGE_LOOP('',(#7512,#7513,#7514,#7515));
#999=EDGE_LOOP('',(#7516,#7517,#7518,#7519));
#1000=EDGE_LOOP('',(#7520,#7521,#7522,#7523));
#1001=EDGE_LOOP('',(#7524,#7525,#7526,#7527));
#1002=EDGE_LOOP('',(#7528,#7529,#7530,#7531));
#1003=EDGE_LOOP('',(#7532,#7533,#7534,#7535));
#1004=EDGE_LOOP('',(#7536,#7537,#7538,#7539));
#1005=EDGE_LOOP('',(#7540,#7541,#7542,#7543));
#1006=EDGE_LOOP('',(#7544,#7545,#7546,#7547));
#1007=EDGE_LOOP('',(#7548,#7549,#7550,#7551));
#1008=EDGE_LOOP('',(#7552,#7553,#7554,#7555));
#1009=EDGE_LOOP('',(#7556,#7557,#7558,#7559));
#1010=EDGE_LOOP('',(#7560,#7561,#7562,#7563));
#1011=EDGE_LOOP('',(#7564,#7565,#7566,#7567));
#1012=EDGE_LOOP('',(#7568,#7569,#7570,#7571));
#1013=EDGE_LOOP('',(#7572,#7573,#7574,#7575,#7576,#7577));
#1014=EDGE_LOOP('',(#7578,#7579,#7580,#7581));
#1015=EDGE_LOOP('',(#7582,#7583,#7584,#7585));
#1016=EDGE_LOOP('',(#7586,#7587,#7588,#7589));
#1017=EDGE_LOOP('',(#7590,#7591,#7592,#7593));
#1018=EDGE_LOOP('',(#7594,#7595,#7596,#7597));
#1019=EDGE_LOOP('',(#7598,#7599,#7600,#7601));
#1020=EDGE_LOOP('',(#7602,#7603,#7604,#7605,#7606,#7607,#7608,#7609,#7610,
#7611,#7612,#7613,#7614,#7615));
#1021=EDGE_LOOP('',(#7616,#7617,#7618,#7619,#7620,#7621));
#1022=EDGE_LOOP('',(#7622,#7623,#7624,#7625));
#1023=EDGE_LOOP('',(#7626,#7627,#7628,#7629));
#1024=EDGE_LOOP('',(#7630,#7631,#7632,#7633));
#1025=EDGE_LOOP('',(#7634,#7635,#7636,#7637));
#1026=EDGE_LOOP('',(#7638,#7639,#7640,#7641));
#1027=EDGE_LOOP('',(#7642,#7643,#7644,#7645));
#1028=EDGE_LOOP('',(#7646,#7647,#7648,#7649));
#1029=EDGE_LOOP('',(#7650,#7651,#7652,#7653));
#1030=EDGE_LOOP('',(#7654,#7655,#7656,#7657));
#1031=EDGE_LOOP('',(#7658,#7659,#7660,#7661,#7662,#7663));
#1032=EDGE_LOOP('',(#7664,#7665,#7666,#7667));
#1033=EDGE_LOOP('',(#7668,#7669,#7670,#7671));
#1034=EDGE_LOOP('',(#7672,#7673,#7674,#7675));
#1035=EDGE_LOOP('',(#7676,#7677,#7678,#7679));
#1036=EDGE_LOOP('',(#7680,#7681,#7682,#7683));
#1037=EDGE_LOOP('',(#7684,#7685,#7686,#7687));
#1038=EDGE_LOOP('',(#7688,#7689,#7690,#7691));
#1039=EDGE_LOOP('',(#7692,#7693,#7694,#7695));
#1040=EDGE_LOOP('',(#7696,#7697,#7698,#7699));
#1041=EDGE_LOOP('',(#7700,#7701,#7702,#7703,#7704,#7705,#7706,#7707,#7708,
#7709,#7710,#7711,#7712,#7713,#7714,#7715,#7716,#7717,#7718,#7719,#7720,
#7721));
#1042=EDGE_LOOP('',(#7722,#7723,#7724,#7725));
#1043=EDGE_LOOP('',(#7726,#7727,#7728,#7729));
#1044=EDGE_LOOP('',(#7730,#7731,#7732,#7733));
#1045=EDGE_LOOP('',(#7734,#7735,#7736,#7737));
#1046=EDGE_LOOP('',(#7738,#7739,#7740,#7741));
#1047=EDGE_LOOP('',(#7742,#7743,#7744,#7745));
#1048=EDGE_LOOP('',(#7746,#7747,#7748,#7749));
#1049=EDGE_LOOP('',(#7750,#7751,#7752,#7753));
#1050=EDGE_LOOP('',(#7754,#7755,#7756,#7757));
#1051=EDGE_LOOP('',(#7758,#7759,#7760,#7761));
#1052=EDGE_LOOP('',(#7762,#7763,#7764,#7765));
#1053=EDGE_LOOP('',(#7766,#7767,#7768,#7769));
#1054=EDGE_LOOP('',(#7770,#7771,#7772,#7773,#7774));
#1055=EDGE_LOOP('',(#7775,#7776,#7777,#7778));
#1056=EDGE_LOOP('',(#7779,#7780,#7781,#7782));
#1057=EDGE_LOOP('',(#7783,#7784,#7785,#7786));
#1058=EDGE_LOOP('',(#7787,#7788,#7789,#7790));
#1059=EDGE_LOOP('',(#7791,#7792,#7793,#7794));
#1060=EDGE_LOOP('',(#7795,#7796,#7797,#7798,#7799));
#1061=EDGE_LOOP('',(#7800,#7801,#7802,#7803));
#1062=EDGE_LOOP('',(#7804,#7805,#7806,#7807,#7808));
#1063=EDGE_LOOP('',(#7809,#7810,#7811,#7812,#7813));
#1064=EDGE_LOOP('',(#7814,#7815,#7816,#7817));
#1065=EDGE_LOOP('',(#7818,#7819,#7820,#7821));
#1066=EDGE_LOOP('',(#7822,#7823,#7824,#7825,#7826));
#1067=EDGE_LOOP('',(#7827,#7828,#7829,#7830));
#1068=EDGE_LOOP('',(#7831,#7832,#7833,#7834,#7835,#7836));
#1069=EDGE_LOOP('',(#7837,#7838,#7839,#7840));
#1070=EDGE_LOOP('',(#7841,#7842,#7843,#7844));
#1071=EDGE_LOOP('',(#7845,#7846,#7847,#7848));
#1072=EDGE_LOOP('',(#7849,#7850,#7851,#7852));
#1073=EDGE_LOOP('',(#7853,#7854,#7855,#7856));
#1074=EDGE_LOOP('',(#7857,#7858,#7859,#7860));
#1075=EDGE_LOOP('',(#7861,#7862,#7863,#7864));
#1076=EDGE_LOOP('',(#7865,#7866,#7867,#7868));
#1077=EDGE_LOOP('',(#7869,#7870,#7871,#7872));
#1078=EDGE_LOOP('',(#7873,#7874,#7875,#7876));
#1079=EDGE_LOOP('',(#7877,#7878,#7879,#7880));
#1080=EDGE_LOOP('',(#7881,#7882,#7883,#7884));
#1081=EDGE_LOOP('',(#7885,#7886,#7887,#7888));
#1082=EDGE_LOOP('',(#7889,#7890,#7891,#7892));
#1083=EDGE_LOOP('',(#7893,#7894,#7895,#7896));
#1084=EDGE_LOOP('',(#7897,#7898,#7899,#7900));
#1085=EDGE_LOOP('',(#7901,#7902,#7903,#7904));
#1086=EDGE_LOOP('',(#7905,#7906,#7907,#7908,#7909));
#1087=EDGE_LOOP('',(#7910,#7911,#7912,#7913,#7914,#7915,#7916));
#1088=EDGE_LOOP('',(#7917,#7918,#7919,#7920));
#1089=EDGE_LOOP('',(#7921,#7922,#7923,#7924));
#1090=EDGE_LOOP('',(#7925,#7926,#7927,#7928));
#1091=EDGE_LOOP('',(#7929,#7930,#7931,#7932,#7933,#7934,#7935,#7936,#7937,
#7938,#7939,#7940,#7941));
#1092=EDGE_LOOP('',(#7942,#7943,#7944,#7945));
#1093=EDGE_LOOP('',(#7946,#7947,#7948,#7949));
#1094=EDGE_LOOP('',(#7950,#7951,#7952,#7953));
#1095=EDGE_LOOP('',(#7954,#7955,#7956,#7957));
#1096=EDGE_LOOP('',(#7958,#7959,#7960,#7961));
#1097=EDGE_LOOP('',(#7962,#7963,#7964,#7965,#7966,#7967,#7968,#7969,#7970,
#7971));
#1098=EDGE_LOOP('',(#7972,#7973,#7974,#7975));
#1099=EDGE_LOOP('',(#7976,#7977,#7978,#7979));
#1100=EDGE_LOOP('',(#7980,#7981,#7982,#7983));
#1101=EDGE_LOOP('',(#7984,#7985,#7986,#7987));
#1102=EDGE_LOOP('',(#7988,#7989,#7990,#7991));
#1103=EDGE_LOOP('',(#7992,#7993,#7994,#7995));
#1104=EDGE_LOOP('',(#7996,#7997,#7998,#7999));
#1105=EDGE_LOOP('',(#8000,#8001,#8002,#8003));
#1106=EDGE_LOOP('',(#8004,#8005,#8006,#8007));
#1107=EDGE_LOOP('',(#8008,#8009,#8010,#8011));
#1108=EDGE_LOOP('',(#8012,#8013,#8014,#8015));
#1109=EDGE_LOOP('',(#8016,#8017,#8018,#8019));
#1110=EDGE_LOOP('',(#8020,#8021,#8022,#8023));
#1111=EDGE_LOOP('',(#8024,#8025,#8026,#8027));
#1112=EDGE_LOOP('',(#8028,#8029,#8030,#8031));
#1113=EDGE_LOOP('',(#8032,#8033,#8034,#8035));
#1114=EDGE_LOOP('',(#8036,#8037,#8038,#8039));
#1115=EDGE_LOOP('',(#8040,#8041,#8042,#8043));
#1116=EDGE_LOOP('',(#8044,#8045,#8046,#8047));
#1117=EDGE_LOOP('',(#8048,#8049,#8050,#8051));
#1118=EDGE_LOOP('',(#8052,#8053,#8054,#8055));
#1119=EDGE_LOOP('',(#8056,#8057,#8058,#8059));
#1120=EDGE_LOOP('',(#8060,#8061,#8062,#8063));
#1121=EDGE_LOOP('',(#8064,#8065,#8066,#8067));
#1122=EDGE_LOOP('',(#8068,#8069,#8070,#8071));
#1123=EDGE_LOOP('',(#8072,#8073,#8074,#8075));
#1124=EDGE_LOOP('',(#8076,#8077,#8078,#8079));
#1125=EDGE_LOOP('',(#8080,#8081,#8082,#8083,#8084));
#1126=EDGE_LOOP('',(#8085,#8086,#8087,#8088));
#1127=EDGE_LOOP('',(#8089,#8090,#8091,#8092));
#1128=EDGE_LOOP('',(#8093,#8094,#8095,#8096));
#1129=EDGE_LOOP('',(#8097,#8098,#8099,#8100));
#1130=EDGE_LOOP('',(#8101,#8102,#8103,#8104));
#1131=EDGE_LOOP('',(#8105,#8106,#8107,#8108));
#1132=EDGE_LOOP('',(#8109,#8110,#8111,#8112));
#1133=EDGE_LOOP('',(#8113,#8114,#8115,#8116));
#1134=EDGE_LOOP('',(#8117,#8118,#8119,#8120));
#1135=EDGE_LOOP('',(#8121,#8122,#8123,#8124));
#1136=EDGE_LOOP('',(#8125,#8126,#8127,#8128));
#1137=EDGE_LOOP('',(#8129,#8130,#8131,#8132));
#1138=EDGE_LOOP('',(#8133,#8134,#8135,#8136));
#1139=EDGE_LOOP('',(#8137,#8138,#8139,#8140));
#1140=EDGE_LOOP('',(#8141,#8142,#8143,#8144));
#1141=EDGE_LOOP('',(#8145,#8146,#8147,#8148));
#1142=EDGE_LOOP('',(#8149,#8150,#8151,#8152));
#1143=EDGE_LOOP('',(#8153,#8154,#8155,#8156));
#1144=EDGE_LOOP('',(#8157,#8158,#8159,#8160));
#1145=EDGE_LOOP('',(#8161,#8162,#8163,#8164));
#1146=EDGE_LOOP('',(#8165,#8166,#8167,#8168));
#1147=EDGE_LOOP('',(#8169,#8170,#8171,#8172));
#1148=EDGE_LOOP('',(#8173,#8174,#8175,#8176));
#1149=EDGE_LOOP('',(#8177,#8178,#8179,#8180));
#1150=EDGE_LOOP('',(#8181,#8182,#8183,#8184));
#1151=EDGE_LOOP('',(#8185,#8186,#8187,#8188));
#1152=EDGE_LOOP('',(#8189,#8190,#8191,#8192));
#1153=EDGE_LOOP('',(#8193,#8194,#8195,#8196));
#1154=EDGE_LOOP('',(#8197,#8198,#8199,#8200));
#1155=EDGE_LOOP('',(#8201,#8202,#8203,#8204));
#1156=EDGE_LOOP('',(#8205,#8206,#8207,#8208));
#1157=EDGE_LOOP('',(#8209,#8210,#8211,#8212));
#1158=EDGE_LOOP('',(#8213,#8214,#8215,#8216));
#1159=EDGE_LOOP('',(#8217,#8218,#8219,#8220));
#1160=EDGE_LOOP('',(#8221,#8222,#8223,#8224));
#1161=EDGE_LOOP('',(#8225,#8226,#8227,#8228));
#1162=EDGE_LOOP('',(#8229,#8230,#8231,#8232));
#1163=EDGE_LOOP('',(#8233,#8234,#8235,#8236));
#1164=EDGE_LOOP('',(#8237,#8238,#8239,#8240));
#1165=EDGE_LOOP('',(#8241,#8242,#8243,#8244));
#1166=EDGE_LOOP('',(#8245,#8246,#8247,#8248));
#1167=EDGE_LOOP('',(#8249,#8250,#8251,#8252));
#1168=EDGE_LOOP('',(#8253,#8254,#8255,#8256));
#1169=EDGE_LOOP('',(#8257,#8258,#8259,#8260));
#1170=EDGE_LOOP('',(#8261,#8262,#8263,#8264));
#1171=EDGE_LOOP('',(#8265,#8266,#8267,#8268));
#1172=EDGE_LOOP('',(#8269,#8270,#8271,#8272));
#1173=EDGE_LOOP('',(#8273,#8274,#8275,#8276));
#1174=EDGE_LOOP('',(#8277,#8278,#8279,#8280));
#1175=EDGE_LOOP('',(#8281,#8282,#8283,#8284));
#1176=EDGE_LOOP('',(#8285,#8286,#8287,#8288));
#1177=EDGE_LOOP('',(#8289,#8290,#8291,#8292));
#1178=EDGE_LOOP('',(#8293,#8294,#8295,#8296));
#1179=EDGE_LOOP('',(#8297,#8298,#8299,#8300));
#1180=EDGE_LOOP('',(#8301,#8302,#8303,#8304));
#1181=EDGE_LOOP('',(#8305,#8306,#8307,#8308));
#1182=EDGE_LOOP('',(#8309,#8310,#8311,#8312));
#1183=EDGE_LOOP('',(#8313,#8314,#8315,#8316));
#1184=EDGE_LOOP('',(#8317,#8318,#8319,#8320));
#1185=EDGE_LOOP('',(#8321,#8322,#8323,#8324));
#1186=EDGE_LOOP('',(#8325,#8326,#8327,#8328));
#1187=EDGE_LOOP('',(#8329,#8330,#8331,#8332));
#1188=EDGE_LOOP('',(#8333,#8334,#8335,#8336));
#1189=EDGE_LOOP('',(#8337,#8338,#8339,#8340));
#1190=EDGE_LOOP('',(#8341,#8342,#8343,#8344));
#1191=EDGE_LOOP('',(#8345,#8346,#8347,#8348));
#1192=EDGE_LOOP('',(#8349,#8350,#8351,#8352));
#1193=EDGE_LOOP('',(#8353,#8354,#8355,#8356));
#1194=EDGE_LOOP('',(#8357,#8358,#8359,#8360));
#1195=EDGE_LOOP('',(#8361,#8362,#8363,#8364,#8365,#8366,#8367,#8368,#8369,
#8370,#8371,#8372,#8373,#8374,#8375,#8376,#8377,#8378,#8379,#8380,#8381,
#8382,#8383,#8384,#8385));
#1196=EDGE_LOOP('',(#8386));
#1197=EDGE_LOOP('',(#8387));
#1198=EDGE_LOOP('',(#8388));
#1199=EDGE_LOOP('',(#8389,#8390,#8391,#8392));
#1200=EDGE_LOOP('',(#8393,#8394,#8395,#8396));
#1201=EDGE_LOOP('',(#8397,#8398,#8399,#8400));
#1202=EDGE_LOOP('',(#8401,#8402,#8403,#8404));
#1203=EDGE_LOOP('',(#8405,#8406,#8407,#8408));
#1204=EDGE_LOOP('',(#8409,#8410,#8411,#8412));
#1205=EDGE_LOOP('',(#8413,#8414,#8415,#8416));
#1206=EDGE_LOOP('',(#8417,#8418,#8419,#8420));
#1207=EDGE_LOOP('',(#8421,#8422,#8423,#8424));
#1208=EDGE_LOOP('',(#8425,#8426,#8427,#8428));
#1209=EDGE_LOOP('',(#8429,#8430,#8431,#8432));
#1210=EDGE_LOOP('',(#8433,#8434,#8435,#8436));
#1211=EDGE_LOOP('',(#8437,#8438,#8439,#8440));
#1212=EDGE_LOOP('',(#8441,#8442,#8443,#8444));
#1213=EDGE_LOOP('',(#8445,#8446,#8447,#8448));
#1214=EDGE_LOOP('',(#8449,#8450,#8451,#8452));
#1215=EDGE_LOOP('',(#8453,#8454,#8455,#8456));
#1216=EDGE_LOOP('',(#8457,#8458,#8459,#8460,#8461));
#1217=EDGE_LOOP('',(#8462,#8463,#8464,#8465,#8466,#8467,#8468,#8469,#8470,
#8471,#8472,#8473,#8474,#8475,#8476,#8477,#8478,#8479,#8480,#8481,#8482,
#8483,#8484,#8485,#8486,#8487,#8488,#8489,#8490,#8491,#8492,#8493,#8494,
#8495,#8496,#8497,#8498,#8499));
#1218=EDGE_LOOP('',(#8500,#8501,#8502,#8503));
#1219=EDGE_LOOP('',(#8504,#8505,#8506,#8507,#8508));
#1220=EDGE_LOOP('',(#8509,#8510,#8511));
#1221=EDGE_LOOP('',(#8512,#8513,#8514,#8515));
#1222=EDGE_LOOP('',(#8516,#8517,#8518,#8519));
#1223=EDGE_LOOP('',(#8520,#8521,#8522,#8523));
#1224=EDGE_LOOP('',(#8524,#8525,#8526,#8527));
#1225=EDGE_LOOP('',(#8528,#8529,#8530,#8531));
#1226=EDGE_LOOP('',(#8532,#8533,#8534,#8535));
#1227=EDGE_LOOP('',(#8536,#8537,#8538,#8539));
#1228=EDGE_LOOP('',(#8540,#8541,#8542,#8543));
#1229=EDGE_LOOP('',(#8544,#8545,#8546,#8547));
#1230=EDGE_LOOP('',(#8548,#8549,#8550,#8551));
#1231=EDGE_LOOP('',(#8552,#8553,#8554,#8555));
#1232=EDGE_LOOP('',(#8556,#8557,#8558,#8559));
#1233=EDGE_LOOP('',(#8560,#8561,#8562,#8563,#8564,#8565,#8566,#8567));
#1234=EDGE_LOOP('',(#8568,#8569,#8570,#8571));
#1235=EDGE_LOOP('',(#8572,#8573,#8574,#8575));
#1236=EDGE_LOOP('',(#8576,#8577,#8578,#8579,#8580));
#1237=EDGE_LOOP('',(#8581,#8582,#8583,#8584));
#1238=EDGE_LOOP('',(#8585,#8586,#8587,#8588));
#1239=EDGE_LOOP('',(#8589,#8590,#8591,#8592,#8593,#8594,#8595,#8596));
#1240=EDGE_LOOP('',(#8597,#8598,#8599,#8600,#8601));
#1241=EDGE_LOOP('',(#8602,#8603,#8604,#8605));
#1242=EDGE_LOOP('',(#8606,#8607,#8608,#8609,#8610,#8611,#8612,#8613));
#1243=EDGE_LOOP('',(#8614,#8615,#8616,#8617));
#1244=EDGE_LOOP('',(#8618,#8619,#8620,#8621,#8622,#8623,#8624,#8625,#8626,
#8627,#8628,#8629,#8630,#8631,#8632));
#1245=EDGE_LOOP('',(#8633,#8634,#8635,#8636,#8637,#8638,#8639,#8640,#8641,
#8642,#8643,#8644,#8645,#8646,#8647));
#1246=EDGE_LOOP('',(#8648,#8649,#8650,#8651));
#1247=EDGE_LOOP('',(#8652,#8653,#8654,#8655));
#1248=EDGE_LOOP('',(#8656,#8657,#8658,#8659));
#1249=EDGE_LOOP('',(#8660,#8661,#8662,#8663));
#1250=EDGE_LOOP('',(#8664,#8665,#8666,#8667));
#1251=EDGE_LOOP('',(#8668,#8669,#8670,#8671));
#1252=EDGE_LOOP('',(#8672,#8673,#8674,#8675));
#1253=EDGE_LOOP('',(#8676,#8677,#8678,#8679));
#1254=EDGE_LOOP('',(#8680,#8681,#8682,#8683));
#1255=EDGE_LOOP('',(#8684,#8685,#8686,#8687,#8688,#8689,#8690,#8691,#8692,
#8693,#8694,#8695,#8696,#8697,#8698));
#1256=EDGE_LOOP('',(#8699,#8700,#8701,#8702,#8703,#8704,#8705,#8706,#8707,
#8708,#8709,#8710,#8711,#8712,#8713,#8714,#8715,#8716,#8717));
#1257=EDGE_LOOP('',(#8718,#8719,#8720,#8721));
#1258=EDGE_LOOP('',(#8722,#8723,#8724,#8725));
#1259=EDGE_LOOP('',(#8726,#8727,#8728,#8729));
#1260=EDGE_LOOP('',(#8730,#8731,#8732,#8733));
#1261=EDGE_LOOP('',(#8734,#8735,#8736,#8737));
#1262=EDGE_LOOP('',(#8738,#8739,#8740,#8741));
#1263=EDGE_LOOP('',(#8742,#8743,#8744,#8745));
#1264=EDGE_LOOP('',(#8746,#8747,#8748,#8749));
#1265=EDGE_LOOP('',(#8750,#8751,#8752,#8753));
#1266=EDGE_LOOP('',(#8754,#8755,#8756,#8757,#8758,#8759,#8760,#8761,#8762,
#8763,#8764,#8765,#8766,#8767,#8768,#8769,#8770,#8771,#8772,#8773,#8774,
#8775,#8776,#8777,#8778,#8779));
#1267=EDGE_LOOP('',(#8780,#8781,#8782,#8783));
#1268=EDGE_LOOP('',(#8784,#8785,#8786,#8787));
#1269=EDGE_LOOP('',(#8788,#8789,#8790,#8791));
#1270=EDGE_LOOP('',(#8792,#8793,#8794,#8795));
#1271=EDGE_LOOP('',(#8796,#8797,#8798,#8799));
#1272=EDGE_LOOP('',(#8800,#8801,#8802,#8803));
#1273=EDGE_LOOP('',(#8804,#8805,#8806,#8807));
#1274=EDGE_LOOP('',(#8808,#8809,#8810,#8811));
#1275=EDGE_LOOP('',(#8812,#8813,#8814,#8815));
#1276=EDGE_LOOP('',(#8816,#8817,#8818,#8819));
#1277=EDGE_LOOP('',(#8820,#8821,#8822,#8823));
#1278=EDGE_LOOP('',(#8824,#8825,#8826,#8827));
#1279=EDGE_LOOP('',(#8828,#8829,#8830,#8831));
#1280=EDGE_LOOP('',(#8832,#8833,#8834,#8835));
#1281=EDGE_LOOP('',(#8836,#8837,#8838,#8839));
#1282=EDGE_LOOP('',(#8840,#8841,#8842,#8843));
#1283=EDGE_LOOP('',(#8844,#8845,#8846,#8847));
#1284=EDGE_LOOP('',(#8848));
#1285=EDGE_LOOP('',(#8849));
#1286=EDGE_LOOP('',(#8850));
#1287=EDGE_LOOP('',(#8851));
#1288=EDGE_LOOP('',(#8852,#8853,#8854,#8855,#8856,#8857,#8858,#8859,#8860,
#8861,#8862,#8863));
#1289=EDGE_LOOP('',(#8864,#8865,#8866,#8867));
#1290=EDGE_LOOP('',(#8868,#8869,#8870,#8871));
#1291=EDGE_LOOP('',(#8872,#8873,#8874,#8875));
#1292=EDGE_LOOP('',(#8876,#8877,#8878,#8879));
#1293=EDGE_LOOP('',(#8880,#8881,#8882,#8883));
#1294=EDGE_LOOP('',(#8884,#8885,#8886,#8887));
#1295=EDGE_LOOP('',(#8888,#8889,#8890,#8891));
#1296=EDGE_LOOP('',(#8892,#8893,#8894,#8895));
#1297=EDGE_LOOP('',(#8896,#8897,#8898,#8899));
#1298=EDGE_LOOP('',(#8900,#8901,#8902,#8903));
#1299=EDGE_LOOP('',(#8904,#8905,#8906,#8907));
#1300=EDGE_LOOP('',(#8908,#8909,#8910,#8911));
#1301=EDGE_LOOP('',(#8912,#8913,#8914,#8915));
#1302=EDGE_LOOP('',(#8916,#8917,#8918,#8919));
#1303=EDGE_LOOP('',(#8920,#8921,#8922,#8923,#8924,#8925,#8926,#8927,#8928,
#8929,#8930,#8931,#8932,#8933,#8934,#8935,#8936,#8937,#8938,#8939,#8940,
#8941));
#1304=EDGE_LOOP('',(#8942,#8943,#8944,#8945,#8946,#8947));
#1305=EDGE_LOOP('',(#8948,#8949,#8950,#8951));
#1306=EDGE_LOOP('',(#8952,#8953,#8954,#8955));
#1307=EDGE_LOOP('',(#8956,#8957,#8958,#8959));
#1308=EDGE_LOOP('',(#8960,#8961,#8962,#8963));
#1309=EDGE_LOOP('',(#8964,#8965,#8966,#8967));
#1310=EDGE_LOOP('',(#8968,#8969,#8970,#8971));
#1311=EDGE_LOOP('',(#8972,#8973,#8974,#8975,#8976,#8977));
#1312=EDGE_LOOP('',(#8978,#8979,#8980,#8981));
#1313=EDGE_LOOP('',(#8982,#8983,#8984,#8985));
#1314=EDGE_LOOP('',(#8986,#8987,#8988,#8989));
#1315=EDGE_LOOP('',(#8990,#8991,#8992,#8993));
#1316=EDGE_LOOP('',(#8994,#8995,#8996,#8997));
#1317=EDGE_LOOP('',(#8998,#8999,#9000,#9001));
#1318=EDGE_LOOP('',(#9002,#9003,#9004,#9005));
#1319=EDGE_LOOP('',(#9006,#9007,#9008,#9009));
#1320=EDGE_LOOP('',(#9010,#9011,#9012,#9013));
#1321=EDGE_LOOP('',(#9014,#9015,#9016,#9017));
#1322=EDGE_LOOP('',(#9018,#9019,#9020,#9021));
#1323=EDGE_LOOP('',(#9022,#9023,#9024,#9025));
#1324=EDGE_LOOP('',(#9026,#9027,#9028,#9029,#9030,#9031));
#1325=EDGE_LOOP('',(#9032,#9033,#9034,#9035));
#1326=EDGE_LOOP('',(#9036,#9037,#9038,#9039));
#1327=EDGE_LOOP('',(#9040,#9041,#9042,#9043,#9044,#9045,#9046,#9047,#9048,
#9049,#9050,#9051,#9052,#9053));
#1328=EDGE_LOOP('',(#9054,#9055,#9056,#9057));
#1329=EDGE_LOOP('',(#9058,#9059,#9060,#9061));
#1330=EDGE_LOOP('',(#9062,#9063,#9064,#9065));
#1331=EDGE_LOOP('',(#9066,#9067,#9068,#9069));
#1332=EDGE_LOOP('',(#9070,#9071,#9072,#9073));
#1333=EDGE_LOOP('',(#9074,#9075,#9076,#9077));
#1334=EDGE_LOOP('',(#9078,#9079,#9080,#9081));
#1335=EDGE_LOOP('',(#9082,#9083,#9084,#9085));
#1336=EDGE_LOOP('',(#9086,#9087,#9088,#9089));
#1337=EDGE_LOOP('',(#9090,#9091,#9092,#9093));
#1338=EDGE_LOOP('',(#9094,#9095,#9096,#9097));
#1339=EDGE_LOOP('',(#9098,#9099,#9100,#9101));
#1340=EDGE_LOOP('',(#9102,#9103,#9104,#9105));
#1341=EDGE_LOOP('',(#9106,#9107,#9108,#9109));
#1342=EDGE_LOOP('',(#9110,#9111,#9112,#9113));
#1343=EDGE_LOOP('',(#9114,#9115,#9116,#9117));
#1344=EDGE_LOOP('',(#9118,#9119,#9120,#9121,#9122,#9123));
#1345=EDGE_LOOP('',(#9124,#9125,#9126,#9127));
#1346=EDGE_LOOP('',(#9128,#9129,#9130,#9131));
#1347=EDGE_LOOP('',(#9132,#9133,#9134,#9135));
#1348=EDGE_LOOP('',(#9136,#9137,#9138,#9139));
#1349=EDGE_LOOP('',(#9140,#9141,#9142,#9143));
#1350=EDGE_LOOP('',(#9144,#9145,#9146,#9147));
#1351=EDGE_LOOP('',(#9148,#9149,#9150,#9151,#9152,#9153,#9154,#9155,#9156,
#9157,#9158,#9159,#9160,#9161));
#1352=EDGE_LOOP('',(#9162,#9163,#9164,#9165,#9166,#9167));
#1353=EDGE_LOOP('',(#9168,#9169,#9170,#9171));
#1354=EDGE_LOOP('',(#9172,#9173,#9174,#9175));
#1355=EDGE_LOOP('',(#9176,#9177,#9178,#9179));
#1356=EDGE_LOOP('',(#9180,#9181,#9182,#9183));
#1357=EDGE_LOOP('',(#9184,#9185,#9186,#9187));
#1358=EDGE_LOOP('',(#9188,#9189,#9190,#9191));
#1359=EDGE_LOOP('',(#9192,#9193,#9194,#9195));
#1360=EDGE_LOOP('',(#9196,#9197,#9198,#9199));
#1361=EDGE_LOOP('',(#9200,#9201,#9202,#9203));
#1362=EDGE_LOOP('',(#9204,#9205,#9206,#9207,#9208,#9209));
#1363=EDGE_LOOP('',(#9210,#9211,#9212,#9213));
#1364=EDGE_LOOP('',(#9214,#9215,#9216,#9217));
#1365=EDGE_LOOP('',(#9218,#9219,#9220,#9221));
#1366=EDGE_LOOP('',(#9222,#9223,#9224,#9225));
#1367=EDGE_LOOP('',(#9226,#9227,#9228,#9229));
#1368=EDGE_LOOP('',(#9230,#9231,#9232,#9233));
#1369=EDGE_LOOP('',(#9234,#9235,#9236,#9237));
#1370=EDGE_LOOP('',(#9238,#9239,#9240,#9241));
#1371=EDGE_LOOP('',(#9242,#9243,#9244,#9245));
#1372=EDGE_LOOP('',(#9246,#9247,#9248,#9249,#9250,#9251,#9252,#9253,#9254,
#9255,#9256,#9257,#9258,#9259,#9260,#9261,#9262,#9263,#9264,#9265,#9266,
#9267));
#1373=EDGE_LOOP('',(#9268,#9269,#9270,#9271));
#1374=EDGE_LOOP('',(#9272,#9273,#9274,#9275));
#1375=EDGE_LOOP('',(#9276,#9277,#9278,#9279));
#1376=EDGE_LOOP('',(#9280,#9281,#9282,#9283));
#1377=EDGE_LOOP('',(#9284,#9285,#9286,#9287));
#1378=EDGE_LOOP('',(#9288,#9289,#9290,#9291));
#1379=EDGE_LOOP('',(#9292,#9293,#9294,#9295));
#1380=EDGE_LOOP('',(#9296,#9297,#9298,#9299));
#1381=EDGE_LOOP('',(#9300,#9301,#9302,#9303));
#1382=EDGE_LOOP('',(#9304,#9305,#9306,#9307));
#1383=EDGE_LOOP('',(#9308,#9309,#9310,#9311));
#1384=EDGE_LOOP('',(#9312,#9313,#9314,#9315));
#1385=EDGE_LOOP('',(#9316,#9317,#9318,#9319,#9320));
#1386=EDGE_LOOP('',(#9321,#9322,#9323,#9324));
#1387=EDGE_LOOP('',(#9325,#9326,#9327,#9328));
#1388=EDGE_LOOP('',(#9329,#9330,#9331,#9332));
#1389=EDGE_LOOP('',(#9333,#9334,#9335,#9336));
#1390=EDGE_LOOP('',(#9337,#9338,#9339,#9340));
#1391=EDGE_LOOP('',(#9341,#9342,#9343,#9344,#9345));
#1392=EDGE_LOOP('',(#9346,#9347,#9348,#9349));
#1393=EDGE_LOOP('',(#9350,#9351,#9352,#9353,#9354));
#1394=EDGE_LOOP('',(#9355,#9356,#9357,#9358,#9359));
#1395=EDGE_LOOP('',(#9360,#9361,#9362,#9363));
#1396=EDGE_LOOP('',(#9364,#9365,#9366,#9367));
#1397=EDGE_LOOP('',(#9368,#9369,#9370,#9371,#9372));
#1398=EDGE_LOOP('',(#9373,#9374,#9375,#9376));
#1399=EDGE_LOOP('',(#9377,#9378,#9379,#9380,#9381,#9382));
#1400=EDGE_LOOP('',(#9383,#9384,#9385,#9386));
#1401=EDGE_LOOP('',(#9387,#9388,#9389,#9390));
#1402=EDGE_LOOP('',(#9391,#9392,#9393,#9394));
#1403=EDGE_LOOP('',(#9395,#9396,#9397,#9398));
#1404=EDGE_LOOP('',(#9399,#9400,#9401,#9402));
#1405=EDGE_LOOP('',(#9403,#9404,#9405,#9406));
#1406=EDGE_LOOP('',(#9407,#9408,#9409,#9410));
#1407=EDGE_LOOP('',(#9411,#9412,#9413,#9414));
#1408=EDGE_LOOP('',(#9415,#9416,#9417,#9418));
#1409=EDGE_LOOP('',(#9419,#9420,#9421,#9422));
#1410=EDGE_LOOP('',(#9423,#9424,#9425,#9426));
#1411=EDGE_LOOP('',(#9427,#9428,#9429,#9430));
#1412=EDGE_LOOP('',(#9431,#9432,#9433,#9434));
#1413=EDGE_LOOP('',(#9435,#9436,#9437,#9438));
#1414=EDGE_LOOP('',(#9439,#9440,#9441,#9442));
#1415=EDGE_LOOP('',(#9443,#9444,#9445,#9446));
#1416=EDGE_LOOP('',(#9447,#9448,#9449,#9450));
#1417=EDGE_LOOP('',(#9451,#9452,#9453,#9454,#9455));
#1418=EDGE_LOOP('',(#9456,#9457,#9458,#9459,#9460,#9461,#9462));
#1419=EDGE_LOOP('',(#9463,#9464,#9465,#9466));
#1420=EDGE_LOOP('',(#9467,#9468,#9469,#9470));
#1421=EDGE_LOOP('',(#9471,#9472,#9473,#9474));
#1422=EDGE_LOOP('',(#9475,#9476,#9477,#9478,#9479,#9480,#9481,#9482,#9483,
#9484,#9485,#9486,#9487));
#1423=EDGE_LOOP('',(#9488,#9489,#9490,#9491));
#1424=EDGE_LOOP('',(#9492,#9493,#9494,#9495));
#1425=EDGE_LOOP('',(#9496,#9497,#9498,#9499));
#1426=EDGE_LOOP('',(#9500,#9501,#9502,#9503));
#1427=EDGE_LOOP('',(#9504,#9505,#9506,#9507));
#1428=EDGE_LOOP('',(#9508,#9509,#9510,#9511,#9512,#9513,#9514,#9515,#9516,
#9517));
#1429=EDGE_LOOP('',(#9518,#9519,#9520,#9521));
#1430=EDGE_LOOP('',(#9522,#9523,#9524,#9525));
#1431=EDGE_LOOP('',(#9526,#9527,#9528,#9529));
#1432=EDGE_LOOP('',(#9530,#9531,#9532,#9533));
#1433=EDGE_LOOP('',(#9534,#9535,#9536,#9537));
#1434=EDGE_LOOP('',(#9538,#9539,#9540,#9541));
#1435=EDGE_LOOP('',(#9542,#9543,#9544,#9545));
#1436=EDGE_LOOP('',(#9546,#9547,#9548,#9549));
#1437=EDGE_LOOP('',(#9550,#9551,#9552,#9553));
#1438=EDGE_LOOP('',(#9554,#9555,#9556,#9557));
#1439=EDGE_LOOP('',(#9558,#9559,#9560,#9561));
#1440=EDGE_LOOP('',(#9562,#9563,#9564,#9565));
#1441=EDGE_LOOP('',(#9566,#9567,#9568,#9569));
#1442=EDGE_LOOP('',(#9570,#9571,#9572,#9573));
#1443=EDGE_LOOP('',(#9574,#9575,#9576,#9577));
#1444=EDGE_LOOP('',(#9578,#9579,#9580,#9581));
#1445=EDGE_LOOP('',(#9582,#9583,#9584,#9585));
#1446=EDGE_LOOP('',(#9586,#9587,#9588,#9589));
#1447=EDGE_LOOP('',(#9590,#9591,#9592,#9593));
#1448=EDGE_LOOP('',(#9594,#9595,#9596,#9597));
#1449=EDGE_LOOP('',(#9598,#9599,#9600,#9601));
#1450=EDGE_LOOP('',(#9602,#9603,#9604,#9605));
#1451=EDGE_LOOP('',(#9606,#9607,#9608,#9609));
#1452=EDGE_LOOP('',(#9610,#9611,#9612,#9613));
#1453=EDGE_LOOP('',(#9614,#9615,#9616,#9617));
#1454=EDGE_LOOP('',(#9618,#9619,#9620,#9621));
#1455=EDGE_LOOP('',(#9622,#9623,#9624,#9625));
#1456=EDGE_LOOP('',(#9626,#9627,#9628,#9629,#9630));
#1457=EDGE_LOOP('',(#9631,#9632,#9633,#9634));
#1458=EDGE_LOOP('',(#9635,#9636,#9637,#9638));
#1459=EDGE_LOOP('',(#9639,#9640,#9641,#9642));
#1460=EDGE_LOOP('',(#9643,#9644,#9645,#9646));
#1461=EDGE_LOOP('',(#9647,#9648,#9649,#9650));
#1462=EDGE_LOOP('',(#9651,#9652,#9653,#9654));
#1463=EDGE_LOOP('',(#9655,#9656,#9657,#9658));
#1464=EDGE_LOOP('',(#9659,#9660,#9661,#9662));
#1465=EDGE_LOOP('',(#9663,#9664,#9665,#9666));
#1466=EDGE_LOOP('',(#9667,#9668,#9669,#9670));
#1467=EDGE_LOOP('',(#9671,#9672,#9673,#9674));
#1468=EDGE_LOOP('',(#9675,#9676,#9677,#9678));
#1469=EDGE_LOOP('',(#9679,#9680,#9681,#9682));
#1470=EDGE_LOOP('',(#9683,#9684,#9685,#9686));
#1471=EDGE_LOOP('',(#9687,#9688,#9689,#9690));
#1472=EDGE_LOOP('',(#9691,#9692,#9693,#9694));
#1473=EDGE_LOOP('',(#9695,#9696,#9697,#9698));
#1474=EDGE_LOOP('',(#9699,#9700,#9701,#9702));
#1475=EDGE_LOOP('',(#9703,#9704,#9705,#9706));
#1476=EDGE_LOOP('',(#9707,#9708,#9709,#9710));
#1477=EDGE_LOOP('',(#9711,#9712,#9713,#9714));
#1478=EDGE_LOOP('',(#9715,#9716,#9717,#9718));
#1479=EDGE_LOOP('',(#9719,#9720,#9721,#9722));
#1480=EDGE_LOOP('',(#9723,#9724,#9725,#9726));
#1481=EDGE_LOOP('',(#9727,#9728,#9729,#9730));
#1482=EDGE_LOOP('',(#9731,#9732,#9733,#9734));
#1483=EDGE_LOOP('',(#9735,#9736,#9737,#9738));
#1484=EDGE_LOOP('',(#9739,#9740,#9741,#9742));
#1485=EDGE_LOOP('',(#9743,#9744,#9745,#9746));
#1486=EDGE_LOOP('',(#9747,#9748,#9749,#9750));
#1487=EDGE_LOOP('',(#9751,#9752,#9753,#9754));
#1488=EDGE_LOOP('',(#9755,#9756,#9757,#9758));
#1489=EDGE_LOOP('',(#9759,#9760,#9761,#9762));
#1490=EDGE_LOOP('',(#9763,#9764,#9765,#9766));
#1491=EDGE_LOOP('',(#9767,#9768,#9769,#9770));
#1492=EDGE_LOOP('',(#9771,#9772,#9773,#9774));
#1493=EDGE_LOOP('',(#9775,#9776,#9777,#9778));
#1494=EDGE_LOOP('',(#9779,#9780,#9781,#9782));
#1495=EDGE_LOOP('',(#9783,#9784,#9785,#9786));
#1496=EDGE_LOOP('',(#9787,#9788,#9789,#9790));
#1497=EDGE_LOOP('',(#9791,#9792,#9793,#9794));
#1498=EDGE_LOOP('',(#9795,#9796,#9797,#9798));
#1499=EDGE_LOOP('',(#9799,#9800,#9801,#9802));
#1500=EDGE_LOOP('',(#9803,#9804,#9805,#9806));
#1501=EDGE_LOOP('',(#9807,#9808,#9809,#9810));
#1502=EDGE_LOOP('',(#9811,#9812,#9813,#9814));
#1503=EDGE_LOOP('',(#9815,#9816,#9817,#9818));
#1504=EDGE_LOOP('',(#9819,#9820,#9821,#9822));
#1505=EDGE_LOOP('',(#9823,#9824,#9825,#9826));
#1506=EDGE_LOOP('',(#9827,#9828,#9829,#9830));
#1507=EDGE_LOOP('',(#9831,#9832,#9833,#9834));
#1508=EDGE_LOOP('',(#9835,#9836,#9837,#9838));
#1509=EDGE_LOOP('',(#9839,#9840,#9841,#9842));
#1510=EDGE_LOOP('',(#9843,#9844,#9845,#9846));
#1511=EDGE_LOOP('',(#9847,#9848,#9849,#9850));
#1512=EDGE_LOOP('',(#9851,#9852,#9853,#9854));
#1513=EDGE_LOOP('',(#9855,#9856,#9857,#9858));
#1514=EDGE_LOOP('',(#9859,#9860,#9861,#9862));
#1515=EDGE_LOOP('',(#9863,#9864,#9865,#9866));
#1516=EDGE_LOOP('',(#9867,#9868,#9869,#9870));
#1517=EDGE_LOOP('',(#9871,#9872,#9873,#9874));
#1518=EDGE_LOOP('',(#9875,#9876,#9877,#9878));
#1519=EDGE_LOOP('',(#9879,#9880,#9881,#9882));
#1520=EDGE_LOOP('',(#9883,#9884,#9885,#9886));
#1521=EDGE_LOOP('',(#9887,#9888,#9889,#9890));
#1522=EDGE_LOOP('',(#9891,#9892,#9893,#9894));
#1523=EDGE_LOOP('',(#9895,#9896,#9897,#9898));
#1524=EDGE_LOOP('',(#9899,#9900,#9901,#9902));
#1525=EDGE_LOOP('',(#9903,#9904,#9905,#9906));
#1526=EDGE_LOOP('',(#9907,#9908,#9909,#9910,#9911,#9912,#9913,#9914,#9915,
#9916,#9917,#9918,#9919,#9920,#9921,#9922,#9923,#9924,#9925,#9926,#9927,
#9928,#9929,#9930,#9931));
#1527=EDGE_LOOP('',(#9932));
#1528=EDGE_LOOP('',(#9933));
#1529=EDGE_LOOP('',(#9934));
#1530=EDGE_LOOP('',(#9935,#9936,#9937,#9938));
#1531=EDGE_LOOP('',(#9939,#9940,#9941,#9942));
#1532=EDGE_LOOP('',(#9943,#9944,#9945,#9946));
#1533=EDGE_LOOP('',(#9947,#9948,#9949,#9950));
#1534=EDGE_LOOP('',(#9951,#9952,#9953,#9954));
#1535=EDGE_LOOP('',(#9955,#9956,#9957,#9958));
#1536=EDGE_LOOP('',(#9959,#9960,#9961,#9962));
#1537=EDGE_LOOP('',(#9963,#9964,#9965,#9966));
#1538=EDGE_LOOP('',(#9967,#9968,#9969,#9970));
#1539=EDGE_LOOP('',(#9971,#9972,#9973,#9974));
#1540=EDGE_LOOP('',(#9975,#9976,#9977,#9978));
#1541=EDGE_LOOP('',(#9979,#9980,#9981,#9982));
#1542=EDGE_LOOP('',(#9983,#9984,#9985,#9986));
#1543=EDGE_LOOP('',(#9987,#9988,#9989,#9990));
#1544=EDGE_LOOP('',(#9991,#9992,#9993,#9994));
#1545=EDGE_LOOP('',(#9995,#9996,#9997,#9998));
#1546=EDGE_LOOP('',(#9999,#10000,#10001,#10002));
#1547=LINE('',#14566,#2961);
#1548=LINE('',#14568,#2962);
#1549=LINE('',#14570,#2963);
#1550=LINE('',#14571,#2964);
#1551=LINE('',#14574,#2965);
#1552=LINE('',#14578,#2966);
#1553=LINE('',#14580,#2967);
#1554=LINE('',#14582,#2968);
#1555=LINE('',#14584,#2969);
#1556=LINE('',#14588,#2970);
#1557=LINE('',#14592,#2971);
#1558=LINE('',#14596,#2972);
#1559=LINE('',#14600,#2973);
#1560=LINE('',#14604,#2974);
#1561=LINE('',#14606,#2975);
#1562=LINE('',#14608,#2976);
#1563=LINE('',#14610,#2977);
#1564=LINE('',#14612,#2978);
#1565=LINE('',#14616,#2979);
#1566=LINE('',#14618,#2980);
#1567=LINE('',#14620,#2981);
#1568=LINE('',#14622,#2982);
#1569=LINE('',#14624,#2983);
#1570=LINE('',#14626,#2984);
#1571=LINE('',#14628,#2985);
#1572=LINE('',#14630,#2986);
#1573=LINE('',#14632,#2987);
#1574=LINE('',#14634,#2988);
#1575=LINE('',#14636,#2989);
#1576=LINE('',#14638,#2990);
#1577=LINE('',#14640,#2991);
#1578=LINE('',#14642,#2992);
#1579=LINE('',#14644,#2993);
#1580=LINE('',#14645,#2994);
#1581=LINE('',#14648,#2995);
#1582=LINE('',#14650,#2996);
#1583=LINE('',#14652,#2997);
#1584=LINE('',#14653,#2998);
#1585=LINE('',#14656,#2999);
#1586=LINE('',#14659,#3000);
#1587=LINE('',#14661,#3001);
#1588=LINE('',#14665,#3002);
#1589=LINE('',#14666,#3003);
#1590=LINE('',#14667,#3004);
#1591=LINE('',#14671,#3005);
#1592=LINE('',#14672,#3006);
#1593=LINE('',#14673,#3007);
#1594=LINE('',#14676,#3008);
#1595=LINE('',#14677,#3009);
#1596=LINE('',#14680,#3010);
#1597=LINE('',#14681,#3011);
#1598=LINE('',#14683,#3012);
#1599=LINE('',#14687,#3013);
#1600=LINE('',#14690,#3014);
#1601=LINE('',#14691,#3015);
#1602=LINE('',#14695,#3016);
#1603=LINE('',#14698,#3017);
#1604=LINE('',#14699,#3018);
#1605=LINE('',#14703,#3019);
#1606=LINE('',#14706,#3020);
#1607=LINE('',#14707,#3021);
#1608=LINE('',#14711,#3022);
#1609=LINE('',#14715,#3023);
#1610=LINE('',#14717,#3024);
#1611=LINE('',#14718,#3025);
#1612=LINE('',#14720,#3026);
#1613=LINE('',#14722,#3027);
#1614=LINE('',#14723,#3028);
#1615=LINE('',#14727,#3029);
#1616=LINE('',#14729,#3030);
#1617=LINE('',#14732,#3031);
#1618=LINE('',#14734,#3032);
#1619=LINE('',#14735,#3033);
#1620=LINE('',#14738,#3034);
#1621=LINE('',#14739,#3035);
#1622=LINE('',#14742,#3036);
#1623=LINE('',#14745,#3037);
#1624=LINE('',#14748,#3038);
#1625=LINE('',#14750,#3039);
#1626=LINE('',#14751,#3040);
#1627=LINE('',#14753,#3041);
#1628=LINE('',#14754,#3042);
#1629=LINE('',#14757,#3043);
#1630=LINE('',#14759,#3044);
#1631=LINE('',#14760,#3045);
#1632=LINE('',#14763,#3046);
#1633=LINE('',#14764,#3047);
#1634=LINE('',#14767,#3048);
#1635=LINE('',#14768,#3049);
#1636=LINE('',#14770,#3050);
#1637=LINE('',#14771,#3051);
#1638=LINE('',#14774,#3052);
#1639=LINE('',#14778,#3053);
#1640=LINE('',#14784,#3054);
#1641=LINE('',#14788,#3055);
#1642=LINE('',#14792,#3056);
#1643=LINE('',#14796,#3057);
#1644=LINE('',#14798,#3058);
#1645=LINE('',#14800,#3059);
#1646=LINE('',#14802,#3060);
#1647=LINE('',#14806,#3061);
#1648=LINE('',#14810,#3062);
#1649=LINE('',#14812,#3063);
#1650=LINE('',#14814,#3064);
#1651=LINE('',#14816,#3065);
#1652=LINE('',#14820,#3066);
#1653=LINE('',#14824,#3067);
#1654=LINE('',#14828,#3068);
#1655=LINE('',#14832,#3069);
#1656=LINE('',#14835,#3070);
#1657=LINE('',#14836,#3071);
#1658=LINE('',#14838,#3072);
#1659=LINE('',#14840,#3073);
#1660=LINE('',#14841,#3074);
#1661=LINE('',#14843,#3075);
#1662=LINE('',#14845,#3076);
#1663=LINE('',#14847,#3077);
#1664=LINE('',#14850,#3078);
#1665=LINE('',#14855,#3079);
#1666=LINE('',#14856,#3080);
#1667=LINE('',#14859,#3081);
#1668=LINE('',#14863,#3082);
#1669=LINE('',#14867,#3083);
#1670=LINE('',#14871,#3084);
#1671=LINE('',#14875,#3085);
#1672=LINE('',#14879,#3086);
#1673=LINE('',#14881,#3087);
#1674=LINE('',#14883,#3088);
#1675=LINE('',#14884,#3089);
#1676=LINE('',#14887,#3090);
#1677=LINE('',#14889,#3091);
#1678=LINE('',#14893,#3092);
#1679=LINE('',#14895,#3093);
#1680=LINE('',#14897,#3094);
#1681=LINE('',#14899,#3095);
#1682=LINE('',#14903,#3096);
#1683=LINE('',#14907,#3097);
#1684=LINE('',#14911,#3098);
#1685=LINE('',#14915,#3099);
#1686=LINE('',#14919,#3100);
#1687=LINE('',#14921,#3101);
#1688=LINE('',#14922,#3102);
#1689=LINE('',#14924,#3103);
#1690=LINE('',#14926,#3104);
#1691=LINE('',#14928,#3105);
#1692=LINE('',#14929,#3106);
#1693=LINE('',#14931,#3107);
#1694=LINE('',#14933,#3108);
#1695=LINE('',#14935,#3109);
#1696=LINE('',#14936,#3110);
#1697=LINE('',#14938,#3111);
#1698=LINE('',#14940,#3112);
#1699=LINE('',#14945,#3113);
#1700=LINE('',#14946,#3114);
#1701=LINE('',#14949,#3115);
#1702=LINE('',#14951,#3116);
#1703=LINE('',#14953,#3117);
#1704=LINE('',#14955,#3118);
#1705=LINE('',#14957,#3119);
#1706=LINE('',#14961,#3120);
#1707=LINE('',#14963,#3121);
#1708=LINE('',#14965,#3122);
#1709=LINE('',#14967,#3123);
#1710=LINE('',#14971,#3124);
#1711=LINE('',#14975,#3125);
#1712=LINE('',#14979,#3126);
#1713=LINE('',#14983,#3127);
#1714=LINE('',#14985,#3128);
#1715=LINE('',#14987,#3129);
#1716=LINE('',#14989,#3130);
#1717=LINE('',#14991,#3131);
#1718=LINE('',#14993,#3132);
#1719=LINE('',#14995,#3133);
#1720=LINE('',#14996,#3134);
#1721=LINE('',#14999,#3135);
#1722=LINE('',#15001,#3136);
#1723=LINE('',#15003,#3137);
#1724=LINE('',#15004,#3138);
#1725=LINE('',#15007,#3139);
#1726=LINE('',#15009,#3140);
#1727=LINE('',#15011,#3141);
#1728=LINE('',#15012,#3142);
#1729=LINE('',#15015,#3143);
#1730=LINE('',#15017,#3144);
#1731=LINE('',#15019,#3145);
#1732=LINE('',#15020,#3146);
#1733=LINE('',#15023,#3147);
#1734=LINE('',#15025,#3148);
#1735=LINE('',#15027,#3149);
#1736=LINE('',#15028,#3150);
#1737=LINE('',#15031,#3151);
#1738=LINE('',#15033,#3152);
#1739=LINE('',#15035,#3153);
#1740=LINE('',#15036,#3154);
#1741=LINE('',#15039,#3155);
#1742=LINE('',#15041,#3156);
#1743=LINE('',#15043,#3157);
#1744=LINE('',#15044,#3158);
#1745=LINE('',#15047,#3159);
#1746=LINE('',#15049,#3160);
#1747=LINE('',#15051,#3161);
#1748=LINE('',#15052,#3162);
#1749=LINE('',#15055,#3163);
#1750=LINE('',#15057,#3164);
#1751=LINE('',#15059,#3165);
#1752=LINE('',#15060,#3166);
#1753=LINE('',#15063,#3167);
#1754=LINE('',#15065,#3168);
#1755=LINE('',#15067,#3169);
#1756=LINE('',#15068,#3170);
#1757=LINE('',#15071,#3171);
#1758=LINE('',#15073,#3172);
#1759=LINE('',#15075,#3173);
#1760=LINE('',#15076,#3174);
#1761=LINE('',#15079,#3175);
#1762=LINE('',#15081,#3176);
#1763=LINE('',#15083,#3177);
#1764=LINE('',#15084,#3178);
#1765=LINE('',#15087,#3179);
#1766=LINE('',#15089,#3180);
#1767=LINE('',#15091,#3181);
#1768=LINE('',#15092,#3182);
#1769=LINE('',#15095,#3183);
#1770=LINE('',#15097,#3184);
#1771=LINE('',#15099,#3185);
#1772=LINE('',#15100,#3186);
#1773=LINE('',#15103,#3187);
#1774=LINE('',#15105,#3188);
#1775=LINE('',#15107,#3189);
#1776=LINE('',#15108,#3190);
#1777=LINE('',#15111,#3191);
#1778=LINE('',#15113,#3192);
#1779=LINE('',#15115,#3193);
#1780=LINE('',#15116,#3194);
#1781=LINE('',#15119,#3195);
#1782=LINE('',#15121,#3196);
#1783=LINE('',#15123,#3197);
#1784=LINE('',#15124,#3198);
#1785=LINE('',#15127,#3199);
#1786=LINE('',#15129,#3200);
#1787=LINE('',#15131,#3201);
#1788=LINE('',#15132,#3202);
#1789=LINE('',#15143,#3203);
#1790=LINE('',#15147,#3204);
#1791=LINE('',#15150,#3205);
#1792=LINE('',#15152,#3206);
#1793=LINE('',#15154,#3207);
#1794=LINE('',#15155,#3208);
#1795=LINE('',#15159,#3209);
#1796=LINE('',#15161,#3210);
#1797=LINE('',#15162,#3211);
#1798=LINE('',#15164,#3212);
#1799=LINE('',#15166,#3213);
#1800=LINE('',#15168,#3214);
#1801=LINE('',#15169,#3215);
#1802=LINE('',#15171,#3216);
#1803=LINE('',#15173,#3217);
#1804=LINE('',#15177,#3218);
#1805=LINE('',#15179,#3219);
#1806=LINE('',#15181,#3220);
#1807=LINE('',#15182,#3221);
#1808=LINE('',#15185,#3222);
#1809=LINE('',#15187,#3223);
#1810=LINE('',#15188,#3224);
#1811=LINE('',#15191,#3225);
#1812=LINE('',#15193,#3226);
#1813=LINE('',#15194,#3227);
#1814=LINE('',#15197,#3228);
#1815=LINE('',#15199,#3229);
#1816=LINE('',#15200,#3230);
#1817=LINE('',#15203,#3231);
#1818=LINE('',#15205,#3232);
#1819=LINE('',#15206,#3233);
#1820=LINE('',#15209,#3234);
#1821=LINE('',#15211,#3235);
#1822=LINE('',#15212,#3236);
#1823=LINE('',#15214,#3237);
#1824=LINE('',#15216,#3238);
#1825=LINE('',#15218,#3239);
#1826=LINE('',#15220,#3240);
#1827=LINE('',#15222,#3241);
#1828=LINE('',#15224,#3242);
#1829=LINE('',#15226,#3243);
#1830=LINE('',#15228,#3244);
#1831=LINE('',#15230,#3245);
#1832=LINE('',#15232,#3246);
#1833=LINE('',#15234,#3247);
#1834=LINE('',#15236,#3248);
#1835=LINE('',#15238,#3249);
#1836=LINE('',#15240,#3250);
#1837=LINE('',#15242,#3251);
#1838=LINE('',#15244,#3252);
#1839=LINE('',#15245,#3253);
#1840=LINE('',#15248,#3254);
#1841=LINE('',#15250,#3255);
#1842=LINE('',#15252,#3256);
#1843=LINE('',#15253,#3257);
#1844=LINE('',#15257,#3258);
#1845=LINE('',#15258,#3259);
#1846=LINE('',#15259,#3260);
#1847=LINE('',#15262,#3261);
#1848=LINE('',#15263,#3262);
#1849=LINE('',#15265,#3263);
#1850=LINE('',#15269,#3264);
#1851=LINE('',#15270,#3265);
#1852=LINE('',#15271,#3266);
#1853=LINE('',#15274,#3267);
#1854=LINE('',#15275,#3268);
#1855=LINE('',#15278,#3269);
#1856=LINE('',#15279,#3270);
#1857=LINE('',#15282,#3271);
#1858=LINE('',#15284,#3272);
#1859=LINE('',#15286,#3273);
#1860=LINE('',#15287,#3274);
#1861=LINE('',#15290,#3275);
#1862=LINE('',#15291,#3276);
#1863=LINE('',#15294,#3277);
#1864=LINE('',#15295,#3278);
#1865=LINE('',#15298,#3279);
#1866=LINE('',#15299,#3280);
#1867=LINE('',#15302,#3281);
#1868=LINE('',#15303,#3282);
#1869=LINE('',#15306,#3283);
#1870=LINE('',#15307,#3284);
#1871=LINE('',#15310,#3285);
#1872=LINE('',#15311,#3286);
#1873=LINE('',#15315,#3287);
#1874=LINE('',#15317,#3288);
#1875=LINE('',#15319,#3289);
#1876=LINE('',#15320,#3290);
#1877=LINE('',#15323,#3291);
#1878=LINE('',#15325,#3292);
#1879=LINE('',#15326,#3293);
#1880=LINE('',#15329,#3294);
#1881=LINE('',#15331,#3295);
#1882=LINE('',#15332,#3296);
#1883=LINE('',#15335,#3297);
#1884=LINE('',#15337,#3298);
#1885=LINE('',#15338,#3299);
#1886=LINE('',#15341,#3300);
#1887=LINE('',#15343,#3301);
#1888=LINE('',#15344,#3302);
#1889=LINE('',#15347,#3303);
#1890=LINE('',#15349,#3304);
#1891=LINE('',#15350,#3305);
#1892=LINE('',#15353,#3306);
#1893=LINE('',#15355,#3307);
#1894=LINE('',#15357,#3308);
#1895=LINE('',#15359,#3309);
#1896=LINE('',#15360,#3310);
#1897=LINE('',#15362,#3311);
#1898=LINE('',#15365,#3312);
#1899=LINE('',#15367,#3313);
#1900=LINE('',#15369,#3314);
#1901=LINE('',#15370,#3315);
#1902=LINE('',#15372,#3316);
#1903=LINE('',#15374,#3317);
#1904=LINE('',#15376,#3318);
#1905=LINE('',#15378,#3319);
#1906=LINE('',#15380,#3320);
#1907=LINE('',#15382,#3321);
#1908=LINE('',#15383,#3322);
#1909=LINE('',#15386,#3323);
#1910=LINE('',#15387,#3324);
#1911=LINE('',#15390,#3325);
#1912=LINE('',#15391,#3326);
#1913=LINE('',#15394,#3327);
#1914=LINE('',#15395,#3328);
#1915=LINE('',#15398,#3329);
#1916=LINE('',#15399,#3330);
#1917=LINE('',#15402,#3331);
#1918=LINE('',#15403,#3332);
#1919=LINE('',#15406,#3333);
#1920=LINE('',#15407,#3334);
#1921=LINE('',#15411,#3335);
#1922=LINE('',#15412,#3336);
#1923=LINE('',#15413,#3337);
#1924=LINE('',#15416,#3338);
#1925=LINE('',#15417,#3339);
#1926=LINE('',#15420,#3340);
#1927=LINE('',#15421,#3341);
#1928=LINE('',#15423,#3342);
#1929=LINE('',#15426,#3343);
#1930=LINE('',#15427,#3344);
#1931=LINE('',#15430,#3345);
#1932=LINE('',#15431,#3346);
#1933=LINE('',#15434,#3347);
#1934=LINE('',#15435,#3348);
#1935=LINE('',#15438,#3349);
#1936=LINE('',#15439,#3350);
#1937=LINE('',#15442,#3351);
#1938=LINE('',#15443,#3352);
#1939=LINE('',#15446,#3353);
#1940=LINE('',#15447,#3354);
#1941=LINE('',#15450,#3355);
#1942=LINE('',#15451,#3356);
#1943=LINE('',#15454,#3357);
#1944=LINE('',#15455,#3358);
#1945=LINE('',#15458,#3359);
#1946=LINE('',#15459,#3360);
#1947=LINE('',#15462,#3361);
#1948=LINE('',#15463,#3362);
#1949=LINE('',#15466,#3363);
#1950=LINE('',#15467,#3364);
#1951=LINE('',#15470,#3365);
#1952=LINE('',#15471,#3366);
#1953=LINE('',#15473,#3367);
#1954=LINE('',#15477,#3368);
#1955=LINE('',#15479,#3369);
#1956=LINE('',#15480,#3370);
#1957=LINE('',#15483,#3371);
#1958=LINE('',#15484,#3372);
#1959=LINE('',#15487,#3373);
#1960=LINE('',#15488,#3374);
#1961=LINE('',#15490,#3375);
#1962=LINE('',#15493,#3376);
#1963=LINE('',#15494,#3377);
#1964=LINE('',#15497,#3378);
#1965=LINE('',#15498,#3379);
#1966=LINE('',#15501,#3380);
#1967=LINE('',#15502,#3381);
#1968=LINE('',#15505,#3382);
#1969=LINE('',#15506,#3383);
#1970=LINE('',#15509,#3384);
#1971=LINE('',#15510,#3385);
#1972=LINE('',#15513,#3386);
#1973=LINE('',#15514,#3387);
#1974=LINE('',#15517,#3388);
#1975=LINE('',#15518,#3389);
#1976=LINE('',#15521,#3390);
#1977=LINE('',#15522,#3391);
#1978=LINE('',#15525,#3392);
#1979=LINE('',#15526,#3393);
#1980=LINE('',#15528,#3394);
#1981=LINE('',#15531,#3395);
#1982=LINE('',#15532,#3396);
#1983=LINE('',#15535,#3397);
#1984=LINE('',#15536,#3398);
#1985=LINE('',#15539,#3399);
#1986=LINE('',#15540,#3400);
#1987=LINE('',#15543,#3401);
#1988=LINE('',#15544,#3402);
#1989=LINE('',#15547,#3403);
#1990=LINE('',#15548,#3404);
#1991=LINE('',#15550,#3405);
#1992=LINE('',#15554,#3406);
#1993=LINE('',#15556,#3407);
#1994=LINE('',#15557,#3408);
#1995=LINE('',#15560,#3409);
#1996=LINE('',#15562,#3410);
#1997=LINE('',#15563,#3411);
#1998=LINE('',#15565,#3412);
#1999=LINE('',#15567,#3413);
#2000=LINE('',#15570,#3414);
#2001=LINE('',#15572,#3415);
#2002=LINE('',#15573,#3416);
#2003=LINE('',#15576,#3417);
#2004=LINE('',#15577,#3418);
#2005=LINE('',#15580,#3419);
#2006=LINE('',#15581,#3420);
#2007=LINE('',#15583,#3421);
#2008=LINE('',#15586,#3422);
#2009=LINE('',#15588,#3423);
#2010=LINE('',#15589,#3424);
#2011=LINE('',#15592,#3425);
#2012=LINE('',#15596,#3426);
#2013=LINE('',#15597,#3427);
#2014=LINE('',#15601,#3428);
#2015=LINE('',#15603,#3429);
#2016=LINE('',#15604,#3430);
#2017=LINE('',#15606,#3431);
#2018=LINE('',#15609,#3432);
#2019=LINE('',#15610,#3433);
#2020=LINE('',#15612,#3434);
#2021=LINE('',#15613,#3435);
#2022=LINE('',#15616,#3436);
#2023=LINE('',#15620,#3437);
#2024=LINE('',#15621,#3438);
#2025=LINE('',#15623,#3439);
#2026=LINE('',#15626,#3440);
#2027=LINE('',#15628,#3441);
#2028=LINE('',#15630,#3442);
#2029=LINE('',#15631,#3443);
#2030=LINE('',#15634,#3444);
#2031=LINE('',#15635,#3445);
#2032=LINE('',#15638,#3446);
#2033=LINE('',#15639,#3447);
#2034=LINE('',#15642,#3448);
#2035=LINE('',#15643,#3449);
#2036=LINE('',#15645,#3450);
#2037=LINE('',#15654,#3451);
#2038=LINE('',#15657,#3452);
#2039=LINE('',#15662,#3453);
#2040=LINE('',#15665,#3454);
#2041=LINE('',#15670,#3455);
#2042=LINE('',#15673,#3456);
#2043=LINE('',#15678,#3457);
#2044=LINE('',#15681,#3458);
#2045=LINE('',#15685,#3459);
#2046=LINE('',#15687,#3460);
#2047=LINE('',#15689,#3461);
#2048=LINE('',#15692,#3462);
#2049=LINE('',#15694,#3463);
#2050=LINE('',#15696,#3464);
#2051=LINE('',#15701,#3465);
#2052=LINE('',#15703,#3466);
#2053=LINE('',#15705,#3467);
#2054=LINE('',#15707,#3468);
#2055=LINE('',#15708,#3469);
#2056=LINE('',#15710,#3470);
#2057=LINE('',#15711,#3471);
#2058=LINE('',#15713,#3472);
#2059=LINE('',#15715,#3473);
#2060=LINE('',#15717,#3474);
#2061=LINE('',#15719,#3475);
#2062=LINE('',#15721,#3476);
#2063=LINE('',#15723,#3477);
#2064=LINE('',#15725,#3478);
#2065=LINE('',#15729,#3479);
#2066=LINE('',#15731,#3480);
#2067=LINE('',#15733,#3481);
#2068=LINE('',#15734,#3482);
#2069=LINE('',#15736,#3483);
#2070=LINE('',#15737,#3484);
#2071=LINE('',#15739,#3485);
#2072=LINE('',#15741,#3486);
#2073=LINE('',#15743,#3487);
#2074=LINE('',#15747,#3488);
#2075=LINE('',#15748,#3489);
#2076=LINE('',#15750,#3490);
#2077=LINE('',#15751,#3491);
#2078=LINE('',#15753,#3492);
#2079=LINE('',#15756,#3493);
#2080=LINE('',#15757,#3494);
#2081=LINE('',#15760,#3495);
#2082=LINE('',#15761,#3496);
#2083=LINE('',#15764,#3497);
#2084=LINE('',#15765,#3498);
#2085=LINE('',#15768,#3499);
#2086=LINE('',#15769,#3500);
#2087=LINE('',#15772,#3501);
#2088=LINE('',#15773,#3502);
#2089=LINE('',#15776,#3503);
#2090=LINE('',#15777,#3504);
#2091=LINE('',#15780,#3505);
#2092=LINE('',#15781,#3506);
#2093=LINE('',#15784,#3507);
#2094=LINE('',#15785,#3508);
#2095=LINE('',#15788,#3509);
#2096=LINE('',#15789,#3510);
#2097=LINE('',#15792,#3511);
#2098=LINE('',#15793,#3512);
#2099=LINE('',#15796,#3513);
#2100=LINE('',#15797,#3514);
#2101=LINE('',#15800,#3515);
#2102=LINE('',#15801,#3516);
#2103=LINE('',#15804,#3517);
#2104=LINE('',#15805,#3518);
#2105=LINE('',#15808,#3519);
#2106=LINE('',#15809,#3520);
#2107=LINE('',#15812,#3521);
#2108=LINE('',#15813,#3522);
#2109=LINE('',#15815,#3523);
#2110=LINE('',#15817,#3524);
#2111=LINE('',#15819,#3525);
#2112=LINE('',#15822,#3526);
#2113=LINE('',#15828,#3527);
#2114=LINE('',#15829,#3528);
#2115=LINE('',#15832,#3529);
#2116=LINE('',#15833,#3530);
#2117=LINE('',#15835,#3531);
#2118=LINE('',#15838,#3532);
#2119=LINE('',#15840,#3533);
#2120=LINE('',#15841,#3534);
#2121=LINE('',#15844,#3535);
#2122=LINE('',#15845,#3536);
#2123=LINE('',#15848,#3537);
#2124=LINE('',#15849,#3538);
#2125=LINE('',#15851,#3539);
#2126=LINE('',#15854,#3540);
#2127=LINE('',#15856,#3541);
#2128=LINE('',#15857,#3542);
#2129=LINE('',#15860,#3543);
#2130=LINE('',#15861,#3544);
#2131=LINE('',#15864,#3545);
#2132=LINE('',#15865,#3546);
#2133=LINE('',#15867,#3547);
#2134=LINE('',#15870,#3548);
#2135=LINE('',#15872,#3549);
#2136=LINE('',#15873,#3550);
#2137=LINE('',#15876,#3551);
#2138=LINE('',#15877,#3552);
#2139=LINE('',#15880,#3553);
#2140=LINE('',#15881,#3554);
#2141=LINE('',#15883,#3555);
#2142=LINE('',#15886,#3556);
#2143=LINE('',#15888,#3557);
#2144=LINE('',#15889,#3558);
#2145=LINE('',#15892,#3559);
#2146=LINE('',#15893,#3560);
#2147=LINE('',#15896,#3561);
#2148=LINE('',#15897,#3562);
#2149=LINE('',#15899,#3563);
#2150=LINE('',#15902,#3564);
#2151=LINE('',#15904,#3565);
#2152=LINE('',#15905,#3566);
#2153=LINE('',#15908,#3567);
#2154=LINE('',#15909,#3568);
#2155=LINE('',#15912,#3569);
#2156=LINE('',#15913,#3570);
#2157=LINE('',#15915,#3571);
#2158=LINE('',#15918,#3572);
#2159=LINE('',#15920,#3573);
#2160=LINE('',#15921,#3574);
#2161=LINE('',#15924,#3575);
#2162=LINE('',#15925,#3576);
#2163=LINE('',#15928,#3577);
#2164=LINE('',#15929,#3578);
#2165=LINE('',#15931,#3579);
#2166=LINE('',#15934,#3580);
#2167=LINE('',#15936,#3581);
#2168=LINE('',#15937,#3582);
#2169=LINE('',#15940,#3583);
#2170=LINE('',#15941,#3584);
#2171=LINE('',#15944,#3585);
#2172=LINE('',#15945,#3586);
#2173=LINE('',#15947,#3587);
#2174=LINE('',#15950,#3588);
#2175=LINE('',#15952,#3589);
#2176=LINE('',#15953,#3590);
#2177=LINE('',#15956,#3591);
#2178=LINE('',#15957,#3592);
#2179=LINE('',#15960,#3593);
#2180=LINE('',#15961,#3594);
#2181=LINE('',#15963,#3595);
#2182=LINE('',#15966,#3596);
#2183=LINE('',#15968,#3597);
#2184=LINE('',#15969,#3598);
#2185=LINE('',#15972,#3599);
#2186=LINE('',#15973,#3600);
#2187=LINE('',#15976,#3601);
#2188=LINE('',#15977,#3602);
#2189=LINE('',#15979,#3603);
#2190=LINE('',#15982,#3604);
#2191=LINE('',#15984,#3605);
#2192=LINE('',#15985,#3606);
#2193=LINE('',#15988,#3607);
#2194=LINE('',#15989,#3608);
#2195=LINE('',#15992,#3609);
#2196=LINE('',#15993,#3610);
#2197=LINE('',#15995,#3611);
#2198=LINE('',#15998,#3612);
#2199=LINE('',#16000,#3613);
#2200=LINE('',#16001,#3614);
#2201=LINE('',#16004,#3615);
#2202=LINE('',#16005,#3616);
#2203=LINE('',#16008,#3617);
#2204=LINE('',#16009,#3618);
#2205=LINE('',#16011,#3619);
#2206=LINE('',#16014,#3620);
#2207=LINE('',#16016,#3621);
#2208=LINE('',#16017,#3622);
#2209=LINE('',#16020,#3623);
#2210=LINE('',#16021,#3624);
#2211=LINE('',#16024,#3625);
#2212=LINE('',#16025,#3626);
#2213=LINE('',#16027,#3627);
#2214=LINE('',#16030,#3628);
#2215=LINE('',#16032,#3629);
#2216=LINE('',#16033,#3630);
#2217=LINE('',#16036,#3631);
#2218=LINE('',#16037,#3632);
#2219=LINE('',#16040,#3633);
#2220=LINE('',#16041,#3634);
#2221=LINE('',#16043,#3635);
#2222=LINE('',#16046,#3636);
#2223=LINE('',#16048,#3637);
#2224=LINE('',#16049,#3638);
#2225=LINE('',#16052,#3639);
#2226=LINE('',#16053,#3640);
#2227=LINE('',#16056,#3641);
#2228=LINE('',#16057,#3642);
#2229=LINE('',#16059,#3643);
#2230=LINE('',#16062,#3644);
#2231=LINE('',#16064,#3645);
#2232=LINE('',#16065,#3646);
#2233=LINE('',#16068,#3647);
#2234=LINE('',#16069,#3648);
#2235=LINE('',#16072,#3649);
#2236=LINE('',#16073,#3650);
#2237=LINE('',#16075,#3651);
#2238=LINE('',#16078,#3652);
#2239=LINE('',#16080,#3653);
#2240=LINE('',#16081,#3654);
#2241=LINE('',#16084,#3655);
#2242=LINE('',#16085,#3656);
#2243=LINE('',#16088,#3657);
#2244=LINE('',#16089,#3658);
#2245=LINE('',#16091,#3659);
#2246=LINE('',#16094,#3660);
#2247=LINE('',#16096,#3661);
#2248=LINE('',#16097,#3662);
#2249=LINE('',#16100,#3663);
#2250=LINE('',#16101,#3664);
#2251=LINE('',#16104,#3665);
#2252=LINE('',#16105,#3666);
#2253=LINE('',#16107,#3667);
#2254=LINE('',#16116,#3668);
#2255=LINE('',#16118,#3669);
#2256=LINE('',#16120,#3670);
#2257=LINE('',#16121,#3671);
#2258=LINE('',#16124,#3672);
#2259=LINE('',#16126,#3673);
#2260=LINE('',#16128,#3674);
#2261=LINE('',#16130,#3675);
#2262=LINE('',#16132,#3676);
#2263=LINE('',#16134,#3677);
#2264=LINE('',#16136,#3678);
#2265=LINE('',#16138,#3679);
#2266=LINE('',#16140,#3680);
#2267=LINE('',#16142,#3681);
#2268=LINE('',#16144,#3682);
#2269=LINE('',#16146,#3683);
#2270=LINE('',#16148,#3684);
#2271=LINE('',#16150,#3685);
#2272=LINE('',#16152,#3686);
#2273=LINE('',#16154,#3687);
#2274=LINE('',#16156,#3688);
#2275=LINE('',#16160,#3689);
#2276=LINE('',#16162,#3690);
#2277=LINE('',#16164,#3691);
#2278=LINE('',#16166,#3692);
#2279=LINE('',#16168,#3693);
#2280=LINE('',#16172,#3694);
#2281=LINE('',#16176,#3695);
#2282=LINE('',#16180,#3696);
#2283=LINE('',#16184,#3697);
#2284=LINE('',#16188,#3698);
#2285=LINE('',#16190,#3699);
#2286=LINE('',#16192,#3700);
#2287=LINE('',#16194,#3701);
#2288=LINE('',#16198,#3702);
#2289=LINE('',#16200,#3703);
#2290=LINE('',#16202,#3704);
#2291=LINE('',#16203,#3705);
#2292=LINE('',#16206,#3706);
#2293=LINE('',#16209,#3707);
#2294=LINE('',#16211,#3708);
#2295=LINE('',#16215,#3709);
#2296=LINE('',#16216,#3710);
#2297=LINE('',#16217,#3711);
#2298=LINE('',#16221,#3712);
#2299=LINE('',#16222,#3713);
#2300=LINE('',#16223,#3714);
#2301=LINE('',#16226,#3715);
#2302=LINE('',#16227,#3716);
#2303=LINE('',#16230,#3717);
#2304=LINE('',#16231,#3718);
#2305=LINE('',#16233,#3719);
#2306=LINE('',#16236,#3720);
#2307=LINE('',#16240,#3721);
#2308=LINE('',#16241,#3722);
#2309=LINE('',#16244,#3723);
#2310=LINE('',#16248,#3724);
#2311=LINE('',#16249,#3725);
#2312=LINE('',#16252,#3726);
#2313=LINE('',#16256,#3727);
#2314=LINE('',#16257,#3728);
#2315=LINE('',#16260,#3729);
#2316=LINE('',#16265,#3730);
#2317=LINE('',#16267,#3731);
#2318=LINE('',#16269,#3732);
#2319=LINE('',#16270,#3733);
#2320=LINE('',#16272,#3734);
#2321=LINE('',#16273,#3735);
#2322=LINE('',#16276,#3736);
#2323=LINE('',#16279,#3737);
#2324=LINE('',#16282,#3738);
#2325=LINE('',#16284,#3739);
#2326=LINE('',#16285,#3740);
#2327=LINE('',#16288,#3741);
#2328=LINE('',#16289,#3742);
#2329=LINE('',#16292,#3743);
#2330=LINE('',#16295,#3744);
#2331=LINE('',#16298,#3745);
#2332=LINE('',#16299,#3746);
#2333=LINE('',#16301,#3747);
#2334=LINE('',#16303,#3748);
#2335=LINE('',#16304,#3749);
#2336=LINE('',#16307,#3750);
#2337=LINE('',#16309,#3751);
#2338=LINE('',#16310,#3752);
#2339=LINE('',#16313,#3753);
#2340=LINE('',#16314,#3754);
#2341=LINE('',#16317,#3755);
#2342=LINE('',#16318,#3756);
#2343=LINE('',#16320,#3757);
#2344=LINE('',#16321,#3758);
#2345=LINE('',#16324,#3759);
#2346=LINE('',#16328,#3760);
#2347=LINE('',#16334,#3761);
#2348=LINE('',#16336,#3762);
#2349=LINE('',#16338,#3763);
#2350=LINE('',#16340,#3764);
#2351=LINE('',#16344,#3765);
#2352=LINE('',#16348,#3766);
#2353=LINE('',#16352,#3767);
#2354=LINE('',#16356,#3768);
#2355=LINE('',#16360,#3769);
#2356=LINE('',#16364,#3770);
#2357=LINE('',#16368,#3771);
#2358=LINE('',#16372,#3772);
#2359=LINE('',#16376,#3773);
#2360=LINE('',#16378,#3774);
#2361=LINE('',#16380,#3775);
#2362=LINE('',#16382,#3776);
#2363=LINE('',#16385,#3777);
#2364=LINE('',#16386,#3778);
#2365=LINE('',#16388,#3779);
#2366=LINE('',#16390,#3780);
#2367=LINE('',#16391,#3781);
#2368=LINE('',#16393,#3782);
#2369=LINE('',#16395,#3783);
#2370=LINE('',#16397,#3784);
#2371=LINE('',#16400,#3785);
#2372=LINE('',#16405,#3786);
#2373=LINE('',#16406,#3787);
#2374=LINE('',#16409,#3788);
#2375=LINE('',#16411,#3789);
#2376=LINE('',#16413,#3790);
#2377=LINE('',#16415,#3791);
#2378=LINE('',#16419,#3792);
#2379=LINE('',#16423,#3793);
#2380=LINE('',#16427,#3794);
#2381=LINE('',#16431,#3795);
#2382=LINE('',#16434,#3796);
#2383=LINE('',#16437,#3797);
#2384=LINE('',#16439,#3798);
#2385=LINE('',#16441,#3799);
#2386=LINE('',#16443,#3800);
#2387=LINE('',#16447,#3801);
#2388=LINE('',#16451,#3802);
#2389=LINE('',#16455,#3803);
#2390=LINE('',#16459,#3804);
#2391=LINE('',#16463,#3805);
#2392=LINE('',#16465,#3806);
#2393=LINE('',#16467,#3807);
#2394=LINE('',#16469,#3808);
#2395=LINE('',#16472,#3809);
#2396=LINE('',#16474,#3810);
#2397=LINE('',#16476,#3811);
#2398=LINE('',#16478,#3812);
#2399=LINE('',#16479,#3813);
#2400=LINE('',#16481,#3814);
#2401=LINE('',#16483,#3815);
#2402=LINE('',#16485,#3816);
#2403=LINE('',#16486,#3817);
#2404=LINE('',#16488,#3818);
#2405=LINE('',#16490,#3819);
#2406=LINE('',#16495,#3820);
#2407=LINE('',#16496,#3821);
#2408=LINE('',#16499,#3822);
#2409=LINE('',#16501,#3823);
#2410=LINE('',#16503,#3824);
#2411=LINE('',#16505,#3825);
#2412=LINE('',#16507,#3826);
#2413=LINE('',#16509,#3827);
#2414=LINE('',#16511,#3828);
#2415=LINE('',#16513,#3829);
#2416=LINE('',#16517,#3830);
#2417=LINE('',#16521,#3831);
#2418=LINE('',#16525,#3832);
#2419=LINE('',#16529,#3833);
#2420=LINE('',#16531,#3834);
#2421=LINE('',#16533,#3835);
#2422=LINE('',#16535,#3836);
#2423=LINE('',#16539,#3837);
#2424=LINE('',#16541,#3838);
#2425=LINE('',#16543,#3839);
#2426=LINE('',#16545,#3840);
#2427=LINE('',#16546,#3841);
#2428=LINE('',#16549,#3842);
#2429=LINE('',#16551,#3843);
#2430=LINE('',#16553,#3844);
#2431=LINE('',#16554,#3845);
#2432=LINE('',#16557,#3846);
#2433=LINE('',#16559,#3847);
#2434=LINE('',#16561,#3848);
#2435=LINE('',#16562,#3849);
#2436=LINE('',#16565,#3850);
#2437=LINE('',#16567,#3851);
#2438=LINE('',#16569,#3852);
#2439=LINE('',#16570,#3853);
#2440=LINE('',#16573,#3854);
#2441=LINE('',#16575,#3855);
#2442=LINE('',#16577,#3856);
#2443=LINE('',#16578,#3857);
#2444=LINE('',#16581,#3858);
#2445=LINE('',#16583,#3859);
#2446=LINE('',#16585,#3860);
#2447=LINE('',#16586,#3861);
#2448=LINE('',#16589,#3862);
#2449=LINE('',#16591,#3863);
#2450=LINE('',#16593,#3864);
#2451=LINE('',#16594,#3865);
#2452=LINE('',#16597,#3866);
#2453=LINE('',#16599,#3867);
#2454=LINE('',#16601,#3868);
#2455=LINE('',#16602,#3869);
#2456=LINE('',#16605,#3870);
#2457=LINE('',#16607,#3871);
#2458=LINE('',#16609,#3872);
#2459=LINE('',#16610,#3873);
#2460=LINE('',#16613,#3874);
#2461=LINE('',#16615,#3875);
#2462=LINE('',#16617,#3876);
#2463=LINE('',#16618,#3877);
#2464=LINE('',#16621,#3878);
#2465=LINE('',#16623,#3879);
#2466=LINE('',#16625,#3880);
#2467=LINE('',#16626,#3881);
#2468=LINE('',#16629,#3882);
#2469=LINE('',#16631,#3883);
#2470=LINE('',#16633,#3884);
#2471=LINE('',#16634,#3885);
#2472=LINE('',#16637,#3886);
#2473=LINE('',#16639,#3887);
#2474=LINE('',#16641,#3888);
#2475=LINE('',#16642,#3889);
#2476=LINE('',#16645,#3890);
#2477=LINE('',#16647,#3891);
#2478=LINE('',#16649,#3892);
#2479=LINE('',#16650,#3893);
#2480=LINE('',#16653,#3894);
#2481=LINE('',#16655,#3895);
#2482=LINE('',#16657,#3896);
#2483=LINE('',#16658,#3897);
#2484=LINE('',#16661,#3898);
#2485=LINE('',#16663,#3899);
#2486=LINE('',#16665,#3900);
#2487=LINE('',#16666,#3901);
#2488=LINE('',#16669,#3902);
#2489=LINE('',#16671,#3903);
#2490=LINE('',#16673,#3904);
#2491=LINE('',#16674,#3905);
#2492=LINE('',#16677,#3906);
#2493=LINE('',#16679,#3907);
#2494=LINE('',#16681,#3908);
#2495=LINE('',#16682,#3909);
#2496=LINE('',#16693,#3910);
#2497=LINE('',#16695,#3911);
#2498=LINE('',#16696,#3912);
#2499=LINE('',#16698,#3913);
#2500=LINE('',#16702,#3914);
#2501=LINE('',#16705,#3915);
#2502=LINE('',#16709,#3916);
#2503=LINE('',#16711,#3917);
#2504=LINE('',#16712,#3918);
#2505=LINE('',#16714,#3919);
#2506=LINE('',#16716,#3920);
#2507=LINE('',#16718,#3921);
#2508=LINE('',#16719,#3922);
#2509=LINE('',#16721,#3923);
#2510=LINE('',#16723,#3924);
#2511=LINE('',#16727,#3925);
#2512=LINE('',#16729,#3926);
#2513=LINE('',#16731,#3927);
#2514=LINE('',#16732,#3928);
#2515=LINE('',#16735,#3929);
#2516=LINE('',#16737,#3930);
#2517=LINE('',#16738,#3931);
#2518=LINE('',#16741,#3932);
#2519=LINE('',#16743,#3933);
#2520=LINE('',#16744,#3934);
#2521=LINE('',#16747,#3935);
#2522=LINE('',#16749,#3936);
#2523=LINE('',#16750,#3937);
#2524=LINE('',#16753,#3938);
#2525=LINE('',#16755,#3939);
#2526=LINE('',#16756,#3940);
#2527=LINE('',#16759,#3941);
#2528=LINE('',#16761,#3942);
#2529=LINE('',#16762,#3943);
#2530=LINE('',#16764,#3944);
#2531=LINE('',#16766,#3945);
#2532=LINE('',#16768,#3946);
#2533=LINE('',#16770,#3947);
#2534=LINE('',#16772,#3948);
#2535=LINE('',#16774,#3949);
#2536=LINE('',#16776,#3950);
#2537=LINE('',#16778,#3951);
#2538=LINE('',#16780,#3952);
#2539=LINE('',#16782,#3953);
#2540=LINE('',#16784,#3954);
#2541=LINE('',#16786,#3955);
#2542=LINE('',#16788,#3956);
#2543=LINE('',#16790,#3957);
#2544=LINE('',#16792,#3958);
#2545=LINE('',#16794,#3959);
#2546=LINE('',#16795,#3960);
#2547=LINE('',#16798,#3961);
#2548=LINE('',#16800,#3962);
#2549=LINE('',#16802,#3963);
#2550=LINE('',#16803,#3964);
#2551=LINE('',#16807,#3965);
#2552=LINE('',#16808,#3966);
#2553=LINE('',#16809,#3967);
#2554=LINE('',#16812,#3968);
#2555=LINE('',#16813,#3969);
#2556=LINE('',#16815,#3970);
#2557=LINE('',#16819,#3971);
#2558=LINE('',#16820,#3972);
#2559=LINE('',#16821,#3973);
#2560=LINE('',#16824,#3974);
#2561=LINE('',#16825,#3975);
#2562=LINE('',#16828,#3976);
#2563=LINE('',#16829,#3977);
#2564=LINE('',#16832,#3978);
#2565=LINE('',#16834,#3979);
#2566=LINE('',#16836,#3980);
#2567=LINE('',#16837,#3981);
#2568=LINE('',#16840,#3982);
#2569=LINE('',#16841,#3983);
#2570=LINE('',#16844,#3984);
#2571=LINE('',#16845,#3985);
#2572=LINE('',#16848,#3986);
#2573=LINE('',#16849,#3987);
#2574=LINE('',#16852,#3988);
#2575=LINE('',#16853,#3989);
#2576=LINE('',#16856,#3990);
#2577=LINE('',#16857,#3991);
#2578=LINE('',#16860,#3992);
#2579=LINE('',#16861,#3993);
#2580=LINE('',#16865,#3994);
#2581=LINE('',#16867,#3995);
#2582=LINE('',#16869,#3996);
#2583=LINE('',#16870,#3997);
#2584=LINE('',#16873,#3998);
#2585=LINE('',#16875,#3999);
#2586=LINE('',#16876,#4000);
#2587=LINE('',#16879,#4001);
#2588=LINE('',#16881,#4002);
#2589=LINE('',#16882,#4003);
#2590=LINE('',#16885,#4004);
#2591=LINE('',#16887,#4005);
#2592=LINE('',#16888,#4006);
#2593=LINE('',#16891,#4007);
#2594=LINE('',#16893,#4008);
#2595=LINE('',#16894,#4009);
#2596=LINE('',#16897,#4010);
#2597=LINE('',#16899,#4011);
#2598=LINE('',#16900,#4012);
#2599=LINE('',#16903,#4013);
#2600=LINE('',#16905,#4014);
#2601=LINE('',#16907,#4015);
#2602=LINE('',#16909,#4016);
#2603=LINE('',#16910,#4017);
#2604=LINE('',#16912,#4018);
#2605=LINE('',#16915,#4019);
#2606=LINE('',#16917,#4020);
#2607=LINE('',#16919,#4021);
#2608=LINE('',#16920,#4022);
#2609=LINE('',#16922,#4023);
#2610=LINE('',#16924,#4024);
#2611=LINE('',#16926,#4025);
#2612=LINE('',#16928,#4026);
#2613=LINE('',#16930,#4027);
#2614=LINE('',#16932,#4028);
#2615=LINE('',#16933,#4029);
#2616=LINE('',#16936,#4030);
#2617=LINE('',#16937,#4031);
#2618=LINE('',#16940,#4032);
#2619=LINE('',#16941,#4033);
#2620=LINE('',#16944,#4034);
#2621=LINE('',#16945,#4035);
#2622=LINE('',#16948,#4036);
#2623=LINE('',#16949,#4037);
#2624=LINE('',#16952,#4038);
#2625=LINE('',#16953,#4039);
#2626=LINE('',#16956,#4040);
#2627=LINE('',#16957,#4041);
#2628=LINE('',#16961,#4042);
#2629=LINE('',#16962,#4043);
#2630=LINE('',#16963,#4044);
#2631=LINE('',#16966,#4045);
#2632=LINE('',#16967,#4046);
#2633=LINE('',#16970,#4047);
#2634=LINE('',#16971,#4048);
#2635=LINE('',#16973,#4049);
#2636=LINE('',#16976,#4050);
#2637=LINE('',#16977,#4051);
#2638=LINE('',#16980,#4052);
#2639=LINE('',#16981,#4053);
#2640=LINE('',#16984,#4054);
#2641=LINE('',#16985,#4055);
#2642=LINE('',#16988,#4056);
#2643=LINE('',#16989,#4057);
#2644=LINE('',#16992,#4058);
#2645=LINE('',#16993,#4059);
#2646=LINE('',#16996,#4060);
#2647=LINE('',#16997,#4061);
#2648=LINE('',#17000,#4062);
#2649=LINE('',#17001,#4063);
#2650=LINE('',#17004,#4064);
#2651=LINE('',#17005,#4065);
#2652=LINE('',#17008,#4066);
#2653=LINE('',#17009,#4067);
#2654=LINE('',#17012,#4068);
#2655=LINE('',#17013,#4069);
#2656=LINE('',#17016,#4070);
#2657=LINE('',#17017,#4071);
#2658=LINE('',#17020,#4072);
#2659=LINE('',#17021,#4073);
#2660=LINE('',#17023,#4074);
#2661=LINE('',#17027,#4075);
#2662=LINE('',#17029,#4076);
#2663=LINE('',#17030,#4077);
#2664=LINE('',#17033,#4078);
#2665=LINE('',#17034,#4079);
#2666=LINE('',#17037,#4080);
#2667=LINE('',#17038,#4081);
#2668=LINE('',#17040,#4082);
#2669=LINE('',#17043,#4083);
#2670=LINE('',#17044,#4084);
#2671=LINE('',#17047,#4085);
#2672=LINE('',#17048,#4086);
#2673=LINE('',#17051,#4087);
#2674=LINE('',#17052,#4088);
#2675=LINE('',#17055,#4089);
#2676=LINE('',#17056,#4090);
#2677=LINE('',#17059,#4091);
#2678=LINE('',#17060,#4092);
#2679=LINE('',#17063,#4093);
#2680=LINE('',#17064,#4094);
#2681=LINE('',#17067,#4095);
#2682=LINE('',#17068,#4096);
#2683=LINE('',#17071,#4097);
#2684=LINE('',#17072,#4098);
#2685=LINE('',#17075,#4099);
#2686=LINE('',#17076,#4100);
#2687=LINE('',#17078,#4101);
#2688=LINE('',#17081,#4102);
#2689=LINE('',#17082,#4103);
#2690=LINE('',#17085,#4104);
#2691=LINE('',#17086,#4105);
#2692=LINE('',#17089,#4106);
#2693=LINE('',#17090,#4107);
#2694=LINE('',#17093,#4108);
#2695=LINE('',#17094,#4109);
#2696=LINE('',#17097,#4110);
#2697=LINE('',#17098,#4111);
#2698=LINE('',#17100,#4112);
#2699=LINE('',#17104,#4113);
#2700=LINE('',#17106,#4114);
#2701=LINE('',#17107,#4115);
#2702=LINE('',#17110,#4116);
#2703=LINE('',#17112,#4117);
#2704=LINE('',#17113,#4118);
#2705=LINE('',#17115,#4119);
#2706=LINE('',#17117,#4120);
#2707=LINE('',#17120,#4121);
#2708=LINE('',#17122,#4122);
#2709=LINE('',#17123,#4123);
#2710=LINE('',#17126,#4124);
#2711=LINE('',#17127,#4125);
#2712=LINE('',#17130,#4126);
#2713=LINE('',#17131,#4127);
#2714=LINE('',#17133,#4128);
#2715=LINE('',#17136,#4129);
#2716=LINE('',#17138,#4130);
#2717=LINE('',#17139,#4131);
#2718=LINE('',#17142,#4132);
#2719=LINE('',#17146,#4133);
#2720=LINE('',#17147,#4134);
#2721=LINE('',#17152,#4135);
#2722=LINE('',#17153,#4136);
#2723=LINE('',#17154,#4137);
#2724=LINE('',#17156,#4138);
#2725=LINE('',#17159,#4139);
#2726=LINE('',#17160,#4140);
#2727=LINE('',#17162,#4141);
#2728=LINE('',#17163,#4142);
#2729=LINE('',#17166,#4143);
#2730=LINE('',#17170,#4144);
#2731=LINE('',#17171,#4145);
#2732=LINE('',#17173,#4146);
#2733=LINE('',#17176,#4147);
#2734=LINE('',#17178,#4148);
#2735=LINE('',#17180,#4149);
#2736=LINE('',#17181,#4150);
#2737=LINE('',#17184,#4151);
#2738=LINE('',#17185,#4152);
#2739=LINE('',#17188,#4153);
#2740=LINE('',#17189,#4154);
#2741=LINE('',#17192,#4155);
#2742=LINE('',#17193,#4156);
#2743=LINE('',#17195,#4157);
#2744=LINE('',#17201,#4158);
#2745=LINE('',#17207,#4159);
#2746=LINE('',#17212,#4160);
#2747=LINE('',#17215,#4161);
#2748=LINE('',#17220,#4162);
#2749=LINE('',#17223,#4163);
#2750=LINE('',#17228,#4164);
#2751=LINE('',#17231,#4165);
#2752=LINE('',#17235,#4166);
#2753=LINE('',#17237,#4167);
#2754=LINE('',#17239,#4168);
#2755=LINE('',#17242,#4169);
#2756=LINE('',#17244,#4170);
#2757=LINE('',#17246,#4171);
#2758=LINE('',#17251,#4172);
#2759=LINE('',#17253,#4173);
#2760=LINE('',#17255,#4174);
#2761=LINE('',#17257,#4175);
#2762=LINE('',#17258,#4176);
#2763=LINE('',#17260,#4177);
#2764=LINE('',#17261,#4178);
#2765=LINE('',#17263,#4179);
#2766=LINE('',#17265,#4180);
#2767=LINE('',#17268,#4181);
#2768=LINE('',#17270,#4182);
#2769=LINE('',#17272,#4183);
#2770=LINE('',#17274,#4184);
#2771=LINE('',#17278,#4185);
#2772=LINE('',#17280,#4186);
#2773=LINE('',#17282,#4187);
#2774=LINE('',#17283,#4188);
#2775=LINE('',#17284,#4189);
#2776=LINE('',#17286,#4190);
#2777=LINE('',#17287,#4191);
#2778=LINE('',#17289,#4192);
#2779=LINE('',#17291,#4193);
#2780=LINE('',#17293,#4194);
#2781=LINE('',#17297,#4195);
#2782=LINE('',#17298,#4196);
#2783=LINE('',#17300,#4197);
#2784=LINE('',#17301,#4198);
#2785=LINE('',#17303,#4199);
#2786=LINE('',#17306,#4200);
#2787=LINE('',#17307,#4201);
#2788=LINE('',#17310,#4202);
#2789=LINE('',#17311,#4203);
#2790=LINE('',#17314,#4204);
#2791=LINE('',#17315,#4205);
#2792=LINE('',#17318,#4206);
#2793=LINE('',#17319,#4207);
#2794=LINE('',#17322,#4208);
#2795=LINE('',#17323,#4209);
#2796=LINE('',#17326,#4210);
#2797=LINE('',#17327,#4211);
#2798=LINE('',#17330,#4212);
#2799=LINE('',#17331,#4213);
#2800=LINE('',#17334,#4214);
#2801=LINE('',#17335,#4215);
#2802=LINE('',#17338,#4216);
#2803=LINE('',#17339,#4217);
#2804=LINE('',#17342,#4218);
#2805=LINE('',#17343,#4219);
#2806=LINE('',#17346,#4220);
#2807=LINE('',#17347,#4221);
#2808=LINE('',#17350,#4222);
#2809=LINE('',#17351,#4223);
#2810=LINE('',#17354,#4224);
#2811=LINE('',#17355,#4225);
#2812=LINE('',#17358,#4226);
#2813=LINE('',#17359,#4227);
#2814=LINE('',#17362,#4228);
#2815=LINE('',#17363,#4229);
#2816=LINE('',#17365,#4230);
#2817=LINE('',#17367,#4231);
#2818=LINE('',#17369,#4232);
#2819=LINE('',#17372,#4233);
#2820=LINE('',#17378,#4234);
#2821=LINE('',#17379,#4235);
#2822=LINE('',#17382,#4236);
#2823=LINE('',#17383,#4237);
#2824=LINE('',#17385,#4238);
#2825=LINE('',#17388,#4239);
#2826=LINE('',#17390,#4240);
#2827=LINE('',#17391,#4241);
#2828=LINE('',#17394,#4242);
#2829=LINE('',#17395,#4243);
#2830=LINE('',#17398,#4244);
#2831=LINE('',#17399,#4245);
#2832=LINE('',#17401,#4246);
#2833=LINE('',#17404,#4247);
#2834=LINE('',#17406,#4248);
#2835=LINE('',#17407,#4249);
#2836=LINE('',#17410,#4250);
#2837=LINE('',#17411,#4251);
#2838=LINE('',#17414,#4252);
#2839=LINE('',#17415,#4253);
#2840=LINE('',#17417,#4254);
#2841=LINE('',#17420,#4255);
#2842=LINE('',#17422,#4256);
#2843=LINE('',#17423,#4257);
#2844=LINE('',#17426,#4258);
#2845=LINE('',#17427,#4259);
#2846=LINE('',#17430,#4260);
#2847=LINE('',#17431,#4261);
#2848=LINE('',#17433,#4262);
#2849=LINE('',#17436,#4263);
#2850=LINE('',#17438,#4264);
#2851=LINE('',#17439,#4265);
#2852=LINE('',#17442,#4266);
#2853=LINE('',#17443,#4267);
#2854=LINE('',#17446,#4268);
#2855=LINE('',#17447,#4269);
#2856=LINE('',#17449,#4270);
#2857=LINE('',#17452,#4271);
#2858=LINE('',#17454,#4272);
#2859=LINE('',#17455,#4273);
#2860=LINE('',#17458,#4274);
#2861=LINE('',#17459,#4275);
#2862=LINE('',#17462,#4276);
#2863=LINE('',#17463,#4277);
#2864=LINE('',#17465,#4278);
#2865=LINE('',#17468,#4279);
#2866=LINE('',#17470,#4280);
#2867=LINE('',#17471,#4281);
#2868=LINE('',#17474,#4282);
#2869=LINE('',#17475,#4283);
#2870=LINE('',#17478,#4284);
#2871=LINE('',#17479,#4285);
#2872=LINE('',#17481,#4286);
#2873=LINE('',#17484,#4287);
#2874=LINE('',#17486,#4288);
#2875=LINE('',#17487,#4289);
#2876=LINE('',#17490,#4290);
#2877=LINE('',#17491,#4291);
#2878=LINE('',#17494,#4292);
#2879=LINE('',#17495,#4293);
#2880=LINE('',#17497,#4294);
#2881=LINE('',#17500,#4295);
#2882=LINE('',#17502,#4296);
#2883=LINE('',#17503,#4297);
#2884=LINE('',#17506,#4298);
#2885=LINE('',#17507,#4299);
#2886=LINE('',#17510,#4300);
#2887=LINE('',#17511,#4301);
#2888=LINE('',#17513,#4302);
#2889=LINE('',#17516,#4303);
#2890=LINE('',#17518,#4304);
#2891=LINE('',#17519,#4305);
#2892=LINE('',#17522,#4306);
#2893=LINE('',#17523,#4307);
#2894=LINE('',#17526,#4308);
#2895=LINE('',#17527,#4309);
#2896=LINE('',#17529,#4310);
#2897=LINE('',#17532,#4311);
#2898=LINE('',#17534,#4312);
#2899=LINE('',#17535,#4313);
#2900=LINE('',#17538,#4314);
#2901=LINE('',#17539,#4315);
#2902=LINE('',#17542,#4316);
#2903=LINE('',#17543,#4317);
#2904=LINE('',#17545,#4318);
#2905=LINE('',#17548,#4319);
#2906=LINE('',#17550,#4320);
#2907=LINE('',#17551,#4321);
#2908=LINE('',#17554,#4322);
#2909=LINE('',#17555,#4323);
#2910=LINE('',#17558,#4324);
#2911=LINE('',#17559,#4325);
#2912=LINE('',#17561,#4326);
#2913=LINE('',#17564,#4327);
#2914=LINE('',#17566,#4328);
#2915=LINE('',#17567,#4329);
#2916=LINE('',#17570,#4330);
#2917=LINE('',#17571,#4331);
#2918=LINE('',#17574,#4332);
#2919=LINE('',#17575,#4333);
#2920=LINE('',#17577,#4334);
#2921=LINE('',#17580,#4335);
#2922=LINE('',#17582,#4336);
#2923=LINE('',#17583,#4337);
#2924=LINE('',#17586,#4338);
#2925=LINE('',#17587,#4339);
#2926=LINE('',#17590,#4340);
#2927=LINE('',#17591,#4341);
#2928=LINE('',#17593,#4342);
#2929=LINE('',#17596,#4343);
#2930=LINE('',#17598,#4344);
#2931=LINE('',#17599,#4345);
#2932=LINE('',#17602,#4346);
#2933=LINE('',#17603,#4347);
#2934=LINE('',#17606,#4348);
#2935=LINE('',#17607,#4349);
#2936=LINE('',#17609,#4350);
#2937=LINE('',#17612,#4351);
#2938=LINE('',#17614,#4352);
#2939=LINE('',#17615,#4353);
#2940=LINE('',#17618,#4354);
#2941=LINE('',#17619,#4355);
#2942=LINE('',#17622,#4356);
#2943=LINE('',#17623,#4357);
#2944=LINE('',#17625,#4358);
#2945=LINE('',#17628,#4359);
#2946=LINE('',#17630,#4360);
#2947=LINE('',#17631,#4361);
#2948=LINE('',#17634,#4362);
#2949=LINE('',#17635,#4363);
#2950=LINE('',#17638,#4364);
#2951=LINE('',#17639,#4365);
#2952=LINE('',#17641,#4366);
#2953=LINE('',#17644,#4367);
#2954=LINE('',#17646,#4368);
#2955=LINE('',#17647,#4369);
#2956=LINE('',#17650,#4370);
#2957=LINE('',#17651,#4371);
#2958=LINE('',#17654,#4372);
#2959=LINE('',#17655,#4373);
#2960=LINE('',#17657,#4374);
#2961=VECTOR('',#11762,10.);
#2962=VECTOR('',#11763,10.);
#2963=VECTOR('',#11764,10.);
#2964=VECTOR('',#11765,10.);
#2965=VECTOR('',#11768,10.);
#2966=VECTOR('',#11771,10.);
#2967=VECTOR('',#11772,10.);
#2968=VECTOR('',#11773,10.);
#2969=VECTOR('',#11774,10.);
#2970=VECTOR('',#11777,10.);
#2971=VECTOR('',#11780,10.);
#2972=VECTOR('',#11783,10.);
#2973=VECTOR('',#11786,10.);
#2974=VECTOR('',#11789,10.);
#2975=VECTOR('',#11790,10.);
#2976=VECTOR('',#11791,10.);
#2977=VECTOR('',#11792,10.);
#2978=VECTOR('',#11793,10.);
#2979=VECTOR('',#11796,10.);
#2980=VECTOR('',#11797,10.);
#2981=VECTOR('',#11798,10.);
#2982=VECTOR('',#11799,10.);
#2983=VECTOR('',#11800,10.);
#2984=VECTOR('',#11801,10.);
#2985=VECTOR('',#11802,10.);
#2986=VECTOR('',#11803,10.);
#2987=VECTOR('',#11804,10.);
#2988=VECTOR('',#11805,10.);
#2989=VECTOR('',#11806,10.);
#2990=VECTOR('',#11807,10.);
#2991=VECTOR('',#11808,10.);
#2992=VECTOR('',#11809,10.);
#2993=VECTOR('',#11810,10.);
#2994=VECTOR('',#11811,10.);
#2995=VECTOR('',#11812,10.);
#2996=VECTOR('',#11813,10.);
#2997=VECTOR('',#11814,10.);
#2998=VECTOR('',#11815,10.);
#2999=VECTOR('',#11818,10.);
#3000=VECTOR('',#11821,10.);
#3001=VECTOR('',#11824,10.);
#3002=VECTOR('',#11827,10.);
#3003=VECTOR('',#11828,10.);
#3004=VECTOR('',#11829,10.);
#3005=VECTOR('',#11832,10.);
#3006=VECTOR('',#11833,10.);
#3007=VECTOR('',#11834,10.);
#3008=VECTOR('',#11837,10.);
#3009=VECTOR('',#11838,10.);
#3010=VECTOR('',#11841,10.);
#3011=VECTOR('',#11842,10.);
#3012=VECTOR('',#11845,10.);
#3013=VECTOR('',#11850,10.);
#3014=VECTOR('',#11853,10.);
#3015=VECTOR('',#11854,10.);
#3016=VECTOR('',#11859,10.);
#3017=VECTOR('',#11862,10.);
#3018=VECTOR('',#11863,10.);
#3019=VECTOR('',#11868,10.);
#3020=VECTOR('',#11871,10.);
#3021=VECTOR('',#11872,10.);
#3022=VECTOR('',#11877,10.);
#3023=VECTOR('',#11880,10.);
#3024=VECTOR('',#11881,10.);
#3025=VECTOR('',#11882,10.);
#3026=VECTOR('',#11883,10.);
#3027=VECTOR('',#11884,10.);
#3028=VECTOR('',#11885,10.);
#3029=VECTOR('',#11890,10.);
#3030=VECTOR('',#11893,10.);
#3031=VECTOR('',#11896,10.);
#3032=VECTOR('',#11897,10.);
#3033=VECTOR('',#11898,10.);
#3034=VECTOR('',#11901,10.);
#3035=VECTOR('',#11902,10.);
#3036=VECTOR('',#11905,10.);
#3037=VECTOR('',#11908,10.);
#3038=VECTOR('',#11911,10.);
#3039=VECTOR('',#11912,10.);
#3040=VECTOR('',#11913,10.);
#3041=VECTOR('',#11914,10.);
#3042=VECTOR('',#11915,10.);
#3043=VECTOR('',#11918,10.);
#3044=VECTOR('',#11919,10.);
#3045=VECTOR('',#11920,10.);
#3046=VECTOR('',#11923,10.);
#3047=VECTOR('',#11924,10.);
#3048=VECTOR('',#11927,10.);
#3049=VECTOR('',#11928,10.);
#3050=VECTOR('',#11929,10.);
#3051=VECTOR('',#11930,10.);
#3052=VECTOR('',#11931,10.);
#3053=VECTOR('',#11934,10.);
#3054=VECTOR('',#11941,10.);
#3055=VECTOR('',#11944,10.);
#3056=VECTOR('',#11947,10.);
#3057=VECTOR('',#11950,10.);
#3058=VECTOR('',#11951,10.);
#3059=VECTOR('',#11952,10.);
#3060=VECTOR('',#11953,10.);
#3061=VECTOR('',#11956,10.);
#3062=VECTOR('',#11959,10.);
#3063=VECTOR('',#11960,10.);
#3064=VECTOR('',#11961,10.);
#3065=VECTOR('',#11962,10.);
#3066=VECTOR('',#11965,10.);
#3067=VECTOR('',#11968,10.);
#3068=VECTOR('',#11971,10.);
#3069=VECTOR('',#11974,10.);
#3070=VECTOR('',#11979,10.);
#3071=VECTOR('',#11980,10.);
#3072=VECTOR('',#11983,10.);
#3073=VECTOR('',#11986,10.);
#3074=VECTOR('',#11987,10.);
#3075=VECTOR('',#11990,10.);
#3076=VECTOR('',#11993,10.);
#3077=VECTOR('',#11996,10.);
#3078=VECTOR('',#12001,10.);
#3079=VECTOR('',#12006,10.);
#3080=VECTOR('',#12007,10.);
#3081=VECTOR('',#12010,10.);
#3082=VECTOR('',#12013,10.);
#3083=VECTOR('',#12016,10.);
#3084=VECTOR('',#12019,10.);
#3085=VECTOR('',#12022,10.);
#3086=VECTOR('',#12025,10.);
#3087=VECTOR('',#12026,10.);
#3088=VECTOR('',#12027,10.);
#3089=VECTOR('',#12028,10.);
#3090=VECTOR('',#12029,10.);
#3091=VECTOR('',#12030,10.);
#3092=VECTOR('',#12033,10.);
#3093=VECTOR('',#12034,10.);
#3094=VECTOR('',#12035,10.);
#3095=VECTOR('',#12036,10.);
#3096=VECTOR('',#12039,10.);
#3097=VECTOR('',#12042,10.);
#3098=VECTOR('',#12045,10.);
#3099=VECTOR('',#12048,10.);
#3100=VECTOR('',#12051,10.);
#3101=VECTOR('',#12052,10.);
#3102=VECTOR('',#12053,10.);
#3103=VECTOR('',#12056,10.);
#3104=VECTOR('',#12059,10.);
#3105=VECTOR('',#12062,10.);
#3106=VECTOR('',#12063,10.);
#3107=VECTOR('',#12066,10.);
#3108=VECTOR('',#12069,10.);
#3109=VECTOR('',#12072,10.);
#3110=VECTOR('',#12073,10.);
#3111=VECTOR('',#12076,5.);
#3112=VECTOR('',#12079,10.);
#3113=VECTOR('',#12084,10.);
#3114=VECTOR('',#12085,10.);
#3115=VECTOR('',#12088,10.);
#3116=VECTOR('',#12089,10.);
#3117=VECTOR('',#12090,10.);
#3118=VECTOR('',#12091,10.);
#3119=VECTOR('',#12092,10.);
#3120=VECTOR('',#12095,10.);
#3121=VECTOR('',#12096,10.);
#3122=VECTOR('',#12097,10.);
#3123=VECTOR('',#12098,10.);
#3124=VECTOR('',#12101,10.);
#3125=VECTOR('',#12104,10.);
#3126=VECTOR('',#12107,10.);
#3127=VECTOR('',#12110,10.);
#3128=VECTOR('',#12111,10.);
#3129=VECTOR('',#12112,10.);
#3130=VECTOR('',#12113,10.);
#3131=VECTOR('',#12114,10.);
#3132=VECTOR('',#12115,10.);
#3133=VECTOR('',#12116,10.);
#3134=VECTOR('',#12117,10.);
#3135=VECTOR('',#12118,10.);
#3136=VECTOR('',#12119,10.);
#3137=VECTOR('',#12120,10.);
#3138=VECTOR('',#12121,10.);
#3139=VECTOR('',#12122,10.);
#3140=VECTOR('',#12123,10.);
#3141=VECTOR('',#12124,10.);
#3142=VECTOR('',#12125,10.);
#3143=VECTOR('',#12126,10.);
#3144=VECTOR('',#12127,10.);
#3145=VECTOR('',#12128,10.);
#3146=VECTOR('',#12129,10.);
#3147=VECTOR('',#12130,10.);
#3148=VECTOR('',#12131,10.);
#3149=VECTOR('',#12132,10.);
#3150=VECTOR('',#12133,10.);
#3151=VECTOR('',#12134,10.);
#3152=VECTOR('',#12135,10.);
#3153=VECTOR('',#12136,10.);
#3154=VECTOR('',#12137,10.);
#3155=VECTOR('',#12138,10.);
#3156=VECTOR('',#12139,10.);
#3157=VECTOR('',#12140,10.);
#3158=VECTOR('',#12141,10.);
#3159=VECTOR('',#12142,10.);
#3160=VECTOR('',#12143,10.);
#3161=VECTOR('',#12144,10.);
#3162=VECTOR('',#12145,10.);
#3163=VECTOR('',#12146,10.);
#3164=VECTOR('',#12147,10.);
#3165=VECTOR('',#12148,10.);
#3166=VECTOR('',#12149,10.);
#3167=VECTOR('',#12150,10.);
#3168=VECTOR('',#12151,10.);
#3169=VECTOR('',#12152,10.);
#3170=VECTOR('',#12153,10.);
#3171=VECTOR('',#12154,10.);
#3172=VECTOR('',#12155,10.);
#3173=VECTOR('',#12156,10.);
#3174=VECTOR('',#12157,10.);
#3175=VECTOR('',#12158,10.);
#3176=VECTOR('',#12159,10.);
#3177=VECTOR('',#12160,10.);
#3178=VECTOR('',#12161,10.);
#3179=VECTOR('',#12162,10.);
#3180=VECTOR('',#12163,10.);
#3181=VECTOR('',#12164,10.);
#3182=VECTOR('',#12165,10.);
#3183=VECTOR('',#12166,10.);
#3184=VECTOR('',#12167,10.);
#3185=VECTOR('',#12168,10.);
#3186=VECTOR('',#12169,10.);
#3187=VECTOR('',#12170,10.);
#3188=VECTOR('',#12171,10.);
#3189=VECTOR('',#12172,10.);
#3190=VECTOR('',#12173,10.);
#3191=VECTOR('',#12174,10.);
#3192=VECTOR('',#12175,10.);
#3193=VECTOR('',#12176,10.);
#3194=VECTOR('',#12177,10.);
#3195=VECTOR('',#12178,10.);
#3196=VECTOR('',#12179,10.);
#3197=VECTOR('',#12180,10.);
#3198=VECTOR('',#12181,10.);
#3199=VECTOR('',#12182,10.);
#3200=VECTOR('',#12183,10.);
#3201=VECTOR('',#12184,10.);
#3202=VECTOR('',#12185,10.);
#3203=VECTOR('',#12196,10.);
#3204=VECTOR('',#12199,10.);
#3205=VECTOR('',#12202,10.);
#3206=VECTOR('',#12203,10.);
#3207=VECTOR('',#12204,10.);
#3208=VECTOR('',#12205,10.);
#3209=VECTOR('',#12210,10.);
#3210=VECTOR('',#12213,10.);
#3211=VECTOR('',#12214,10.);
#3212=VECTOR('',#12217,10.);
#3213=VECTOR('',#12220,10.);
#3214=VECTOR('',#12223,10.);
#3215=VECTOR('',#12224,10.);
#3216=VECTOR('',#12227,2.);
#3217=VECTOR('',#12230,10.);
#3218=VECTOR('',#12233,10.);
#3219=VECTOR('',#12234,10.);
#3220=VECTOR('',#12235,10.);
#3221=VECTOR('',#12236,10.);
#3222=VECTOR('',#12239,10.);
#3223=VECTOR('',#12240,10.);
#3224=VECTOR('',#12241,10.);
#3225=VECTOR('',#12244,10.);
#3226=VECTOR('',#12245,10.);
#3227=VECTOR('',#12246,10.);
#3228=VECTOR('',#12249,10.);
#3229=VECTOR('',#12250,10.);
#3230=VECTOR('',#12251,10.);
#3231=VECTOR('',#12254,10.);
#3232=VECTOR('',#12255,10.);
#3233=VECTOR('',#12256,10.);
#3234=VECTOR('',#12259,10.);
#3235=VECTOR('',#12260,10.);
#3236=VECTOR('',#12261,10.);
#3237=VECTOR('',#12264,10.);
#3238=VECTOR('',#12265,10.);
#3239=VECTOR('',#12266,10.);
#3240=VECTOR('',#12267,10.);
#3241=VECTOR('',#12268,10.);
#3242=VECTOR('',#12269,10.);
#3243=VECTOR('',#12270,10.);
#3244=VECTOR('',#12271,10.);
#3245=VECTOR('',#12272,10.);
#3246=VECTOR('',#12273,10.);
#3247=VECTOR('',#12274,10.);
#3248=VECTOR('',#12275,10.);
#3249=VECTOR('',#12276,10.);
#3250=VECTOR('',#12277,10.);
#3251=VECTOR('',#12278,10.);
#3252=VECTOR('',#12279,10.);
#3253=VECTOR('',#12280,10.);
#3254=VECTOR('',#12283,10.);
#3255=VECTOR('',#12284,10.);
#3256=VECTOR('',#12285,10.);
#3257=VECTOR('',#12286,10.);
#3258=VECTOR('',#12289,10.);
#3259=VECTOR('',#12290,10.);
#3260=VECTOR('',#12291,10.);
#3261=VECTOR('',#12294,10.);
#3262=VECTOR('',#12295,10.);
#3263=VECTOR('',#12298,10.);
#3264=VECTOR('',#12301,10.);
#3265=VECTOR('',#12302,10.);
#3266=VECTOR('',#12303,10.);
#3267=VECTOR('',#12306,10.);
#3268=VECTOR('',#12307,10.);
#3269=VECTOR('',#12310,10.);
#3270=VECTOR('',#12311,10.);
#3271=VECTOR('',#12314,10.);
#3272=VECTOR('',#12315,10.);
#3273=VECTOR('',#12316,10.);
#3274=VECTOR('',#12317,10.);
#3275=VECTOR('',#12320,10.);
#3276=VECTOR('',#12321,10.);
#3277=VECTOR('',#12324,10.);
#3278=VECTOR('',#12325,10.);
#3279=VECTOR('',#12328,10.);
#3280=VECTOR('',#12329,10.);
#3281=VECTOR('',#12332,10.);
#3282=VECTOR('',#12333,10.);
#3283=VECTOR('',#12336,10.);
#3284=VECTOR('',#12337,10.);
#3285=VECTOR('',#12340,10.);
#3286=VECTOR('',#12341,10.);
#3287=VECTOR('',#12344,10.);
#3288=VECTOR('',#12345,10.);
#3289=VECTOR('',#12346,10.);
#3290=VECTOR('',#12347,10.);
#3291=VECTOR('',#12350,10.);
#3292=VECTOR('',#12351,10.);
#3293=VECTOR('',#12352,10.);
#3294=VECTOR('',#12355,10.);
#3295=VECTOR('',#12356,10.);
#3296=VECTOR('',#12357,10.);
#3297=VECTOR('',#12360,10.);
#3298=VECTOR('',#12361,10.);
#3299=VECTOR('',#12362,10.);
#3300=VECTOR('',#12365,10.);
#3301=VECTOR('',#12366,10.);
#3302=VECTOR('',#12367,10.);
#3303=VECTOR('',#12370,10.);
#3304=VECTOR('',#12371,10.);
#3305=VECTOR('',#12372,10.);
#3306=VECTOR('',#12375,10.);
#3307=VECTOR('',#12376,10.);
#3308=VECTOR('',#12377,10.);
#3309=VECTOR('',#12378,10.);
#3310=VECTOR('',#12379,10.);
#3311=VECTOR('',#12382,10.);
#3312=VECTOR('',#12383,10.);
#3313=VECTOR('',#12384,10.);
#3314=VECTOR('',#12385,10.);
#3315=VECTOR('',#12386,10.);
#3316=VECTOR('',#12387,10.);
#3317=VECTOR('',#12388,10.);
#3318=VECTOR('',#12389,10.);
#3319=VECTOR('',#12390,10.);
#3320=VECTOR('',#12391,10.);
#3321=VECTOR('',#12392,10.);
#3322=VECTOR('',#12393,10.);
#3323=VECTOR('',#12396,10.);
#3324=VECTOR('',#12397,10.);
#3325=VECTOR('',#12400,10.);
#3326=VECTOR('',#12401,10.);
#3327=VECTOR('',#12404,10.);
#3328=VECTOR('',#12405,10.);
#3329=VECTOR('',#12408,10.);
#3330=VECTOR('',#12409,10.);
#3331=VECTOR('',#12412,10.);
#3332=VECTOR('',#12413,10.);
#3333=VECTOR('',#12416,10.);
#3334=VECTOR('',#12417,10.);
#3335=VECTOR('',#12420,10.);
#3336=VECTOR('',#12421,10.);
#3337=VECTOR('',#12422,10.);
#3338=VECTOR('',#12425,10.);
#3339=VECTOR('',#12426,10.);
#3340=VECTOR('',#12429,10.);
#3341=VECTOR('',#12430,10.);
#3342=VECTOR('',#12433,10.);
#3343=VECTOR('',#12436,10.);
#3344=VECTOR('',#12437,10.);
#3345=VECTOR('',#12440,10.);
#3346=VECTOR('',#12441,10.);
#3347=VECTOR('',#12444,10.);
#3348=VECTOR('',#12445,10.);
#3349=VECTOR('',#12448,10.);
#3350=VECTOR('',#12449,10.);
#3351=VECTOR('',#12452,10.);
#3352=VECTOR('',#12453,10.);
#3353=VECTOR('',#12456,10.);
#3354=VECTOR('',#12457,10.);
#3355=VECTOR('',#12460,10.);
#3356=VECTOR('',#12461,10.);
#3357=VECTOR('',#12464,10.);
#3358=VECTOR('',#12465,10.);
#3359=VECTOR('',#12468,10.);
#3360=VECTOR('',#12469,10.);
#3361=VECTOR('',#12472,10.);
#3362=VECTOR('',#12473,10.);
#3363=VECTOR('',#12476,10.);
#3364=VECTOR('',#12477,10.);
#3365=VECTOR('',#12480,10.);
#3366=VECTOR('',#12481,10.);
#3367=VECTOR('',#12484,10.);
#3368=VECTOR('',#12489,10.);
#3369=VECTOR('',#12490,10.);
#3370=VECTOR('',#12491,10.);
#3371=VECTOR('',#12494,10.);
#3372=VECTOR('',#12495,10.);
#3373=VECTOR('',#12498,10.);
#3374=VECTOR('',#12499,10.);
#3375=VECTOR('',#12502,10.);
#3376=VECTOR('',#12505,10.);
#3377=VECTOR('',#12506,10.);
#3378=VECTOR('',#12509,10.);
#3379=VECTOR('',#12510,10.);
#3380=VECTOR('',#12513,10.);
#3381=VECTOR('',#12514,10.);
#3382=VECTOR('',#12517,10.);
#3383=VECTOR('',#12518,10.);
#3384=VECTOR('',#12521,10.);
#3385=VECTOR('',#12522,10.);
#3386=VECTOR('',#12525,10.);
#3387=VECTOR('',#12526,10.);
#3388=VECTOR('',#12529,10.);
#3389=VECTOR('',#12530,10.);
#3390=VECTOR('',#12533,10.);
#3391=VECTOR('',#12534,10.);
#3392=VECTOR('',#12537,10.);
#3393=VECTOR('',#12538,10.);
#3394=VECTOR('',#12541,10.);
#3395=VECTOR('',#12544,10.);
#3396=VECTOR('',#12545,10.);
#3397=VECTOR('',#12548,10.);
#3398=VECTOR('',#12549,10.);
#3399=VECTOR('',#12552,10.);
#3400=VECTOR('',#12553,10.);
#3401=VECTOR('',#12556,10.);
#3402=VECTOR('',#12557,10.);
#3403=VECTOR('',#12560,10.);
#3404=VECTOR('',#12561,10.);
#3405=VECTOR('',#12564,10.);
#3406=VECTOR('',#12569,10.);
#3407=VECTOR('',#12570,10.);
#3408=VECTOR('',#12571,10.);
#3409=VECTOR('',#12574,10.);
#3410=VECTOR('',#12575,10.);
#3411=VECTOR('',#12576,10.);
#3412=VECTOR('',#12579,10.);
#3413=VECTOR('',#12582,10.);
#3414=VECTOR('',#12585,10.);
#3415=VECTOR('',#12586,10.);
#3416=VECTOR('',#12587,10.);
#3417=VECTOR('',#12590,10.);
#3418=VECTOR('',#12591,10.);
#3419=VECTOR('',#12594,10.);
#3420=VECTOR('',#12595,10.);
#3421=VECTOR('',#12598,10.);
#3422=VECTOR('',#12601,10.);
#3423=VECTOR('',#12602,10.);
#3424=VECTOR('',#12603,10.);
#3425=VECTOR('',#12606,10.);
#3426=VECTOR('',#12611,10.);
#3427=VECTOR('',#12612,10.);
#3428=VECTOR('',#12619,10.);
#3429=VECTOR('',#12620,10.);
#3430=VECTOR('',#12621,10.);
#3431=VECTOR('',#12624,10.);
#3432=VECTOR('',#12627,10.);
#3433=VECTOR('',#12628,10.);
#3434=VECTOR('',#12631,10.);
#3435=VECTOR('',#12632,10.);
#3436=VECTOR('',#12637,10.);
#3437=VECTOR('',#12642,10.);
#3438=VECTOR('',#12643,10.);
#3439=VECTOR('',#12646,10.);
#3440=VECTOR('',#12649,10.);
#3441=VECTOR('',#12650,10.);
#3442=VECTOR('',#12651,10.);
#3443=VECTOR('',#12652,10.);
#3444=VECTOR('',#12655,10.);
#3445=VECTOR('',#12656,10.);
#3446=VECTOR('',#12659,10.);
#3447=VECTOR('',#12660,10.);
#3448=VECTOR('',#12663,10.);
#3449=VECTOR('',#12664,10.);
#3450=VECTOR('',#12667,10.);
#3451=VECTOR('',#12676,1.7);
#3452=VECTOR('',#12681,1.2);
#3453=VECTOR('',#12686,1.7);
#3454=VECTOR('',#12691,1.2);
#3455=VECTOR('',#12696,1.7);
#3456=VECTOR('',#12701,1.2);
#3457=VECTOR('',#12706,1.7);
#3458=VECTOR('',#12711,1.2);
#3459=VECTOR('',#12718,10.);
#3460=VECTOR('',#12721,10.);
#3461=VECTOR('',#12724,10.);
#3462=VECTOR('',#12729,10.);
#3463=VECTOR('',#12732,10.);
#3464=VECTOR('',#12735,10.);
#3465=VECTOR('',#12740,10.);
#3466=VECTOR('',#12741,10.);
#3467=VECTOR('',#12742,10.);
#3468=VECTOR('',#12743,10.);
#3469=VECTOR('',#12744,10.);
#3470=VECTOR('',#12747,10.);
#3471=VECTOR('',#12748,10.);
#3472=VECTOR('',#12751,10.);
#3473=VECTOR('',#12754,10.);
#3474=VECTOR('',#12757,10.);
#3475=VECTOR('',#12758,10.);
#3476=VECTOR('',#12759,10.);
#3477=VECTOR('',#12760,10.);
#3478=VECTOR('',#12761,10.);
#3479=VECTOR('',#12764,10.);
#3480=VECTOR('',#12765,10.);
#3481=VECTOR('',#12766,10.);
#3482=VECTOR('',#12767,10.);
#3483=VECTOR('',#12770,10.);
#3484=VECTOR('',#12771,10.);
#3485=VECTOR('',#12774,10.);
#3486=VECTOR('',#12777,10.);
#3487=VECTOR('',#12780,10.);
#3488=VECTOR('',#12785,10.);
#3489=VECTOR('',#12786,10.);
#3490=VECTOR('',#12789,10.);
#3491=VECTOR('',#12790,10.);
#3492=VECTOR('',#12793,10.);
#3493=VECTOR('',#12796,10.);
#3494=VECTOR('',#12797,10.);
#3495=VECTOR('',#12800,10.);
#3496=VECTOR('',#12801,10.);
#3497=VECTOR('',#12804,10.);
#3498=VECTOR('',#12805,10.);
#3499=VECTOR('',#12808,10.);
#3500=VECTOR('',#12809,10.);
#3501=VECTOR('',#12812,10.);
#3502=VECTOR('',#12813,10.);
#3503=VECTOR('',#12816,10.);
#3504=VECTOR('',#12817,10.);
#3505=VECTOR('',#12820,10.);
#3506=VECTOR('',#12821,10.);
#3507=VECTOR('',#12824,10.);
#3508=VECTOR('',#12825,10.);
#3509=VECTOR('',#12828,10.);
#3510=VECTOR('',#12829,10.);
#3511=VECTOR('',#12832,10.);
#3512=VECTOR('',#12833,10.);
#3513=VECTOR('',#12836,10.);
#3514=VECTOR('',#12837,10.);
#3515=VECTOR('',#12840,10.);
#3516=VECTOR('',#12841,10.);
#3517=VECTOR('',#12844,10.);
#3518=VECTOR('',#12845,10.);
#3519=VECTOR('',#12848,10.);
#3520=VECTOR('',#12849,10.);
#3521=VECTOR('',#12852,10.);
#3522=VECTOR('',#12853,10.);
#3523=VECTOR('',#12856,10.);
#3524=VECTOR('',#12859,10.);
#3525=VECTOR('',#12862,10.);
#3526=VECTOR('',#12867,10.);
#3527=VECTOR('',#12876,10.);
#3528=VECTOR('',#12877,10.);
#3529=VECTOR('',#12880,10.);
#3530=VECTOR('',#12881,10.);
#3531=VECTOR('',#12884,10.);
#3532=VECTOR('',#12887,10.);
#3533=VECTOR('',#12888,10.);
#3534=VECTOR('',#12889,10.);
#3535=VECTOR('',#12892,10.);
#3536=VECTOR('',#12893,10.);
#3537=VECTOR('',#12896,10.);
#3538=VECTOR('',#12897,10.);
#3539=VECTOR('',#12900,10.);
#3540=VECTOR('',#12903,10.);
#3541=VECTOR('',#12904,10.);
#3542=VECTOR('',#12905,10.);
#3543=VECTOR('',#12908,10.);
#3544=VECTOR('',#12909,10.);
#3545=VECTOR('',#12912,10.);
#3546=VECTOR('',#12913,10.);
#3547=VECTOR('',#12916,10.);
#3548=VECTOR('',#12919,10.);
#3549=VECTOR('',#12920,10.);
#3550=VECTOR('',#12921,10.);
#3551=VECTOR('',#12924,10.);
#3552=VECTOR('',#12925,10.);
#3553=VECTOR('',#12928,10.);
#3554=VECTOR('',#12929,10.);
#3555=VECTOR('',#12932,10.);
#3556=VECTOR('',#12935,10.);
#3557=VECTOR('',#12936,10.);
#3558=VECTOR('',#12937,10.);
#3559=VECTOR('',#12940,10.);
#3560=VECTOR('',#12941,10.);
#3561=VECTOR('',#12944,10.);
#3562=VECTOR('',#12945,10.);
#3563=VECTOR('',#12948,10.);
#3564=VECTOR('',#12951,10.);
#3565=VECTOR('',#12952,10.);
#3566=VECTOR('',#12953,10.);
#3567=VECTOR('',#12956,10.);
#3568=VECTOR('',#12957,10.);
#3569=VECTOR('',#12960,10.);
#3570=VECTOR('',#12961,10.);
#3571=VECTOR('',#12964,10.);
#3572=VECTOR('',#12967,10.);
#3573=VECTOR('',#12968,10.);
#3574=VECTOR('',#12969,10.);
#3575=VECTOR('',#12972,10.);
#3576=VECTOR('',#12973,10.);
#3577=VECTOR('',#12976,10.);
#3578=VECTOR('',#12977,10.);
#3579=VECTOR('',#12980,10.);
#3580=VECTOR('',#12983,10.);
#3581=VECTOR('',#12984,10.);
#3582=VECTOR('',#12985,10.);
#3583=VECTOR('',#12988,10.);
#3584=VECTOR('',#12989,10.);
#3585=VECTOR('',#12992,10.);
#3586=VECTOR('',#12993,10.);
#3587=VECTOR('',#12996,10.);
#3588=VECTOR('',#12999,10.);
#3589=VECTOR('',#13000,10.);
#3590=VECTOR('',#13001,10.);
#3591=VECTOR('',#13004,10.);
#3592=VECTOR('',#13005,10.);
#3593=VECTOR('',#13008,10.);
#3594=VECTOR('',#13009,10.);
#3595=VECTOR('',#13012,10.);
#3596=VECTOR('',#13015,10.);
#3597=VECTOR('',#13016,10.);
#3598=VECTOR('',#13017,10.);
#3599=VECTOR('',#13020,10.);
#3600=VECTOR('',#13021,10.);
#3601=VECTOR('',#13024,10.);
#3602=VECTOR('',#13025,10.);
#3603=VECTOR('',#13028,10.);
#3604=VECTOR('',#13031,10.);
#3605=VECTOR('',#13032,10.);
#3606=VECTOR('',#13033,10.);
#3607=VECTOR('',#13036,10.);
#3608=VECTOR('',#13037,10.);
#3609=VECTOR('',#13040,10.);
#3610=VECTOR('',#13041,10.);
#3611=VECTOR('',#13044,10.);
#3612=VECTOR('',#13047,10.);
#3613=VECTOR('',#13048,10.);
#3614=VECTOR('',#13049,10.);
#3615=VECTOR('',#13052,10.);
#3616=VECTOR('',#13053,10.);
#3617=VECTOR('',#13056,10.);
#3618=VECTOR('',#13057,10.);
#3619=VECTOR('',#13060,10.);
#3620=VECTOR('',#13063,10.);
#3621=VECTOR('',#13064,10.);
#3622=VECTOR('',#13065,10.);
#3623=VECTOR('',#13068,10.);
#3624=VECTOR('',#13069,10.);
#3625=VECTOR('',#13072,10.);
#3626=VECTOR('',#13073,10.);
#3627=VECTOR('',#13076,10.);
#3628=VECTOR('',#13079,10.);
#3629=VECTOR('',#13080,10.);
#3630=VECTOR('',#13081,10.);
#3631=VECTOR('',#13084,10.);
#3632=VECTOR('',#13085,10.);
#3633=VECTOR('',#13088,10.);
#3634=VECTOR('',#13089,10.);
#3635=VECTOR('',#13092,10.);
#3636=VECTOR('',#13095,10.);
#3637=VECTOR('',#13096,10.);
#3638=VECTOR('',#13097,10.);
#3639=VECTOR('',#13100,10.);
#3640=VECTOR('',#13101,10.);
#3641=VECTOR('',#13104,10.);
#3642=VECTOR('',#13105,10.);
#3643=VECTOR('',#13108,10.);
#3644=VECTOR('',#13111,10.);
#3645=VECTOR('',#13112,10.);
#3646=VECTOR('',#13113,10.);
#3647=VECTOR('',#13116,10.);
#3648=VECTOR('',#13117,10.);
#3649=VECTOR('',#13120,10.);
#3650=VECTOR('',#13121,10.);
#3651=VECTOR('',#13124,10.);
#3652=VECTOR('',#13127,10.);
#3653=VECTOR('',#13128,10.);
#3654=VECTOR('',#13129,10.);
#3655=VECTOR('',#13132,10.);
#3656=VECTOR('',#13133,10.);
#3657=VECTOR('',#13136,10.);
#3658=VECTOR('',#13137,10.);
#3659=VECTOR('',#13140,10.);
#3660=VECTOR('',#13143,10.);
#3661=VECTOR('',#13144,10.);
#3662=VECTOR('',#13145,10.);
#3663=VECTOR('',#13148,10.);
#3664=VECTOR('',#13149,10.);
#3665=VECTOR('',#13152,10.);
#3666=VECTOR('',#13153,10.);
#3667=VECTOR('',#13156,10.);
#3668=VECTOR('',#13161,10.);
#3669=VECTOR('',#13162,10.);
#3670=VECTOR('',#13163,10.);
#3671=VECTOR('',#13164,10.);
#3672=VECTOR('',#13167,10.);
#3673=VECTOR('',#13168,10.);
#3674=VECTOR('',#13169,10.);
#3675=VECTOR('',#13170,10.);
#3676=VECTOR('',#13171,10.);
#3677=VECTOR('',#13172,10.);
#3678=VECTOR('',#13173,10.);
#3679=VECTOR('',#13174,10.);
#3680=VECTOR('',#13175,10.);
#3681=VECTOR('',#13176,10.);
#3682=VECTOR('',#13177,10.);
#3683=VECTOR('',#13178,10.);
#3684=VECTOR('',#13179,10.);
#3685=VECTOR('',#13180,10.);
#3686=VECTOR('',#13181,10.);
#3687=VECTOR('',#13182,10.);
#3688=VECTOR('',#13183,10.);
#3689=VECTOR('',#13186,10.);
#3690=VECTOR('',#13187,10.);
#3691=VECTOR('',#13188,10.);
#3692=VECTOR('',#13189,10.);
#3693=VECTOR('',#13190,10.);
#3694=VECTOR('',#13193,10.);
#3695=VECTOR('',#13196,10.);
#3696=VECTOR('',#13199,10.);
#3697=VECTOR('',#13202,10.);
#3698=VECTOR('',#13205,10.);
#3699=VECTOR('',#13206,10.);
#3700=VECTOR('',#13207,10.);
#3701=VECTOR('',#13208,10.);
#3702=VECTOR('',#13211,10.);
#3703=VECTOR('',#13212,10.);
#3704=VECTOR('',#13213,10.);
#3705=VECTOR('',#13214,10.);
#3706=VECTOR('',#13217,10.);
#3707=VECTOR('',#13220,10.);
#3708=VECTOR('',#13223,10.);
#3709=VECTOR('',#13226,10.);
#3710=VECTOR('',#13227,10.);
#3711=VECTOR('',#13228,10.);
#3712=VECTOR('',#13231,10.);
#3713=VECTOR('',#13232,10.);
#3714=VECTOR('',#13233,10.);
#3715=VECTOR('',#13236,10.);
#3716=VECTOR('',#13237,10.);
#3717=VECTOR('',#13240,10.);
#3718=VECTOR('',#13241,10.);
#3719=VECTOR('',#13244,10.);
#3720=VECTOR('',#13247,10.);
#3721=VECTOR('',#13252,10.);
#3722=VECTOR('',#13253,10.);
#3723=VECTOR('',#13256,10.);
#3724=VECTOR('',#13261,10.);
#3725=VECTOR('',#13262,10.);
#3726=VECTOR('',#13265,10.);
#3727=VECTOR('',#13270,10.);
#3728=VECTOR('',#13271,10.);
#3729=VECTOR('',#13274,10.);
#3730=VECTOR('',#13279,10.);
#3731=VECTOR('',#13280,10.);
#3732=VECTOR('',#13281,10.);
#3733=VECTOR('',#13282,10.);
#3734=VECTOR('',#13283,10.);
#3735=VECTOR('',#13284,10.);
#3736=VECTOR('',#13287,10.);
#3737=VECTOR('',#13292,10.);
#3738=VECTOR('',#13295,10.);
#3739=VECTOR('',#13296,10.);
#3740=VECTOR('',#13297,10.);
#3741=VECTOR('',#13300,10.);
#3742=VECTOR('',#13301,10.);
#3743=VECTOR('',#13304,10.);
#3744=VECTOR('',#13307,10.);
#3745=VECTOR('',#13310,10.);
#3746=VECTOR('',#13311,10.);
#3747=VECTOR('',#13312,10.);
#3748=VECTOR('',#13313,10.);
#3749=VECTOR('',#13314,10.);
#3750=VECTOR('',#13317,10.);
#3751=VECTOR('',#13318,10.);
#3752=VECTOR('',#13319,10.);
#3753=VECTOR('',#13322,10.);
#3754=VECTOR('',#13323,10.);
#3755=VECTOR('',#13326,10.);
#3756=VECTOR('',#13327,10.);
#3757=VECTOR('',#13328,10.);
#3758=VECTOR('',#13329,10.);
#3759=VECTOR('',#13330,10.);
#3760=VECTOR('',#13333,10.);
#3761=VECTOR('',#13340,10.);
#3762=VECTOR('',#13341,10.);
#3763=VECTOR('',#13342,10.);
#3764=VECTOR('',#13343,10.);
#3765=VECTOR('',#13346,10.);
#3766=VECTOR('',#13349,10.);
#3767=VECTOR('',#13352,10.);
#3768=VECTOR('',#13355,10.);
#3769=VECTOR('',#13358,10.);
#3770=VECTOR('',#13361,10.);
#3771=VECTOR('',#13364,10.);
#3772=VECTOR('',#13367,10.);
#3773=VECTOR('',#13370,10.);
#3774=VECTOR('',#13371,10.);
#3775=VECTOR('',#13372,10.);
#3776=VECTOR('',#13373,10.);
#3777=VECTOR('',#13378,10.);
#3778=VECTOR('',#13379,10.);
#3779=VECTOR('',#13382,10.);
#3780=VECTOR('',#13385,10.);
#3781=VECTOR('',#13386,10.);
#3782=VECTOR('',#13389,10.);
#3783=VECTOR('',#13392,10.);
#3784=VECTOR('',#13395,10.);
#3785=VECTOR('',#13400,10.);
#3786=VECTOR('',#13405,10.);
#3787=VECTOR('',#13406,10.);
#3788=VECTOR('',#13409,10.);
#3789=VECTOR('',#13410,10.);
#3790=VECTOR('',#13411,10.);
#3791=VECTOR('',#13412,10.);
#3792=VECTOR('',#13415,10.);
#3793=VECTOR('',#13418,10.);
#3794=VECTOR('',#13421,10.);
#3795=VECTOR('',#13424,10.);
#3796=VECTOR('',#13427,10.);
#3797=VECTOR('',#13428,10.);
#3798=VECTOR('',#13429,10.);
#3799=VECTOR('',#13430,10.);
#3800=VECTOR('',#13431,10.);
#3801=VECTOR('',#13434,10.);
#3802=VECTOR('',#13437,10.);
#3803=VECTOR('',#13440,10.);
#3804=VECTOR('',#13443,10.);
#3805=VECTOR('',#13446,10.);
#3806=VECTOR('',#13447,10.);
#3807=VECTOR('',#13448,10.);
#3808=VECTOR('',#13449,10.);
#3809=VECTOR('',#13452,10.);
#3810=VECTOR('',#13455,10.);
#3811=VECTOR('',#13458,10.);
#3812=VECTOR('',#13461,10.);
#3813=VECTOR('',#13462,10.);
#3814=VECTOR('',#13465,10.);
#3815=VECTOR('',#13468,10.);
#3816=VECTOR('',#13471,10.);
#3817=VECTOR('',#13472,10.);
#3818=VECTOR('',#13475,5.);
#3819=VECTOR('',#13478,10.);
#3820=VECTOR('',#13483,10.);
#3821=VECTOR('',#13484,10.);
#3822=VECTOR('',#13487,10.);
#3823=VECTOR('',#13488,10.);
#3824=VECTOR('',#13489,10.);
#3825=VECTOR('',#13490,10.);
#3826=VECTOR('',#13491,10.);
#3827=VECTOR('',#13492,10.);
#3828=VECTOR('',#13493,10.);
#3829=VECTOR('',#13494,10.);
#3830=VECTOR('',#13497,10.);
#3831=VECTOR('',#13500,10.);
#3832=VECTOR('',#13503,10.);
#3833=VECTOR('',#13506,10.);
#3834=VECTOR('',#13507,10.);
#3835=VECTOR('',#13508,10.);
#3836=VECTOR('',#13509,10.);
#3837=VECTOR('',#13512,10.);
#3838=VECTOR('',#13513,10.);
#3839=VECTOR('',#13514,10.);
#3840=VECTOR('',#13515,10.);
#3841=VECTOR('',#13516,10.);
#3842=VECTOR('',#13517,10.);
#3843=VECTOR('',#13518,10.);
#3844=VECTOR('',#13519,10.);
#3845=VECTOR('',#13520,10.);
#3846=VECTOR('',#13521,10.);
#3847=VECTOR('',#13522,10.);
#3848=VECTOR('',#13523,10.);
#3849=VECTOR('',#13524,10.);
#3850=VECTOR('',#13525,10.);
#3851=VECTOR('',#13526,10.);
#3852=VECTOR('',#13527,10.);
#3853=VECTOR('',#13528,10.);
#3854=VECTOR('',#13529,10.);
#3855=VECTOR('',#13530,10.);
#3856=VECTOR('',#13531,10.);
#3857=VECTOR('',#13532,10.);
#3858=VECTOR('',#13533,10.);
#3859=VECTOR('',#13534,10.);
#3860=VECTOR('',#13535,10.);
#3861=VECTOR('',#13536,10.);
#3862=VECTOR('',#13537,10.);
#3863=VECTOR('',#13538,10.);
#3864=VECTOR('',#13539,10.);
#3865=VECTOR('',#13540,10.);
#3866=VECTOR('',#13541,10.);
#3867=VECTOR('',#13542,10.);
#3868=VECTOR('',#13543,10.);
#3869=VECTOR('',#13544,10.);
#3870=VECTOR('',#13545,10.);
#3871=VECTOR('',#13546,10.);
#3872=VECTOR('',#13547,10.);
#3873=VECTOR('',#13548,10.);
#3874=VECTOR('',#13549,10.);
#3875=VECTOR('',#13550,10.);
#3876=VECTOR('',#13551,10.);
#3877=VECTOR('',#13552,10.);
#3878=VECTOR('',#13553,10.);
#3879=VECTOR('',#13554,10.);
#3880=VECTOR('',#13555,10.);
#3881=VECTOR('',#13556,10.);
#3882=VECTOR('',#13557,10.);
#3883=VECTOR('',#13558,10.);
#3884=VECTOR('',#13559,10.);
#3885=VECTOR('',#13560,10.);
#3886=VECTOR('',#13561,10.);
#3887=VECTOR('',#13562,10.);
#3888=VECTOR('',#13563,10.);
#3889=VECTOR('',#13564,10.);
#3890=VECTOR('',#13565,10.);
#3891=VECTOR('',#13566,10.);
#3892=VECTOR('',#13567,10.);
#3893=VECTOR('',#13568,10.);
#3894=VECTOR('',#13569,10.);
#3895=VECTOR('',#13570,10.);
#3896=VECTOR('',#13571,10.);
#3897=VECTOR('',#13572,10.);
#3898=VECTOR('',#13573,10.);
#3899=VECTOR('',#13574,10.);
#3900=VECTOR('',#13575,10.);
#3901=VECTOR('',#13576,10.);
#3902=VECTOR('',#13577,10.);
#3903=VECTOR('',#13578,10.);
#3904=VECTOR('',#13579,10.);
#3905=VECTOR('',#13580,10.);
#3906=VECTOR('',#13581,10.);
#3907=VECTOR('',#13582,10.);
#3908=VECTOR('',#13583,10.);
#3909=VECTOR('',#13584,10.);
#3910=VECTOR('',#13595,10.);
#3911=VECTOR('',#13596,10.);
#3912=VECTOR('',#13597,10.);
#3913=VECTOR('',#13598,10.);
#3914=VECTOR('',#13601,10.);
#3915=VECTOR('',#13604,10.);
#3916=VECTOR('',#13609,10.);
#3917=VECTOR('',#13612,10.);
#3918=VECTOR('',#13613,10.);
#3919=VECTOR('',#13616,10.);
#3920=VECTOR('',#13619,10.);
#3921=VECTOR('',#13622,10.);
#3922=VECTOR('',#13623,10.);
#3923=VECTOR('',#13626,2.);
#3924=VECTOR('',#13629,10.);
#3925=VECTOR('',#13632,10.);
#3926=VECTOR('',#13633,10.);
#3927=VECTOR('',#13634,10.);
#3928=VECTOR('',#13635,10.);
#3929=VECTOR('',#13638,10.);
#3930=VECTOR('',#13639,10.);
#3931=VECTOR('',#13640,10.);
#3932=VECTOR('',#13643,10.);
#3933=VECTOR('',#13644,10.);
#3934=VECTOR('',#13645,10.);
#3935=VECTOR('',#13648,10.);
#3936=VECTOR('',#13649,10.);
#3937=VECTOR('',#13650,10.);
#3938=VECTOR('',#13653,10.);
#3939=VECTOR('',#13654,10.);
#3940=VECTOR('',#13655,10.);
#3941=VECTOR('',#13658,10.);
#3942=VECTOR('',#13659,10.);
#3943=VECTOR('',#13660,10.);
#3944=VECTOR('',#13663,10.);
#3945=VECTOR('',#13664,10.);
#3946=VECTOR('',#13665,10.);
#3947=VECTOR('',#13666,10.);
#3948=VECTOR('',#13667,10.);
#3949=VECTOR('',#13668,10.);
#3950=VECTOR('',#13669,10.);
#3951=VECTOR('',#13670,10.);
#3952=VECTOR('',#13671,10.);
#3953=VECTOR('',#13672,10.);
#3954=VECTOR('',#13673,10.);
#3955=VECTOR('',#13674,10.);
#3956=VECTOR('',#13675,10.);
#3957=VECTOR('',#13676,10.);
#3958=VECTOR('',#13677,10.);
#3959=VECTOR('',#13678,10.);
#3960=VECTOR('',#13679,10.);
#3961=VECTOR('',#13682,10.);
#3962=VECTOR('',#13683,10.);
#3963=VECTOR('',#13684,10.);
#3964=VECTOR('',#13685,10.);
#3965=VECTOR('',#13688,10.);
#3966=VECTOR('',#13689,10.);
#3967=VECTOR('',#13690,10.);
#3968=VECTOR('',#13693,10.);
#3969=VECTOR('',#13694,10.);
#3970=VECTOR('',#13697,10.);
#3971=VECTOR('',#13700,10.);
#3972=VECTOR('',#13701,10.);
#3973=VECTOR('',#13702,10.);
#3974=VECTOR('',#13705,10.);
#3975=VECTOR('',#13706,10.);
#3976=VECTOR('',#13709,10.);
#3977=VECTOR('',#13710,10.);
#3978=VECTOR('',#13713,10.);
#3979=VECTOR('',#13714,10.);
#3980=VECTOR('',#13715,10.);
#3981=VECTOR('',#13716,10.);
#3982=VECTOR('',#13719,10.);
#3983=VECTOR('',#13720,10.);
#3984=VECTOR('',#13723,10.);
#3985=VECTOR('',#13724,10.);
#3986=VECTOR('',#13727,10.);
#3987=VECTOR('',#13728,10.);
#3988=VECTOR('',#13731,10.);
#3989=VECTOR('',#13732,10.);
#3990=VECTOR('',#13735,10.);
#3991=VECTOR('',#13736,10.);
#3992=VECTOR('',#13739,10.);
#3993=VECTOR('',#13740,10.);
#3994=VECTOR('',#13743,10.);
#3995=VECTOR('',#13744,10.);
#3996=VECTOR('',#13745,10.);
#3997=VECTOR('',#13746,10.);
#3998=VECTOR('',#13749,10.);
#3999=VECTOR('',#13750,10.);
#4000=VECTOR('',#13751,10.);
#4001=VECTOR('',#13754,10.);
#4002=VECTOR('',#13755,10.);
#4003=VECTOR('',#13756,10.);
#4004=VECTOR('',#13759,10.);
#4005=VECTOR('',#13760,10.);
#4006=VECTOR('',#13761,10.);
#4007=VECTOR('',#13764,10.);
#4008=VECTOR('',#13765,10.);
#4009=VECTOR('',#13766,10.);
#4010=VECTOR('',#13769,10.);
#4011=VECTOR('',#13770,10.);
#4012=VECTOR('',#13771,10.);
#4013=VECTOR('',#13774,10.);
#4014=VECTOR('',#13775,10.);
#4015=VECTOR('',#13776,10.);
#4016=VECTOR('',#13777,10.);
#4017=VECTOR('',#13778,10.);
#4018=VECTOR('',#13781,10.);
#4019=VECTOR('',#13782,10.);
#4020=VECTOR('',#13783,10.);
#4021=VECTOR('',#13784,10.);
#4022=VECTOR('',#13785,10.);
#4023=VECTOR('',#13786,10.);
#4024=VECTOR('',#13787,10.);
#4025=VECTOR('',#13788,10.);
#4026=VECTOR('',#13789,10.);
#4027=VECTOR('',#13790,10.);
#4028=VECTOR('',#13791,10.);
#4029=VECTOR('',#13792,10.);
#4030=VECTOR('',#13795,10.);
#4031=VECTOR('',#13796,10.);
#4032=VECTOR('',#13799,10.);
#4033=VECTOR('',#13800,10.);
#4034=VECTOR('',#13803,10.);
#4035=VECTOR('',#13804,10.);
#4036=VECTOR('',#13807,10.);
#4037=VECTOR('',#13808,10.);
#4038=VECTOR('',#13811,10.);
#4039=VECTOR('',#13812,10.);
#4040=VECTOR('',#13815,10.);
#4041=VECTOR('',#13816,10.);
#4042=VECTOR('',#13819,10.);
#4043=VECTOR('',#13820,10.);
#4044=VECTOR('',#13821,10.);
#4045=VECTOR('',#13824,10.);
#4046=VECTOR('',#13825,10.);
#4047=VECTOR('',#13828,10.);
#4048=VECTOR('',#13829,10.);
#4049=VECTOR('',#13832,10.);
#4050=VECTOR('',#13835,10.);
#4051=VECTOR('',#13836,10.);
#4052=VECTOR('',#13839,10.);
#4053=VECTOR('',#13840,10.);
#4054=VECTOR('',#13843,10.);
#4055=VECTOR('',#13844,10.);
#4056=VECTOR('',#13847,10.);
#4057=VECTOR('',#13848,10.);
#4058=VECTOR('',#13851,10.);
#4059=VECTOR('',#13852,10.);
#4060=VECTOR('',#13855,10.);
#4061=VECTOR('',#13856,10.);
#4062=VECTOR('',#13859,10.);
#4063=VECTOR('',#13860,10.);
#4064=VECTOR('',#13863,10.);
#4065=VECTOR('',#13864,10.);
#4066=VECTOR('',#13867,10.);
#4067=VECTOR('',#13868,10.);
#4068=VECTOR('',#13871,10.);
#4069=VECTOR('',#13872,10.);
#4070=VECTOR('',#13875,10.);
#4071=VECTOR('',#13876,10.);
#4072=VECTOR('',#13879,10.);
#4073=VECTOR('',#13880,10.);
#4074=VECTOR('',#13883,10.);
#4075=VECTOR('',#13888,10.);
#4076=VECTOR('',#13889,10.);
#4077=VECTOR('',#13890,10.);
#4078=VECTOR('',#13893,10.);
#4079=VECTOR('',#13894,10.);
#4080=VECTOR('',#13897,10.);
#4081=VECTOR('',#13898,10.);
#4082=VECTOR('',#13901,10.);
#4083=VECTOR('',#13904,10.);
#4084=VECTOR('',#13905,10.);
#4085=VECTOR('',#13908,10.);
#4086=VECTOR('',#13909,10.);
#4087=VECTOR('',#13912,10.);
#4088=VECTOR('',#13913,10.);
#4089=VECTOR('',#13916,10.);
#4090=VECTOR('',#13917,10.);
#4091=VECTOR('',#13920,10.);
#4092=VECTOR('',#13921,10.);
#4093=VECTOR('',#13924,10.);
#4094=VECTOR('',#13925,10.);
#4095=VECTOR('',#13928,10.);
#4096=VECTOR('',#13929,10.);
#4097=VECTOR('',#13932,10.);
#4098=VECTOR('',#13933,10.);
#4099=VECTOR('',#13936,10.);
#4100=VECTOR('',#13937,10.);
#4101=VECTOR('',#13940,10.);
#4102=VECTOR('',#13943,10.);
#4103=VECTOR('',#13944,10.);
#4104=VECTOR('',#13947,10.);
#4105=VECTOR('',#13948,10.);
#4106=VECTOR('',#13951,10.);
#4107=VECTOR('',#13952,10.);
#4108=VECTOR('',#13955,10.);
#4109=VECTOR('',#13956,10.);
#4110=VECTOR('',#13959,10.);
#4111=VECTOR('',#13960,10.);
#4112=VECTOR('',#13963,10.);
#4113=VECTOR('',#13968,10.);
#4114=VECTOR('',#13969,10.);
#4115=VECTOR('',#13970,10.);
#4116=VECTOR('',#13973,10.);
#4117=VECTOR('',#13974,10.);
#4118=VECTOR('',#13975,10.);
#4119=VECTOR('',#13978,10.);
#4120=VECTOR('',#13981,10.);
#4121=VECTOR('',#13984,10.);
#4122=VECTOR('',#13985,10.);
#4123=VECTOR('',#13986,10.);
#4124=VECTOR('',#13989,10.);
#4125=VECTOR('',#13990,10.);
#4126=VECTOR('',#13993,10.);
#4127=VECTOR('',#13994,10.);
#4128=VECTOR('',#13997,10.);
#4129=VECTOR('',#14000,10.);
#4130=VECTOR('',#14001,10.);
#4131=VECTOR('',#14002,10.);
#4132=VECTOR('',#14005,10.);
#4133=VECTOR('',#14010,10.);
#4134=VECTOR('',#14011,10.);
#4135=VECTOR('',#14018,10.);
#4136=VECTOR('',#14019,10.);
#4137=VECTOR('',#14020,10.);
#4138=VECTOR('',#14023,10.);
#4139=VECTOR('',#14026,10.);
#4140=VECTOR('',#14027,10.);
#4141=VECTOR('',#14030,10.);
#4142=VECTOR('',#14031,10.);
#4143=VECTOR('',#14036,10.);
#4144=VECTOR('',#14041,10.);
#4145=VECTOR('',#14042,10.);
#4146=VECTOR('',#14045,10.);
#4147=VECTOR('',#14048,10.);
#4148=VECTOR('',#14049,10.);
#4149=VECTOR('',#14050,10.);
#4150=VECTOR('',#14051,10.);
#4151=VECTOR('',#14054,10.);
#4152=VECTOR('',#14055,10.);
#4153=VECTOR('',#14058,10.);
#4154=VECTOR('',#14059,10.);
#4155=VECTOR('',#14062,10.);
#4156=VECTOR('',#14063,10.);
#4157=VECTOR('',#14066,10.);
#4158=VECTOR('',#14071,1.7);
#4159=VECTOR('',#14080,1.2);
#4160=VECTOR('',#14085,1.7);
#4161=VECTOR('',#14090,1.2);
#4162=VECTOR('',#14095,1.7);
#4163=VECTOR('',#14100,1.2);
#4164=VECTOR('',#14105,1.7);
#4165=VECTOR('',#14110,1.2);
#4166=VECTOR('',#14117,10.);
#4167=VECTOR('',#14120,10.);
#4168=VECTOR('',#14123,10.);
#4169=VECTOR('',#14128,10.);
#4170=VECTOR('',#14131,10.);
#4171=VECTOR('',#14134,10.);
#4172=VECTOR('',#14139,10.);
#4173=VECTOR('',#14140,10.);
#4174=VECTOR('',#14141,10.);
#4175=VECTOR('',#14142,10.);
#4176=VECTOR('',#14143,10.);
#4177=VECTOR('',#14146,10.);
#4178=VECTOR('',#14147,10.);
#4179=VECTOR('',#14150,10.);
#4180=VECTOR('',#14153,10.);
#4181=VECTOR('',#14156,10.);
#4182=VECTOR('',#14157,10.);
#4183=VECTOR('',#14158,10.);
#4184=VECTOR('',#14159,10.);
#4185=VECTOR('',#14162,10.);
#4186=VECTOR('',#14163,10.);
#4187=VECTOR('',#14164,10.);
#4188=VECTOR('',#14165,10.);
#4189=VECTOR('',#14166,10.);
#4190=VECTOR('',#14169,10.);
#4191=VECTOR('',#14170,10.);
#4192=VECTOR('',#14173,10.);
#4193=VECTOR('',#14176,10.);
#4194=VECTOR('',#14179,10.);
#4195=VECTOR('',#14184,10.);
#4196=VECTOR('',#14185,10.);
#4197=VECTOR('',#14188,10.);
#4198=VECTOR('',#14189,10.);
#4199=VECTOR('',#14192,10.);
#4200=VECTOR('',#14195,10.);
#4201=VECTOR('',#14196,10.);
#4202=VECTOR('',#14199,10.);
#4203=VECTOR('',#14200,10.);
#4204=VECTOR('',#14203,10.);
#4205=VECTOR('',#14204,10.);
#4206=VECTOR('',#14207,10.);
#4207=VECTOR('',#14208,10.);
#4208=VECTOR('',#14211,10.);
#4209=VECTOR('',#14212,10.);
#4210=VECTOR('',#14215,10.);
#4211=VECTOR('',#14216,10.);
#4212=VECTOR('',#14219,10.);
#4213=VECTOR('',#14220,10.);
#4214=VECTOR('',#14223,10.);
#4215=VECTOR('',#14224,10.);
#4216=VECTOR('',#14227,10.);
#4217=VECTOR('',#14228,10.);
#4218=VECTOR('',#14231,10.);
#4219=VECTOR('',#14232,10.);
#4220=VECTOR('',#14235,10.);
#4221=VECTOR('',#14236,10.);
#4222=VECTOR('',#14239,10.);
#4223=VECTOR('',#14240,10.);
#4224=VECTOR('',#14243,10.);
#4225=VECTOR('',#14244,10.);
#4226=VECTOR('',#14247,10.);
#4227=VECTOR('',#14248,10.);
#4228=VECTOR('',#14251,10.);
#4229=VECTOR('',#14252,10.);
#4230=VECTOR('',#14255,10.);
#4231=VECTOR('',#14258,10.);
#4232=VECTOR('',#14261,10.);
#4233=VECTOR('',#14266,10.);
#4234=VECTOR('',#14275,10.);
#4235=VECTOR('',#14276,10.);
#4236=VECTOR('',#14279,10.);
#4237=VECTOR('',#14280,10.);
#4238=VECTOR('',#14283,10.);
#4239=VECTOR('',#14286,10.);
#4240=VECTOR('',#14287,10.);
#4241=VECTOR('',#14288,10.);
#4242=VECTOR('',#14291,10.);
#4243=VECTOR('',#14292,10.);
#4244=VECTOR('',#14295,10.);
#4245=VECTOR('',#14296,10.);
#4246=VECTOR('',#14299,10.);
#4247=VECTOR('',#14302,10.);
#4248=VECTOR('',#14303,10.);
#4249=VECTOR('',#14304,10.);
#4250=VECTOR('',#14307,10.);
#4251=VECTOR('',#14308,10.);
#4252=VECTOR('',#14311,10.);
#4253=VECTOR('',#14312,10.);
#4254=VECTOR('',#14315,10.);
#4255=VECTOR('',#14318,10.);
#4256=VECTOR('',#14319,10.);
#4257=VECTOR('',#14320,10.);
#4258=VECTOR('',#14323,10.);
#4259=VECTOR('',#14324,10.);
#4260=VECTOR('',#14327,10.);
#4261=VECTOR('',#14328,10.);
#4262=VECTOR('',#14331,10.);
#4263=VECTOR('',#14334,10.);
#4264=VECTOR('',#14335,10.);
#4265=VECTOR('',#14336,10.);
#4266=VECTOR('',#14339,10.);
#4267=VECTOR('',#14340,10.);
#4268=VECTOR('',#14343,10.);
#4269=VECTOR('',#14344,10.);
#4270=VECTOR('',#14347,10.);
#4271=VECTOR('',#14350,10.);
#4272=VECTOR('',#14351,10.);
#4273=VECTOR('',#14352,10.);
#4274=VECTOR('',#14355,10.);
#4275=VECTOR('',#14356,10.);
#4276=VECTOR('',#14359,10.);
#4277=VECTOR('',#14360,10.);
#4278=VECTOR('',#14363,10.);
#4279=VECTOR('',#14366,10.);
#4280=VECTOR('',#14367,10.);
#4281=VECTOR('',#14368,10.);
#4282=VECTOR('',#14371,10.);
#4283=VECTOR('',#14372,10.);
#4284=VECTOR('',#14375,10.);
#4285=VECTOR('',#14376,10.);
#4286=VECTOR('',#14379,10.);
#4287=VECTOR('',#14382,10.);
#4288=VECTOR('',#14383,10.);
#4289=VECTOR('',#14384,10.);
#4290=VECTOR('',#14387,10.);
#4291=VECTOR('',#14388,10.);
#4292=VECTOR('',#14391,10.);
#4293=VECTOR('',#14392,10.);
#4294=VECTOR('',#14395,10.);
#4295=VECTOR('',#14398,10.);
#4296=VECTOR('',#14399,10.);
#4297=VECTOR('',#14400,10.);
#4298=VECTOR('',#14403,10.);
#4299=VECTOR('',#14404,10.);
#4300=VECTOR('',#14407,10.);
#4301=VECTOR('',#14408,10.);
#4302=VECTOR('',#14411,10.);
#4303=VECTOR('',#14414,10.);
#4304=VECTOR('',#14415,10.);
#4305=VECTOR('',#14416,10.);
#4306=VECTOR('',#14419,10.);
#4307=VECTOR('',#14420,10.);
#4308=VECTOR('',#14423,10.);
#4309=VECTOR('',#14424,10.);
#4310=VECTOR('',#14427,10.);
#4311=VECTOR('',#14430,10.);
#4312=VECTOR('',#14431,10.);
#4313=VECTOR('',#14432,10.);
#4314=VECTOR('',#14435,10.);
#4315=VECTOR('',#14436,10.);
#4316=VECTOR('',#14439,10.);
#4317=VECTOR('',#14440,10.);
#4318=VECTOR('',#14443,10.);
#4319=VECTOR('',#14446,10.);
#4320=VECTOR('',#14447,10.);
#4321=VECTOR('',#14448,10.);
#4322=VECTOR('',#14451,10.);
#4323=VECTOR('',#14452,10.);
#4324=VECTOR('',#14455,10.);
#4325=VECTOR('',#14456,10.);
#4326=VECTOR('',#14459,10.);
#4327=VECTOR('',#14462,10.);
#4328=VECTOR('',#14463,10.);
#4329=VECTOR('',#14464,10.);
#4330=VECTOR('',#14467,10.);
#4331=VECTOR('',#14468,10.);
#4332=VECTOR('',#14471,10.);
#4333=VECTOR('',#14472,10.);
#4334=VECTOR('',#14475,10.);
#4335=VECTOR('',#14478,10.);
#4336=VECTOR('',#14479,10.);
#4337=VECTOR('',#14480,10.);
#4338=VECTOR('',#14483,10.);
#4339=VECTOR('',#14484,10.);
#4340=VECTOR('',#14487,10.);
#4341=VECTOR('',#14488,10.);
#4342=VECTOR('',#14491,10.);
#4343=VECTOR('',#14494,10.);
#4344=VECTOR('',#14495,10.);
#4345=VECTOR('',#14496,10.);
#4346=VECTOR('',#14499,10.);
#4347=VECTOR('',#14500,10.);
#4348=VECTOR('',#14503,10.);
#4349=VECTOR('',#14504,10.);
#4350=VECTOR('',#14507,10.);
#4351=VECTOR('',#14510,10.);
#4352=VECTOR('',#14511,10.);
#4353=VECTOR('',#14512,10.);
#4354=VECTOR('',#14515,10.);
#4355=VECTOR('',#14516,10.);
#4356=VECTOR('',#14519,10.);
#4357=VECTOR('',#14520,10.);
#4358=VECTOR('',#14523,10.);
#4359=VECTOR('',#14526,10.);
#4360=VECTOR('',#14527,10.);
#4361=VECTOR('',#14528,10.);
#4362=VECTOR('',#14531,10.);
#4363=VECTOR('',#14532,10.);
#4364=VECTOR('',#14535,10.);
#4365=VECTOR('',#14536,10.);
#4366=VECTOR('',#14539,10.);
#4367=VECTOR('',#14542,10.);
#4368=VECTOR('',#14543,10.);
#4369=VECTOR('',#14544,10.);
#4370=VECTOR('',#14547,10.);
#4371=VECTOR('',#14548,10.);
#4372=VECTOR('',#14551,10.);
#4373=VECTOR('',#14552,10.);
#4374=VECTOR('',#14555,10.);
#4375=(
BOUNDED_CURVE()
B_SPLINE_CURVE(2,(#14562,#14563,#14564),.UNSPECIFIED.,.F.,.F.)
B_SPLINE_CURVE_WITH_KNOTS((3,3),(0.194385039494029,0.289537463823119),
 .UNSPECIFIED.)
CURVE()
GEOMETRIC_REPRESENTATION_ITEM()
RATIONAL_B_SPLINE_CURVE((1.,1.,1.))
REPRESENTATION_ITEM('')
);
#4376=(
BOUNDED_CURVE()
B_SPLINE_CURVE(2,(#16112,#16113,#16114),.UNSPECIFIED.,.F.,.F.)
B_SPLINE_CURVE_WITH_KNOTS((3,3),(0.194385039494029,0.289537463823119),
 .UNSPECIFIED.)
CURVE()
GEOMETRIC_REPRESENTATION_ITEM()
RATIONAL_B_SPLINE_CURVE((1.,1.,1.))
REPRESENTATION_ITEM('')
);
#4377=VERTEX_POINT('',#14560);
#4378=VERTEX_POINT('',#14561);
#4379=VERTEX_POINT('',#14565);
#4380=VERTEX_POINT('',#14567);
#4381=VERTEX_POINT('',#14569);
#4382=VERTEX_POINT('',#14573);
#4383=VERTEX_POINT('',#14575);
#4384=VERTEX_POINT('',#14577);
#4385=VERTEX_POINT('',#14579);
#4386=VERTEX_POINT('',#14581);
#4387=VERTEX_POINT('',#14583);
#4388=VERTEX_POINT('',#14585);
#4389=VERTEX_POINT('',#14587);
#4390=VERTEX_POINT('',#14589);
#4391=VERTEX_POINT('',#14591);
#4392=VERTEX_POINT('',#14593);
#4393=VERTEX_POINT('',#14595);
#4394=VERTEX_POINT('',#14597);
#4395=VERTEX_POINT('',#14599);
#4396=VERTEX_POINT('',#14601);
#4397=VERTEX_POINT('',#14603);
#4398=VERTEX_POINT('',#14605);
#4399=VERTEX_POINT('',#14607);
#4400=VERTEX_POINT('',#14609);
#4401=VERTEX_POINT('',#14611);
#4402=VERTEX_POINT('',#14613);
#4403=VERTEX_POINT('',#14615);
#4404=VERTEX_POINT('',#14617);
#4405=VERTEX_POINT('',#14619);
#4406=VERTEX_POINT('',#14621);
#4407=VERTEX_POINT('',#14623);
#4408=VERTEX_POINT('',#14625);
#4409=VERTEX_POINT('',#14627);
#4410=VERTEX_POINT('',#14629);
#4411=VERTEX_POINT('',#14631);
#4412=VERTEX_POINT('',#14633);
#4413=VERTEX_POINT('',#14635);
#4414=VERTEX_POINT('',#14637);
#4415=VERTEX_POINT('',#14639);
#4416=VERTEX_POINT('',#14641);
#4417=VERTEX_POINT('',#14643);
#4418=VERTEX_POINT('',#14646);
#4419=VERTEX_POINT('',#14647);
#4420=VERTEX_POINT('',#14649);
#4421=VERTEX_POINT('',#14651);
#4422=VERTEX_POINT('',#14655);
#4423=VERTEX_POINT('',#14657);
#4424=VERTEX_POINT('',#14663);
#4425=VERTEX_POINT('',#14664);
#4426=VERTEX_POINT('',#14669);
#4427=VERTEX_POINT('',#14670);
#4428=VERTEX_POINT('',#14675);
#4429=VERTEX_POINT('',#14679);
#4430=VERTEX_POINT('',#14685);
#4431=VERTEX_POINT('',#14689);
#4432=VERTEX_POINT('',#14693);
#4433=VERTEX_POINT('',#14697);
#4434=VERTEX_POINT('',#14701);
#4435=VERTEX_POINT('',#14705);
#4436=VERTEX_POINT('',#14709);
#4437=VERTEX_POINT('',#14713);
#4438=VERTEX_POINT('',#14714);
#4439=VERTEX_POINT('',#14716);
#4440=VERTEX_POINT('',#14719);
#4441=VERTEX_POINT('',#14721);
#4442=VERTEX_POINT('',#14725);
#4443=VERTEX_POINT('',#14731);
#4444=VERTEX_POINT('',#14733);
#4445=VERTEX_POINT('',#14737);
#4446=VERTEX_POINT('',#14741);
#4447=VERTEX_POINT('',#14743);
#4448=VERTEX_POINT('',#14747);
#4449=VERTEX_POINT('',#14749);
#4450=VERTEX_POINT('',#14752);
#4451=VERTEX_POINT('',#14756);
#4452=VERTEX_POINT('',#14758);
#4453=VERTEX_POINT('',#14762);
#4454=VERTEX_POINT('',#14766);
#4455=VERTEX_POINT('',#14769);
#4456=VERTEX_POINT('',#14772);
#4457=VERTEX_POINT('',#14773);
#4458=VERTEX_POINT('',#14775);
#4459=VERTEX_POINT('',#14777);
#4460=VERTEX_POINT('',#14781);
#4461=VERTEX_POINT('',#14783);
#4462=VERTEX_POINT('',#14785);
#4463=VERTEX_POINT('',#14787);
#4464=VERTEX_POINT('',#14789);
#4465=VERTEX_POINT('',#14791);
#4466=VERTEX_POINT('',#14793);
#4467=VERTEX_POINT('',#14795);
#4468=VERTEX_POINT('',#14797);
#4469=VERTEX_POINT('',#14799);
#4470=VERTEX_POINT('',#14801);
#4471=VERTEX_POINT('',#14804);
#4472=VERTEX_POINT('',#14805);
#4473=VERTEX_POINT('',#14807);
#4474=VERTEX_POINT('',#14809);
#4475=VERTEX_POINT('',#14811);
#4476=VERTEX_POINT('',#14813);
#4477=VERTEX_POINT('',#14815);
#4478=VERTEX_POINT('',#14817);
#4479=VERTEX_POINT('',#14819);
#4480=VERTEX_POINT('',#14821);
#4481=VERTEX_POINT('',#14823);
#4482=VERTEX_POINT('',#14825);
#4483=VERTEX_POINT('',#14827);
#4484=VERTEX_POINT('',#14829);
#4485=VERTEX_POINT('',#14831);
#4486=VERTEX_POINT('',#14852);
#4487=VERTEX_POINT('',#14853);
#4488=VERTEX_POINT('',#14858);
#4489=VERTEX_POINT('',#14860);
#4490=VERTEX_POINT('',#14862);
#4491=VERTEX_POINT('',#14864);
#4492=VERTEX_POINT('',#14866);
#4493=VERTEX_POINT('',#14868);
#4494=VERTEX_POINT('',#14870);
#4495=VERTEX_POINT('',#14872);
#4496=VERTEX_POINT('',#14874);
#4497=VERTEX_POINT('',#14876);
#4498=VERTEX_POINT('',#14878);
#4499=VERTEX_POINT('',#14880);
#4500=VERTEX_POINT('',#14882);
#4501=VERTEX_POINT('',#14885);
#4502=VERTEX_POINT('',#14886);
#4503=VERTEX_POINT('',#14888);
#4504=VERTEX_POINT('',#14890);
#4505=VERTEX_POINT('',#14892);
#4506=VERTEX_POINT('',#14894);
#4507=VERTEX_POINT('',#14896);
#4508=VERTEX_POINT('',#14898);
#4509=VERTEX_POINT('',#14900);
#4510=VERTEX_POINT('',#14902);
#4511=VERTEX_POINT('',#14904);
#4512=VERTEX_POINT('',#14906);
#4513=VERTEX_POINT('',#14908);
#4514=VERTEX_POINT('',#14910);
#4515=VERTEX_POINT('',#14912);
#4516=VERTEX_POINT('',#14914);
#4517=VERTEX_POINT('',#14916);
#4518=VERTEX_POINT('',#14918);
#4519=VERTEX_POINT('',#14920);
#4520=VERTEX_POINT('',#14942);
#4521=VERTEX_POINT('',#14943);
#4522=VERTEX_POINT('',#14948);
#4523=VERTEX_POINT('',#14950);
#4524=VERTEX_POINT('',#14952);
#4525=VERTEX_POINT('',#14954);
#4526=VERTEX_POINT('',#14956);
#4527=VERTEX_POINT('',#14958);
#4528=VERTEX_POINT('',#14960);
#4529=VERTEX_POINT('',#14962);
#4530=VERTEX_POINT('',#14964);
#4531=VERTEX_POINT('',#14966);
#4532=VERTEX_POINT('',#14968);
#4533=VERTEX_POINT('',#14970);
#4534=VERTEX_POINT('',#14972);
#4535=VERTEX_POINT('',#14974);
#4536=VERTEX_POINT('',#14976);
#4537=VERTEX_POINT('',#14978);
#4538=VERTEX_POINT('',#14980);
#4539=VERTEX_POINT('',#14982);
#4540=VERTEX_POINT('',#14984);
#4541=VERTEX_POINT('',#14986);
#4542=VERTEX_POINT('',#14988);
#4543=VERTEX_POINT('',#14990);
#4544=VERTEX_POINT('',#14992);
#4545=VERTEX_POINT('',#14994);
#4546=VERTEX_POINT('',#14997);
#4547=VERTEX_POINT('',#14998);
#4548=VERTEX_POINT('',#15000);
#4549=VERTEX_POINT('',#15002);
#4550=VERTEX_POINT('',#15005);
#4551=VERTEX_POINT('',#15006);
#4552=VERTEX_POINT('',#15008);
#4553=VERTEX_POINT('',#15010);
#4554=VERTEX_POINT('',#15013);
#4555=VERTEX_POINT('',#15014);
#4556=VERTEX_POINT('',#15016);
#4557=VERTEX_POINT('',#15018);
#4558=VERTEX_POINT('',#15021);
#4559=VERTEX_POINT('',#15022);
#4560=VERTEX_POINT('',#15024);
#4561=VERTEX_POINT('',#15026);
#4562=VERTEX_POINT('',#15029);
#4563=VERTEX_POINT('',#15030);
#4564=VERTEX_POINT('',#15032);
#4565=VERTEX_POINT('',#15034);
#4566=VERTEX_POINT('',#15037);
#4567=VERTEX_POINT('',#15038);
#4568=VERTEX_POINT('',#15040);
#4569=VERTEX_POINT('',#15042);
#4570=VERTEX_POINT('',#15045);
#4571=VERTEX_POINT('',#15046);
#4572=VERTEX_POINT('',#15048);
#4573=VERTEX_POINT('',#15050);
#4574=VERTEX_POINT('',#15053);
#4575=VERTEX_POINT('',#15054);
#4576=VERTEX_POINT('',#15056);
#4577=VERTEX_POINT('',#15058);
#4578=VERTEX_POINT('',#15061);
#4579=VERTEX_POINT('',#15062);
#4580=VERTEX_POINT('',#15064);
#4581=VERTEX_POINT('',#15066);
#4582=VERTEX_POINT('',#15069);
#4583=VERTEX_POINT('',#15070);
#4584=VERTEX_POINT('',#15072);
#4585=VERTEX_POINT('',#15074);
#4586=VERTEX_POINT('',#15077);
#4587=VERTEX_POINT('',#15078);
#4588=VERTEX_POINT('',#15080);
#4589=VERTEX_POINT('',#15082);
#4590=VERTEX_POINT('',#15085);
#4591=VERTEX_POINT('',#15086);
#4592=VERTEX_POINT('',#15088);
#4593=VERTEX_POINT('',#15090);
#4594=VERTEX_POINT('',#15093);
#4595=VERTEX_POINT('',#15094);
#4596=VERTEX_POINT('',#15096);
#4597=VERTEX_POINT('',#15098);
#4598=VERTEX_POINT('',#15101);
#4599=VERTEX_POINT('',#15102);
#4600=VERTEX_POINT('',#15104);
#4601=VERTEX_POINT('',#15106);
#4602=VERTEX_POINT('',#15109);
#4603=VERTEX_POINT('',#15110);
#4604=VERTEX_POINT('',#15112);
#4605=VERTEX_POINT('',#15114);
#4606=VERTEX_POINT('',#15117);
#4607=VERTEX_POINT('',#15118);
#4608=VERTEX_POINT('',#15120);
#4609=VERTEX_POINT('',#15122);
#4610=VERTEX_POINT('',#15125);
#4611=VERTEX_POINT('',#15126);
#4612=VERTEX_POINT('',#15128);
#4613=VERTEX_POINT('',#15130);
#4614=VERTEX_POINT('',#15133);
#4615=VERTEX_POINT('',#15135);
#4616=VERTEX_POINT('',#15137);
#4617=VERTEX_POINT('',#15139);
#4618=VERTEX_POINT('',#15142);
#4619=VERTEX_POINT('',#15144);
#4620=VERTEX_POINT('',#15146);
#4621=VERTEX_POINT('',#15148);
#4622=VERTEX_POINT('',#15151);
#4623=VERTEX_POINT('',#15153);
#4624=VERTEX_POINT('',#15157);
#4625=VERTEX_POINT('',#15175);
#4626=VERTEX_POINT('',#15176);
#4627=VERTEX_POINT('',#15178);
#4628=VERTEX_POINT('',#15180);
#4629=VERTEX_POINT('',#15184);
#4630=VERTEX_POINT('',#15186);
#4631=VERTEX_POINT('',#15190);
#4632=VERTEX_POINT('',#15192);
#4633=VERTEX_POINT('',#15196);
#4634=VERTEX_POINT('',#15198);
#4635=VERTEX_POINT('',#15202);
#4636=VERTEX_POINT('',#15204);
#4637=VERTEX_POINT('',#15208);
#4638=VERTEX_POINT('',#15210);
#4639=VERTEX_POINT('',#15215);
#4640=VERTEX_POINT('',#15217);
#4641=VERTEX_POINT('',#15219);
#4642=VERTEX_POINT('',#15221);
#4643=VERTEX_POINT('',#15223);
#4644=VERTEX_POINT('',#15225);
#4645=VERTEX_POINT('',#15227);
#4646=VERTEX_POINT('',#15229);
#4647=VERTEX_POINT('',#15231);
#4648=VERTEX_POINT('',#15233);
#4649=VERTEX_POINT('',#15235);
#4650=VERTEX_POINT('',#15237);
#4651=VERTEX_POINT('',#15239);
#4652=VERTEX_POINT('',#15241);
#4653=VERTEX_POINT('',#15243);
#4654=VERTEX_POINT('',#15247);
#4655=VERTEX_POINT('',#15249);
#4656=VERTEX_POINT('',#15251);
#4657=VERTEX_POINT('',#15255);
#4658=VERTEX_POINT('',#15256);
#4659=VERTEX_POINT('',#15261);
#4660=VERTEX_POINT('',#15267);
#4661=VERTEX_POINT('',#15268);
#4662=VERTEX_POINT('',#15273);
#4663=VERTEX_POINT('',#15277);
#4664=VERTEX_POINT('',#15281);
#4665=VERTEX_POINT('',#15283);
#4666=VERTEX_POINT('',#15285);
#4667=VERTEX_POINT('',#15289);
#4668=VERTEX_POINT('',#15293);
#4669=VERTEX_POINT('',#15297);
#4670=VERTEX_POINT('',#15301);
#4671=VERTEX_POINT('',#15305);
#4672=VERTEX_POINT('',#15309);
#4673=VERTEX_POINT('',#15313);
#4674=VERTEX_POINT('',#15314);
#4675=VERTEX_POINT('',#15316);
#4676=VERTEX_POINT('',#15318);
#4677=VERTEX_POINT('',#15322);
#4678=VERTEX_POINT('',#15324);
#4679=VERTEX_POINT('',#15328);
#4680=VERTEX_POINT('',#15330);
#4681=VERTEX_POINT('',#15334);
#4682=VERTEX_POINT('',#15336);
#4683=VERTEX_POINT('',#15340);
#4684=VERTEX_POINT('',#15342);
#4685=VERTEX_POINT('',#15346);
#4686=VERTEX_POINT('',#15348);
#4687=VERTEX_POINT('',#15352);
#4688=VERTEX_POINT('',#15354);
#4689=VERTEX_POINT('',#15356);
#4690=VERTEX_POINT('',#15358);
#4691=VERTEX_POINT('',#15363);
#4692=VERTEX_POINT('',#15364);
#4693=VERTEX_POINT('',#15366);
#4694=VERTEX_POINT('',#15368);
#4695=VERTEX_POINT('',#15371);
#4696=VERTEX_POINT('',#15373);
#4697=VERTEX_POINT('',#15375);
#4698=VERTEX_POINT('',#15377);
#4699=VERTEX_POINT('',#15379);
#4700=VERTEX_POINT('',#15381);
#4701=VERTEX_POINT('',#15385);
#4702=VERTEX_POINT('',#15389);
#4703=VERTEX_POINT('',#15393);
#4704=VERTEX_POINT('',#15397);
#4705=VERTEX_POINT('',#15401);
#4706=VERTEX_POINT('',#15405);
#4707=VERTEX_POINT('',#15409);
#4708=VERTEX_POINT('',#15410);
#4709=VERTEX_POINT('',#15415);
#4710=VERTEX_POINT('',#15419);
#4711=VERTEX_POINT('',#15425);
#4712=VERTEX_POINT('',#15429);
#4713=VERTEX_POINT('',#15433);
#4714=VERTEX_POINT('',#15437);
#4715=VERTEX_POINT('',#15441);
#4716=VERTEX_POINT('',#15445);
#4717=VERTEX_POINT('',#15449);
#4718=VERTEX_POINT('',#15453);
#4719=VERTEX_POINT('',#15457);
#4720=VERTEX_POINT('',#15461);
#4721=VERTEX_POINT('',#15465);
#4722=VERTEX_POINT('',#15469);
#4723=VERTEX_POINT('',#15476);
#4724=VERTEX_POINT('',#15478);
#4725=VERTEX_POINT('',#15482);
#4726=VERTEX_POINT('',#15486);
#4727=VERTEX_POINT('',#15492);
#4728=VERTEX_POINT('',#15496);
#4729=VERTEX_POINT('',#15500);
#4730=VERTEX_POINT('',#15504);
#4731=VERTEX_POINT('',#15508);
#4732=VERTEX_POINT('',#15512);
#4733=VERTEX_POINT('',#15516);
#4734=VERTEX_POINT('',#15520);
#4735=VERTEX_POINT('',#15524);
#4736=VERTEX_POINT('',#15530);
#4737=VERTEX_POINT('',#15534);
#4738=VERTEX_POINT('',#15538);
#4739=VERTEX_POINT('',#15542);
#4740=VERTEX_POINT('',#15546);
#4741=VERTEX_POINT('',#15553);
#4742=VERTEX_POINT('',#15555);
#4743=VERTEX_POINT('',#15559);
#4744=VERTEX_POINT('',#15561);
#4745=VERTEX_POINT('',#15569);
#4746=VERTEX_POINT('',#15571);
#4747=VERTEX_POINT('',#15575);
#4748=VERTEX_POINT('',#15579);
#4749=VERTEX_POINT('',#15585);
#4750=VERTEX_POINT('',#15587);
#4751=VERTEX_POINT('',#15591);
#4752=VERTEX_POINT('',#15595);
#4753=VERTEX_POINT('',#15602);
#4754=VERTEX_POINT('',#15608);
#4755=VERTEX_POINT('',#15619);
#4756=VERTEX_POINT('',#15625);
#4757=VERTEX_POINT('',#15627);
#4758=VERTEX_POINT('',#15629);
#4759=VERTEX_POINT('',#15633);
#4760=VERTEX_POINT('',#15637);
#4761=VERTEX_POINT('',#15641);
#4762=VERTEX_POINT('',#15647);
#4763=VERTEX_POINT('',#15648);
#4764=VERTEX_POINT('',#15650);
#4765=VERTEX_POINT('',#15653);
#4766=VERTEX_POINT('',#15659);
#4767=VERTEX_POINT('',#15661);
#4768=VERTEX_POINT('',#15667);
#4769=VERTEX_POINT('',#15669);
#4770=VERTEX_POINT('',#15675);
#4771=VERTEX_POINT('',#15677);
#4772=VERTEX_POINT('',#15699);
#4773=VERTEX_POINT('',#15700);
#4774=VERTEX_POINT('',#15702);
#4775=VERTEX_POINT('',#15704);
#4776=VERTEX_POINT('',#15706);
#4777=VERTEX_POINT('',#15718);
#4778=VERTEX_POINT('',#15720);
#4779=VERTEX_POINT('',#15722);
#4780=VERTEX_POINT('',#15724);
#4781=VERTEX_POINT('',#15726);
#4782=VERTEX_POINT('',#15728);
#4783=VERTEX_POINT('',#15730);
#4784=VERTEX_POINT('',#15732);
#4785=VERTEX_POINT('',#15746);
#4786=VERTEX_POINT('',#15755);
#4787=VERTEX_POINT('',#15759);
#4788=VERTEX_POINT('',#15763);
#4789=VERTEX_POINT('',#15767);
#4790=VERTEX_POINT('',#15771);
#4791=VERTEX_POINT('',#15775);
#4792=VERTEX_POINT('',#15779);
#4793=VERTEX_POINT('',#15783);
#4794=VERTEX_POINT('',#15787);
#4795=VERTEX_POINT('',#15791);
#4796=VERTEX_POINT('',#15795);
#4797=VERTEX_POINT('',#15799);
#4798=VERTEX_POINT('',#15803);
#4799=VERTEX_POINT('',#15807);
#4800=VERTEX_POINT('',#15811);
#4801=VERTEX_POINT('',#15827);
#4802=VERTEX_POINT('',#15831);
#4803=VERTEX_POINT('',#15837);
#4804=VERTEX_POINT('',#15839);
#4805=VERTEX_POINT('',#15843);
#4806=VERTEX_POINT('',#15847);
#4807=VERTEX_POINT('',#15853);
#4808=VERTEX_POINT('',#15855);
#4809=VERTEX_POINT('',#15859);
#4810=VERTEX_POINT('',#15863);
#4811=VERTEX_POINT('',#15869);
#4812=VERTEX_POINT('',#15871);
#4813=VERTEX_POINT('',#15875);
#4814=VERTEX_POINT('',#15879);
#4815=VERTEX_POINT('',#15885);
#4816=VERTEX_POINT('',#15887);
#4817=VERTEX_POINT('',#15891);
#4818=VERTEX_POINT('',#15895);
#4819=VERTEX_POINT('',#15901);
#4820=VERTEX_POINT('',#15903);
#4821=VERTEX_POINT('',#15907);
#4822=VERTEX_POINT('',#15911);
#4823=VERTEX_POINT('',#15917);
#4824=VERTEX_POINT('',#15919);
#4825=VERTEX_POINT('',#15923);
#4826=VERTEX_POINT('',#15927);
#4827=VERTEX_POINT('',#15933);
#4828=VERTEX_POINT('',#15935);
#4829=VERTEX_POINT('',#15939);
#4830=VERTEX_POINT('',#15943);
#4831=VERTEX_POINT('',#15949);
#4832=VERTEX_POINT('',#15951);
#4833=VERTEX_POINT('',#15955);
#4834=VERTEX_POINT('',#15959);
#4835=VERTEX_POINT('',#15965);
#4836=VERTEX_POINT('',#15967);
#4837=VERTEX_POINT('',#15971);
#4838=VERTEX_POINT('',#15975);
#4839=VERTEX_POINT('',#15981);
#4840=VERTEX_POINT('',#15983);
#4841=VERTEX_POINT('',#15987);
#4842=VERTEX_POINT('',#15991);
#4843=VERTEX_POINT('',#15997);
#4844=VERTEX_POINT('',#15999);
#4845=VERTEX_POINT('',#16003);
#4846=VERTEX_POINT('',#16007);
#4847=VERTEX_POINT('',#16013);
#4848=VERTEX_POINT('',#16015);
#4849=VERTEX_POINT('',#16019);
#4850=VERTEX_POINT('',#16023);
#4851=VERTEX_POINT('',#16029);
#4852=VERTEX_POINT('',#16031);
#4853=VERTEX_POINT('',#16035);
#4854=VERTEX_POINT('',#16039);
#4855=VERTEX_POINT('',#16045);
#4856=VERTEX_POINT('',#16047);
#4857=VERTEX_POINT('',#16051);
#4858=VERTEX_POINT('',#16055);
#4859=VERTEX_POINT('',#16061);
#4860=VERTEX_POINT('',#16063);
#4861=VERTEX_POINT('',#16067);
#4862=VERTEX_POINT('',#16071);
#4863=VERTEX_POINT('',#16077);
#4864=VERTEX_POINT('',#16079);
#4865=VERTEX_POINT('',#16083);
#4866=VERTEX_POINT('',#16087);
#4867=VERTEX_POINT('',#16093);
#4868=VERTEX_POINT('',#16095);
#4869=VERTEX_POINT('',#16099);
#4870=VERTEX_POINT('',#16103);
#4871=VERTEX_POINT('',#16110);
#4872=VERTEX_POINT('',#16111);
#4873=VERTEX_POINT('',#16115);
#4874=VERTEX_POINT('',#16117);
#4875=VERTEX_POINT('',#16119);
#4876=VERTEX_POINT('',#16123);
#4877=VERTEX_POINT('',#16125);
#4878=VERTEX_POINT('',#16127);
#4879=VERTEX_POINT('',#16129);
#4880=VERTEX_POINT('',#16131);
#4881=VERTEX_POINT('',#16133);
#4882=VERTEX_POINT('',#16135);
#4883=VERTEX_POINT('',#16137);
#4884=VERTEX_POINT('',#16139);
#4885=VERTEX_POINT('',#16141);
#4886=VERTEX_POINT('',#16143);
#4887=VERTEX_POINT('',#16145);
#4888=VERTEX_POINT('',#16147);
#4889=VERTEX_POINT('',#16149);
#4890=VERTEX_POINT('',#16151);
#4891=VERTEX_POINT('',#16153);
#4892=VERTEX_POINT('',#16155);
#4893=VERTEX_POINT('',#16157);
#4894=VERTEX_POINT('',#16159);
#4895=VERTEX_POINT('',#16161);
#4896=VERTEX_POINT('',#16163);
#4897=VERTEX_POINT('',#16165);
#4898=VERTEX_POINT('',#16167);
#4899=VERTEX_POINT('',#16169);
#4900=VERTEX_POINT('',#16171);
#4901=VERTEX_POINT('',#16173);
#4902=VERTEX_POINT('',#16175);
#4903=VERTEX_POINT('',#16177);
#4904=VERTEX_POINT('',#16179);
#4905=VERTEX_POINT('',#16181);
#4906=VERTEX_POINT('',#16183);
#4907=VERTEX_POINT('',#16185);
#4908=VERTEX_POINT('',#16187);
#4909=VERTEX_POINT('',#16189);
#4910=VERTEX_POINT('',#16191);
#4911=VERTEX_POINT('',#16193);
#4912=VERTEX_POINT('',#16196);
#4913=VERTEX_POINT('',#16197);
#4914=VERTEX_POINT('',#16199);
#4915=VERTEX_POINT('',#16201);
#4916=VERTEX_POINT('',#16205);
#4917=VERTEX_POINT('',#16207);
#4918=VERTEX_POINT('',#16213);
#4919=VERTEX_POINT('',#16214);
#4920=VERTEX_POINT('',#16219);
#4921=VERTEX_POINT('',#16220);
#4922=VERTEX_POINT('',#16225);
#4923=VERTEX_POINT('',#16229);
#4924=VERTEX_POINT('',#16235);
#4925=VERTEX_POINT('',#16239);
#4926=VERTEX_POINT('',#16243);
#4927=VERTEX_POINT('',#16247);
#4928=VERTEX_POINT('',#16251);
#4929=VERTEX_POINT('',#16255);
#4930=VERTEX_POINT('',#16259);
#4931=VERTEX_POINT('',#16263);
#4932=VERTEX_POINT('',#16264);
#4933=VERTEX_POINT('',#16266);
#4934=VERTEX_POINT('',#16268);
#4935=VERTEX_POINT('',#16271);
#4936=VERTEX_POINT('',#16275);
#4937=VERTEX_POINT('',#16281);
#4938=VERTEX_POINT('',#16283);
#4939=VERTEX_POINT('',#16287);
#4940=VERTEX_POINT('',#16291);
#4941=VERTEX_POINT('',#16293);
#4942=VERTEX_POINT('',#16297);
#4943=VERTEX_POINT('',#16300);
#4944=VERTEX_POINT('',#16302);
#4945=VERTEX_POINT('',#16306);
#4946=VERTEX_POINT('',#16308);
#4947=VERTEX_POINT('',#16312);
#4948=VERTEX_POINT('',#16316);
#4949=VERTEX_POINT('',#16319);
#4950=VERTEX_POINT('',#16322);
#4951=VERTEX_POINT('',#16323);
#4952=VERTEX_POINT('',#16325);
#4953=VERTEX_POINT('',#16327);
#4954=VERTEX_POINT('',#16331);
#4955=VERTEX_POINT('',#16333);
#4956=VERTEX_POINT('',#16335);
#4957=VERTEX_POINT('',#16337);
#4958=VERTEX_POINT('',#16339);
#4959=VERTEX_POINT('',#16341);
#4960=VERTEX_POINT('',#16343);
#4961=VERTEX_POINT('',#16345);
#4962=VERTEX_POINT('',#16347);
#4963=VERTEX_POINT('',#16349);
#4964=VERTEX_POINT('',#16351);
#4965=VERTEX_POINT('',#16354);
#4966=VERTEX_POINT('',#16355);
#4967=VERTEX_POINT('',#16357);
#4968=VERTEX_POINT('',#16359);
#4969=VERTEX_POINT('',#16361);
#4970=VERTEX_POINT('',#16363);
#4971=VERTEX_POINT('',#16365);
#4972=VERTEX_POINT('',#16367);
#4973=VERTEX_POINT('',#16369);
#4974=VERTEX_POINT('',#16371);
#4975=VERTEX_POINT('',#16373);
#4976=VERTEX_POINT('',#16375);
#4977=VERTEX_POINT('',#16377);
#4978=VERTEX_POINT('',#16379);
#4979=VERTEX_POINT('',#16381);
#4980=VERTEX_POINT('',#16402);
#4981=VERTEX_POINT('',#16403);
#4982=VERTEX_POINT('',#16408);
#4983=VERTEX_POINT('',#16410);
#4984=VERTEX_POINT('',#16412);
#4985=VERTEX_POINT('',#16414);
#4986=VERTEX_POINT('',#16416);
#4987=VERTEX_POINT('',#16418);
#4988=VERTEX_POINT('',#16420);
#4989=VERTEX_POINT('',#16422);
#4990=VERTEX_POINT('',#16424);
#4991=VERTEX_POINT('',#16426);
#4992=VERTEX_POINT('',#16428);
#4993=VERTEX_POINT('',#16430);
#4994=VERTEX_POINT('',#16432);
#4995=VERTEX_POINT('',#16435);
#4996=VERTEX_POINT('',#16436);
#4997=VERTEX_POINT('',#16438);
#4998=VERTEX_POINT('',#16440);
#4999=VERTEX_POINT('',#16442);
#5000=VERTEX_POINT('',#16444);
#5001=VERTEX_POINT('',#16446);
#5002=VERTEX_POINT('',#16448);
#5003=VERTEX_POINT('',#16450);
#5004=VERTEX_POINT('',#16452);
#5005=VERTEX_POINT('',#16454);
#5006=VERTEX_POINT('',#16456);
#5007=VERTEX_POINT('',#16458);
#5008=VERTEX_POINT('',#16460);
#5009=VERTEX_POINT('',#16462);
#5010=VERTEX_POINT('',#16464);
#5011=VERTEX_POINT('',#16466);
#5012=VERTEX_POINT('',#16468);
#5013=VERTEX_POINT('',#16470);
#5014=VERTEX_POINT('',#16492);
#5015=VERTEX_POINT('',#16493);
#5016=VERTEX_POINT('',#16498);
#5017=VERTEX_POINT('',#16500);
#5018=VERTEX_POINT('',#16502);
#5019=VERTEX_POINT('',#16504);
#5020=VERTEX_POINT('',#16506);
#5021=VERTEX_POINT('',#16508);
#5022=VERTEX_POINT('',#16510);
#5023=VERTEX_POINT('',#16512);
#5024=VERTEX_POINT('',#16514);
#5025=VERTEX_POINT('',#16516);
#5026=VERTEX_POINT('',#16518);
#5027=VERTEX_POINT('',#16520);
#5028=VERTEX_POINT('',#16522);
#5029=VERTEX_POINT('',#16524);
#5030=VERTEX_POINT('',#16526);
#5031=VERTEX_POINT('',#16528);
#5032=VERTEX_POINT('',#16530);
#5033=VERTEX_POINT('',#16532);
#5034=VERTEX_POINT('',#16534);
#5035=VERTEX_POINT('',#16536);
#5036=VERTEX_POINT('',#16538);
#5037=VERTEX_POINT('',#16540);
#5038=VERTEX_POINT('',#16542);
#5039=VERTEX_POINT('',#16544);
#5040=VERTEX_POINT('',#16547);
#5041=VERTEX_POINT('',#16548);
#5042=VERTEX_POINT('',#16550);
#5043=VERTEX_POINT('',#16552);
#5044=VERTEX_POINT('',#16555);
#5045=VERTEX_POINT('',#16556);
#5046=VERTEX_POINT('',#16558);
#5047=VERTEX_POINT('',#16560);
#5048=VERTEX_POINT('',#16563);
#5049=VERTEX_POINT('',#16564);
#5050=VERTEX_POINT('',#16566);
#5051=VERTEX_POINT('',#16568);
#5052=VERTEX_POINT('',#16571);
#5053=VERTEX_POINT('',#16572);
#5054=VERTEX_POINT('',#16574);
#5055=VERTEX_POINT('',#16576);
#5056=VERTEX_POINT('',#16579);
#5057=VERTEX_POINT('',#16580);
#5058=VERTEX_POINT('',#16582);
#5059=VERTEX_POINT('',#16584);
#5060=VERTEX_POINT('',#16587);
#5061=VERTEX_POINT('',#16588);
#5062=VERTEX_POINT('',#16590);
#5063=VERTEX_POINT('',#16592);
#5064=VERTEX_POINT('',#16595);
#5065=VERTEX_POINT('',#16596);
#5066=VERTEX_POINT('',#16598);
#5067=VERTEX_POINT('',#16600);
#5068=VERTEX_POINT('',#16603);
#5069=VERTEX_POINT('',#16604);
#5070=VERTEX_POINT('',#16606);
#5071=VERTEX_POINT('',#16608);
#5072=VERTEX_POINT('',#16611);
#5073=VERTEX_POINT('',#16612);
#5074=VERTEX_POINT('',#16614);
#5075=VERTEX_POINT('',#16616);
#5076=VERTEX_POINT('',#16619);
#5077=VERTEX_POINT('',#16620);
#5078=VERTEX_POINT('',#16622);
#5079=VERTEX_POINT('',#16624);
#5080=VERTEX_POINT('',#16627);
#5081=VERTEX_POINT('',#16628);
#5082=VERTEX_POINT('',#16630);
#5083=VERTEX_POINT('',#16632);
#5084=VERTEX_POINT('',#16635);
#5085=VERTEX_POINT('',#16636);
#5086=VERTEX_POINT('',#16638);
#5087=VERTEX_POINT('',#16640);
#5088=VERTEX_POINT('',#16643);
#5089=VERTEX_POINT('',#16644);
#5090=VERTEX_POINT('',#16646);
#5091=VERTEX_POINT('',#16648);
#5092=VERTEX_POINT('',#16651);
#5093=VERTEX_POINT('',#16652);
#5094=VERTEX_POINT('',#16654);
#5095=VERTEX_POINT('',#16656);
#5096=VERTEX_POINT('',#16659);
#5097=VERTEX_POINT('',#16660);
#5098=VERTEX_POINT('',#16662);
#5099=VERTEX_POINT('',#16664);
#5100=VERTEX_POINT('',#16667);
#5101=VERTEX_POINT('',#16668);
#5102=VERTEX_POINT('',#16670);
#5103=VERTEX_POINT('',#16672);
#5104=VERTEX_POINT('',#16675);
#5105=VERTEX_POINT('',#16676);
#5106=VERTEX_POINT('',#16678);
#5107=VERTEX_POINT('',#16680);
#5108=VERTEX_POINT('',#16683);
#5109=VERTEX_POINT('',#16685);
#5110=VERTEX_POINT('',#16687);
#5111=VERTEX_POINT('',#16689);
#5112=VERTEX_POINT('',#16692);
#5113=VERTEX_POINT('',#16694);
#5114=VERTEX_POINT('',#16697);
#5115=VERTEX_POINT('',#16699);
#5116=VERTEX_POINT('',#16701);
#5117=VERTEX_POINT('',#16703);
#5118=VERTEX_POINT('',#16707);
#5119=VERTEX_POINT('',#16725);
#5120=VERTEX_POINT('',#16726);
#5121=VERTEX_POINT('',#16728);
#5122=VERTEX_POINT('',#16730);
#5123=VERTEX_POINT('',#16734);
#5124=VERTEX_POINT('',#16736);
#5125=VERTEX_POINT('',#16740);
#5126=VERTEX_POINT('',#16742);
#5127=VERTEX_POINT('',#16746);
#5128=VERTEX_POINT('',#16748);
#5129=VERTEX_POINT('',#16752);
#5130=VERTEX_POINT('',#16754);
#5131=VERTEX_POINT('',#16758);
#5132=VERTEX_POINT('',#16760);
#5133=VERTEX_POINT('',#16765);
#5134=VERTEX_POINT('',#16767);
#5135=VERTEX_POINT('',#16769);
#5136=VERTEX_POINT('',#16771);
#5137=VERTEX_POINT('',#16773);
#5138=VERTEX_POINT('',#16775);
#5139=VERTEX_POINT('',#16777);
#5140=VERTEX_POINT('',#16779);
#5141=VERTEX_POINT('',#16781);
#5142=VERTEX_POINT('',#16783);
#5143=VERTEX_POINT('',#16785);
#5144=VERTEX_POINT('',#16787);
#5145=VERTEX_POINT('',#16789);
#5146=VERTEX_POINT('',#16791);
#5147=VERTEX_POINT('',#16793);
#5148=VERTEX_POINT('',#16797);
#5149=VERTEX_POINT('',#16799);
#5150=VERTEX_POINT('',#16801);
#5151=VERTEX_POINT('',#16805);
#5152=VERTEX_POINT('',#16806);
#5153=VERTEX_POINT('',#16811);
#5154=VERTEX_POINT('',#16817);
#5155=VERTEX_POINT('',#16818);
#5156=VERTEX_POINT('',#16823);
#5157=VERTEX_POINT('',#16827);
#5158=VERTEX_POINT('',#16831);
#5159=VERTEX_POINT('',#16833);
#5160=VERTEX_POINT('',#16835);
#5161=VERTEX_POINT('',#16839);
#5162=VERTEX_POINT('',#16843);
#5163=VERTEX_POINT('',#16847);
#5164=VERTEX_POINT('',#16851);
#5165=VERTEX_POINT('',#16855);
#5166=VERTEX_POINT('',#16859);
#5167=VERTEX_POINT('',#16863);
#5168=VERTEX_POINT('',#16864);
#5169=VERTEX_POINT('',#16866);
#5170=VERTEX_POINT('',#16868);
#5171=VERTEX_POINT('',#16872);
#5172=VERTEX_POINT('',#16874);
#5173=VERTEX_POINT('',#16878);
#5174=VERTEX_POINT('',#16880);
#5175=VERTEX_POINT('',#16884);
#5176=VERTEX_POINT('',#16886);
#5177=VERTEX_POINT('',#16890);
#5178=VERTEX_POINT('',#16892);
#5179=VERTEX_POINT('',#16896);
#5180=VERTEX_POINT('',#16898);
#5181=VERTEX_POINT('',#16902);
#5182=VERTEX_POINT('',#16904);
#5183=VERTEX_POINT('',#16906);
#5184=VERTEX_POINT('',#16908);
#5185=VERTEX_POINT('',#16913);
#5186=VERTEX_POINT('',#16914);
#5187=VERTEX_POINT('',#16916);
#5188=VERTEX_POINT('',#16918);
#5189=VERTEX_POINT('',#16921);
#5190=VERTEX_POINT('',#16923);
#5191=VERTEX_POINT('',#16925);
#5192=VERTEX_POINT('',#16927);
#5193=VERTEX_POINT('',#16929);
#5194=VERTEX_POINT('',#16931);
#5195=VERTEX_POINT('',#16935);
#5196=VERTEX_POINT('',#16939);
#5197=VERTEX_POINT('',#16943);
#5198=VERTEX_POINT('',#16947);
#5199=VERTEX_POINT('',#16951);
#5200=VERTEX_POINT('',#16955);
#5201=VERTEX_POINT('',#16959);
#5202=VERTEX_POINT('',#16960);
#5203=VERTEX_POINT('',#16965);
#5204=VERTEX_POINT('',#16969);
#5205=VERTEX_POINT('',#16975);
#5206=VERTEX_POINT('',#16979);
#5207=VERTEX_POINT('',#16983);
#5208=VERTEX_POINT('',#16987);
#5209=VERTEX_POINT('',#16991);
#5210=VERTEX_POINT('',#16995);
#5211=VERTEX_POINT('',#16999);
#5212=VERTEX_POINT('',#17003);
#5213=VERTEX_POINT('',#17007);
#5214=VERTEX_POINT('',#17011);
#5215=VERTEX_POINT('',#17015);
#5216=VERTEX_POINT('',#17019);
#5217=VERTEX_POINT('',#17026);
#5218=VERTEX_POINT('',#17028);
#5219=VERTEX_POINT('',#17032);
#5220=VERTEX_POINT('',#17036);
#5221=VERTEX_POINT('',#17042);
#5222=VERTEX_POINT('',#17046);
#5223=VERTEX_POINT('',#17050);
#5224=VERTEX_POINT('',#17054);
#5225=VERTEX_POINT('',#17058);
#5226=VERTEX_POINT('',#17062);
#5227=VERTEX_POINT('',#17066);
#5228=VERTEX_POINT('',#17070);
#5229=VERTEX_POINT('',#17074);
#5230=VERTEX_POINT('',#17080);
#5231=VERTEX_POINT('',#17084);
#5232=VERTEX_POINT('',#17088);
#5233=VERTEX_POINT('',#17092);
#5234=VERTEX_POINT('',#17096);
#5235=VERTEX_POINT('',#17103);
#5236=VERTEX_POINT('',#17105);
#5237=VERTEX_POINT('',#17109);
#5238=VERTEX_POINT('',#17111);
#5239=VERTEX_POINT('',#17119);
#5240=VERTEX_POINT('',#17121);
#5241=VERTEX_POINT('',#17125);
#5242=VERTEX_POINT('',#17129);
#5243=VERTEX_POINT('',#17135);
#5244=VERTEX_POINT('',#17137);
#5245=VERTEX_POINT('',#17141);
#5246=VERTEX_POINT('',#17145);
#5247=VERTEX_POINT('',#17151);
#5248=VERTEX_POINT('',#17158);
#5249=VERTEX_POINT('',#17169);
#5250=VERTEX_POINT('',#17175);
#5251=VERTEX_POINT('',#17177);
#5252=VERTEX_POINT('',#17179);
#5253=VERTEX_POINT('',#17183);
#5254=VERTEX_POINT('',#17187);
#5255=VERTEX_POINT('',#17191);
#5256=VERTEX_POINT('',#17197);
#5257=VERTEX_POINT('',#17198);
#5258=VERTEX_POINT('',#17200);
#5259=VERTEX_POINT('',#17203);
#5260=VERTEX_POINT('',#17209);
#5261=VERTEX_POINT('',#17211);
#5262=VERTEX_POINT('',#17217);
#5263=VERTEX_POINT('',#17219);
#5264=VERTEX_POINT('',#17225);
#5265=VERTEX_POINT('',#17227);
#5266=VERTEX_POINT('',#17249);
#5267=VERTEX_POINT('',#17250);
#5268=VERTEX_POINT('',#17252);
#5269=VERTEX_POINT('',#17254);
#5270=VERTEX_POINT('',#17256);
#5271=VERTEX_POINT('',#17267);
#5272=VERTEX_POINT('',#17269);
#5273=VERTEX_POINT('',#17271);
#5274=VERTEX_POINT('',#17273);
#5275=VERTEX_POINT('',#17275);
#5276=VERTEX_POINT('',#17277);
#5277=VERTEX_POINT('',#17279);
#5278=VERTEX_POINT('',#17281);
#5279=VERTEX_POINT('',#17296);
#5280=VERTEX_POINT('',#17305);
#5281=VERTEX_POINT('',#17309);
#5282=VERTEX_POINT('',#17313);
#5283=VERTEX_POINT('',#17317);
#5284=VERTEX_POINT('',#17321);
#5285=VERTEX_POINT('',#17325);
#5286=VERTEX_POINT('',#17329);
#5287=VERTEX_POINT('',#17333);
#5288=VERTEX_POINT('',#17337);
#5289=VERTEX_POINT('',#17341);
#5290=VERTEX_POINT('',#17345);
#5291=VERTEX_POINT('',#17349);
#5292=VERTEX_POINT('',#17353);
#5293=VERTEX_POINT('',#17357);
#5294=VERTEX_POINT('',#17361);
#5295=VERTEX_POINT('',#17377);
#5296=VERTEX_POINT('',#17381);
#5297=VERTEX_POINT('',#17387);
#5298=VERTEX_POINT('',#17389);
#5299=VERTEX_POINT('',#17393);
#5300=VERTEX_POINT('',#17397);
#5301=VERTEX_POINT('',#17403);
#5302=VERTEX_POINT('',#17405);
#5303=VERTEX_POINT('',#17409);
#5304=VERTEX_POINT('',#17413);
#5305=VERTEX_POINT('',#17419);
#5306=VERTEX_POINT('',#17421);
#5307=VERTEX_POINT('',#17425);
#5308=VERTEX_POINT('',#17429);
#5309=VERTEX_POINT('',#17435);
#5310=VERTEX_POINT('',#17437);
#5311=VERTEX_POINT('',#17441);
#5312=VERTEX_POINT('',#17445);
#5313=VERTEX_POINT('',#17451);
#5314=VERTEX_POINT('',#17453);
#5315=VERTEX_POINT('',#17457);
#5316=VERTEX_POINT('',#17461);
#5317=VERTEX_POINT('',#17467);
#5318=VERTEX_POINT('',#17469);
#5319=VERTEX_POINT('',#17473);
#5320=VERTEX_POINT('',#17477);
#5321=VERTEX_POINT('',#17483);
#5322=VERTEX_POINT('',#17485);
#5323=VERTEX_POINT('',#17489);
#5324=VERTEX_POINT('',#17493);
#5325=VERTEX_POINT('',#17499);
#5326=VERTEX_POINT('',#17501);
#5327=VERTEX_POINT('',#17505);
#5328=VERTEX_POINT('',#17509);
#5329=VERTEX_POINT('',#17515);
#5330=VERTEX_POINT('',#17517);
#5331=VERTEX_POINT('',#17521);
#5332=VERTEX_POINT('',#17525);
#5333=VERTEX_POINT('',#17531);
#5334=VERTEX_POINT('',#17533);
#5335=VERTEX_POINT('',#17537);
#5336=VERTEX_POINT('',#17541);
#5337=VERTEX_POINT('',#17547);
#5338=VERTEX_POINT('',#17549);
#5339=VERTEX_POINT('',#17553);
#5340=VERTEX_POINT('',#17557);
#5341=VERTEX_POINT('',#17563);
#5342=VERTEX_POINT('',#17565);
#5343=VERTEX_POINT('',#17569);
#5344=VERTEX_POINT('',#17573);
#5345=VERTEX_POINT('',#17579);
#5346=VERTEX_POINT('',#17581);
#5347=VERTEX_POINT('',#17585);
#5348=VERTEX_POINT('',#17589);
#5349=VERTEX_POINT('',#17595);
#5350=VERTEX_POINT('',#17597);
#5351=VERTEX_POINT('',#17601);
#5352=VERTEX_POINT('',#17605);
#5353=VERTEX_POINT('',#17611);
#5354=VERTEX_POINT('',#17613);
#5355=VERTEX_POINT('',#17617);
#5356=VERTEX_POINT('',#17621);
#5357=VERTEX_POINT('',#17627);
#5358=VERTEX_POINT('',#17629);
#5359=VERTEX_POINT('',#17633);
#5360=VERTEX_POINT('',#17637);
#5361=VERTEX_POINT('',#17643);
#5362=VERTEX_POINT('',#17645);
#5363=VERTEX_POINT('',#17649);
#5364=VERTEX_POINT('',#17653);
#5365=EDGE_CURVE('',#4377,#4378,#4375,.T.);
#5366=EDGE_CURVE('',#4378,#4379,#1547,.T.);
#5367=EDGE_CURVE('',#4379,#4380,#1548,.F.);
#5368=EDGE_CURVE('',#4380,#4381,#1549,.T.);
#5369=EDGE_CURVE('',#4381,#4377,#1550,.T.);
#5370=EDGE_CURVE('',#4382,#4379,#1551,.T.);
#5371=EDGE_CURVE('',#4383,#4378,#193,.T.);
#5372=EDGE_CURVE('',#4384,#4383,#1552,.T.);
#5373=EDGE_CURVE('',#4385,#4384,#1553,.T.);
#5374=EDGE_CURVE('',#4386,#4385,#1554,.T.);
#5375=EDGE_CURVE('',#4387,#4386,#1555,.T.);
#5376=EDGE_CURVE('',#4388,#4387,#194,.T.);
#5377=EDGE_CURVE('',#4389,#4388,#1556,.T.);
#5378=EDGE_CURVE('',#4390,#4389,#195,.T.);
#5379=EDGE_CURVE('',#4391,#4390,#1557,.T.);
#5380=EDGE_CURVE('',#4392,#4391,#196,.T.);
#5381=EDGE_CURVE('',#4393,#4392,#1558,.T.);
#5382=EDGE_CURVE('',#4394,#4393,#197,.T.);
#5383=EDGE_CURVE('',#4395,#4394,#1559,.T.);
#5384=EDGE_CURVE('',#4396,#4395,#198,.T.);
#5385=EDGE_CURVE('',#4397,#4396,#1560,.T.);
#5386=EDGE_CURVE('',#4398,#4397,#1561,.T.);
#5387=EDGE_CURVE('',#4398,#4399,#1562,.T.);
#5388=EDGE_CURVE('',#4399,#4400,#1563,.T.);
#5389=EDGE_CURVE('',#4400,#4401,#1564,.T.);
#5390=EDGE_CURVE('',#4401,#4402,#199,.T.);
#5391=EDGE_CURVE('',#4402,#4403,#1565,.T.);
#5392=EDGE_CURVE('',#4403,#4404,#1566,.T.);
#5393=EDGE_CURVE('',#4404,#4405,#1567,.T.);
#5394=EDGE_CURVE('',#4405,#4406,#1568,.T.);
#5395=EDGE_CURVE('',#4406,#4407,#1569,.T.);
#5396=EDGE_CURVE('',#4407,#4408,#1570,.T.);
#5397=EDGE_CURVE('',#4408,#4409,#1571,.T.);
#5398=EDGE_CURVE('',#4409,#4410,#1572,.T.);
#5399=EDGE_CURVE('',#4410,#4411,#1573,.T.);
#5400=EDGE_CURVE('',#4411,#4412,#1574,.T.);
#5401=EDGE_CURVE('',#4412,#4413,#1575,.T.);
#5402=EDGE_CURVE('',#4413,#4414,#1576,.T.);
#5403=EDGE_CURVE('',#4414,#4415,#1577,.T.);
#5404=EDGE_CURVE('',#4415,#4416,#1578,.T.);
#5405=EDGE_CURVE('',#4416,#4417,#1579,.T.);
#5406=EDGE_CURVE('',#4417,#4382,#1580,.T.);
#5407=EDGE_CURVE('',#4418,#4419,#1581,.T.);
#5408=EDGE_CURVE('',#4420,#4418,#1582,.T.);
#5409=EDGE_CURVE('',#4421,#4420,#1583,.T.);
#5410=EDGE_CURVE('',#4419,#4421,#1584,.T.);
#5411=EDGE_CURVE('',#4422,#4377,#1585,.T.);
#5412=EDGE_CURVE('',#4422,#4423,#200,.T.);
#5413=EDGE_CURVE('',#4423,#4383,#1586,.T.);
#5414=EDGE_CURVE('',#4381,#4422,#1587,.T.);
#5415=EDGE_CURVE('',#4424,#4425,#1588,.T.);
#5416=EDGE_CURVE('',#4425,#4398,#1589,.T.);
#5417=EDGE_CURVE('',#4397,#4424,#1590,.T.);
#5418=EDGE_CURVE('',#4426,#4427,#1591,.T.);
#5419=EDGE_CURVE('',#4427,#4387,#1592,.T.);
#5420=EDGE_CURVE('',#4386,#4426,#1593,.T.);
#5421=EDGE_CURVE('',#4385,#4428,#1594,.T.);
#5422=EDGE_CURVE('',#4428,#4426,#1595,.T.);
#5423=EDGE_CURVE('',#4384,#4429,#1596,.T.);
#5424=EDGE_CURVE('',#4429,#4428,#1597,.T.);
#5425=EDGE_CURVE('',#4423,#4429,#1598,.T.);
#5426=EDGE_CURVE('',#4427,#4430,#201,.T.);
#5427=EDGE_CURVE('',#4430,#4388,#1599,.T.);
#5428=EDGE_CURVE('',#4431,#4389,#1600,.T.);
#5429=EDGE_CURVE('',#4430,#4431,#1601,.T.);
#5430=EDGE_CURVE('',#4431,#4432,#202,.T.);
#5431=EDGE_CURVE('',#4432,#4390,#1602,.T.);
#5432=EDGE_CURVE('',#4433,#4391,#1603,.T.);
#5433=EDGE_CURVE('',#4432,#4433,#1604,.T.);
#5434=EDGE_CURVE('',#4433,#4434,#203,.T.);
#5435=EDGE_CURVE('',#4434,#4392,#1605,.T.);
#5436=EDGE_CURVE('',#4435,#4393,#1606,.T.);
#5437=EDGE_CURVE('',#4434,#4435,#1607,.T.);
#5438=EDGE_CURVE('',#4435,#4436,#204,.T.);
#5439=EDGE_CURVE('',#4436,#4394,#1608,.T.);
#5440=EDGE_CURVE('',#4437,#4438,#1609,.T.);
#5441=EDGE_CURVE('',#4438,#4439,#1610,.T.);
#5442=EDGE_CURVE('',#4439,#4395,#1611,.T.);
#5443=EDGE_CURVE('',#4436,#4440,#1612,.T.);
#5444=EDGE_CURVE('',#4440,#4441,#1613,.T.);
#5445=EDGE_CURVE('',#4441,#4437,#1614,.T.);
#5446=EDGE_CURVE('',#4439,#4442,#205,.T.);
#5447=EDGE_CURVE('',#4442,#4396,#1615,.T.);
#5448=EDGE_CURVE('',#4442,#4424,#1616,.T.);
#5449=EDGE_CURVE('',#4443,#4425,#1617,.T.);
#5450=EDGE_CURVE('',#4444,#4443,#1618,.T.);
#5451=EDGE_CURVE('',#4444,#4399,#1619,.T.);
#5452=EDGE_CURVE('',#4445,#4424,#1620,.T.);
#5453=EDGE_CURVE('',#4443,#4445,#1621,.T.);
#5454=EDGE_CURVE('',#4439,#4446,#1622,.T.);
#5455=EDGE_CURVE('',#4446,#4447,#206,.T.);
#5456=EDGE_CURVE('',#4447,#4442,#1623,.T.);
#5457=EDGE_CURVE('',#4448,#4438,#1624,.T.);
#5458=EDGE_CURVE('',#4449,#4448,#1625,.T.);
#5459=EDGE_CURVE('',#4440,#4449,#1626,.T.);
#5460=EDGE_CURVE('',#4450,#4436,#1627,.T.);
#5461=EDGE_CURVE('',#4446,#4450,#1628,.T.);
#5462=EDGE_CURVE('',#4451,#4437,#1629,.T.);
#5463=EDGE_CURVE('',#4451,#4452,#1630,.T.);
#5464=EDGE_CURVE('',#4448,#4452,#1631,.T.);
#5465=EDGE_CURVE('',#4441,#4453,#1632,.T.);
#5466=EDGE_CURVE('',#4453,#4451,#1633,.T.);
#5467=EDGE_CURVE('',#4454,#4381,#1634,.T.);
#5468=EDGE_CURVE('',#4445,#4454,#1635,.T.);
#5469=EDGE_CURVE('',#4455,#4447,#1636,.T.);
#5470=EDGE_CURVE('',#4422,#4455,#1637,.T.);
#5471=EDGE_CURVE('',#4456,#4457,#1638,.T.);
#5472=EDGE_CURVE('',#4458,#4456,#207,.T.);
#5473=EDGE_CURVE('',#4459,#4458,#1639,.T.);
#5474=EDGE_CURVE('',#4457,#4459,#208,.T.);
#5475=EDGE_CURVE('',#4460,#4450,#209,.T.);
#5476=EDGE_CURVE('',#4460,#4461,#1640,.T.);
#5477=EDGE_CURVE('',#4462,#4461,#210,.T.);
#5478=EDGE_CURVE('',#4462,#4463,#1641,.T.);
#5479=EDGE_CURVE('',#4464,#4463,#211,.T.);
#5480=EDGE_CURVE('',#4464,#4465,#1642,.T.);
#5481=EDGE_CURVE('',#4466,#4465,#212,.T.);
#5482=EDGE_CURVE('',#4466,#4467,#1643,.T.);
#5483=EDGE_CURVE('',#4467,#4468,#1644,.T.);
#5484=EDGE_CURVE('',#4468,#4469,#1645,.T.);
#5485=EDGE_CURVE('',#4469,#4470,#1646,.T.);
#5486=EDGE_CURVE('',#4455,#4470,#213,.T.);
#5487=EDGE_CURVE('',#4471,#4472,#1647,.T.);
#5488=EDGE_CURVE('',#4473,#4472,#214,.T.);
#5489=EDGE_CURVE('',#4473,#4474,#1648,.T.);
#5490=EDGE_CURVE('',#4474,#4475,#1649,.T.);
#5491=EDGE_CURVE('',#4475,#4476,#1650,.T.);
#5492=EDGE_CURVE('',#4476,#4477,#1651,.T.);
#5493=EDGE_CURVE('',#4478,#4477,#215,.T.);
#5494=EDGE_CURVE('',#4478,#4479,#1652,.T.);
#5495=EDGE_CURVE('',#4480,#4479,#216,.T.);
#5496=EDGE_CURVE('',#4480,#4481,#1653,.T.);
#5497=EDGE_CURVE('',#4482,#4481,#217,.T.);
#5498=EDGE_CURVE('',#4482,#4483,#1654,.T.);
#5499=EDGE_CURVE('',#4484,#4483,#218,.T.);
#5500=EDGE_CURVE('',#4484,#4485,#1655,.T.);
#5501=EDGE_CURVE('',#4471,#4485,#219,.T.);
#5502=EDGE_CURVE('',#4427,#4466,#1656,.T.);
#5503=EDGE_CURVE('',#4465,#4430,#1657,.T.);
#5504=EDGE_CURVE('',#4467,#4426,#1658,.T.);
#5505=EDGE_CURVE('',#4431,#4464,#1659,.T.);
#5506=EDGE_CURVE('',#4463,#4432,#1660,.T.);
#5507=EDGE_CURVE('',#4433,#4462,#1661,.T.);
#5508=EDGE_CURVE('',#4461,#4434,#1662,.T.);
#5509=EDGE_CURVE('',#4435,#4460,#1663,.T.);
#5510=EDGE_CURVE('',#4470,#4423,#1664,.T.);
#5511=EDGE_CURVE('',#4486,#4487,#220,.T.);
#5512=EDGE_CURVE('',#4486,#4473,#1665,.T.);
#5513=EDGE_CURVE('',#4472,#4487,#1666,.T.);
#5514=EDGE_CURVE('',#4487,#4488,#1667,.T.);
#5515=EDGE_CURVE('',#4488,#4489,#221,.T.);
#5516=EDGE_CURVE('',#4489,#4490,#1668,.T.);
#5517=EDGE_CURVE('',#4490,#4491,#222,.T.);
#5518=EDGE_CURVE('',#4491,#4492,#1669,.T.);
#5519=EDGE_CURVE('',#4492,#4493,#223,.T.);
#5520=EDGE_CURVE('',#4493,#4494,#1670,.T.);
#5521=EDGE_CURVE('',#4494,#4495,#224,.T.);
#5522=EDGE_CURVE('',#4495,#4496,#1671,.T.);
#5523=EDGE_CURVE('',#4496,#4497,#225,.T.);
#5524=EDGE_CURVE('',#4497,#4498,#1672,.T.);
#5525=EDGE_CURVE('',#4498,#4499,#1673,.T.);
#5526=EDGE_CURVE('',#4499,#4500,#1674,.T.);
#5527=EDGE_CURVE('',#4500,#4486,#1675,.T.);
#5528=EDGE_CURVE('',#4501,#4502,#1676,.T.);
#5529=EDGE_CURVE('',#4502,#4503,#1677,.T.);
#5530=EDGE_CURVE('',#4504,#4503,#226,.T.);
#5531=EDGE_CURVE('',#4504,#4505,#1678,.T.);
#5532=EDGE_CURVE('',#4505,#4506,#1679,.T.);
#5533=EDGE_CURVE('',#4506,#4507,#1680,.T.);
#5534=EDGE_CURVE('',#4507,#4508,#1681,.T.);
#5535=EDGE_CURVE('',#4509,#4508,#227,.T.);
#5536=EDGE_CURVE('',#4509,#4510,#1682,.T.);
#5537=EDGE_CURVE('',#4511,#4510,#228,.T.);
#5538=EDGE_CURVE('',#4511,#4512,#1683,.T.);
#5539=EDGE_CURVE('',#4513,#4512,#229,.T.);
#5540=EDGE_CURVE('',#4513,#4514,#1684,.T.);
#5541=EDGE_CURVE('',#4515,#4514,#230,.T.);
#5542=EDGE_CURVE('',#4515,#4516,#1685,.T.);
#5543=EDGE_CURVE('',#4517,#4516,#231,.T.);
#5544=EDGE_CURVE('',#4517,#4518,#1686,.T.);
#5545=EDGE_CURVE('',#4518,#4519,#1687,.T.);
#5546=EDGE_CURVE('',#4519,#4501,#1688,.T.);
#5547=EDGE_CURVE('',#4488,#4471,#1689,.T.);
#5548=EDGE_CURVE('',#4485,#4489,#1690,.T.);
#5549=EDGE_CURVE('',#4490,#4484,#1691,.T.);
#5550=EDGE_CURVE('',#4483,#4491,#1692,.T.);
#5551=EDGE_CURVE('',#4492,#4482,#1693,.T.);
#5552=EDGE_CURVE('',#4481,#4493,#1694,.T.);
#5553=EDGE_CURVE('',#4494,#4480,#1695,.T.);
#5554=EDGE_CURVE('',#4479,#4495,#1696,.T.);
#5555=EDGE_CURVE('',#4496,#4478,#1697,.T.);
#5556=EDGE_CURVE('',#4497,#4477,#1698,.T.);
#5557=EDGE_CURVE('',#4520,#4521,#232,.T.);
#5558=EDGE_CURVE('',#4520,#4504,#1699,.T.);
#5559=EDGE_CURVE('',#4503,#4521,#1700,.T.);
#5560=EDGE_CURVE('',#4521,#4522,#1701,.T.);
#5561=EDGE_CURVE('',#4523,#4522,#1702,.T.);
#5562=EDGE_CURVE('',#4524,#4523,#1703,.T.);
#5563=EDGE_CURVE('',#4525,#4524,#1704,.T.);
#5564=EDGE_CURVE('',#4526,#4525,#1705,.T.);
#5565=EDGE_CURVE('',#4527,#4526,#233,.T.);
#5566=EDGE_CURVE('',#4528,#4527,#1706,.T.);
#5567=EDGE_CURVE('',#4529,#4528,#1707,.T.);
#5568=EDGE_CURVE('',#4530,#4529,#1708,.T.);
#5569=EDGE_CURVE('',#4530,#4531,#1709,.T.);
#5570=EDGE_CURVE('',#4531,#4532,#234,.T.);
#5571=EDGE_CURVE('',#4532,#4533,#1710,.T.);
#5572=EDGE_CURVE('',#4533,#4534,#235,.T.);
#5573=EDGE_CURVE('',#4534,#4535,#1711,.T.);
#5574=EDGE_CURVE('',#4535,#4536,#236,.T.);
#5575=EDGE_CURVE('',#4536,#4537,#1712,.T.);
#5576=EDGE_CURVE('',#4537,#4538,#237,.T.);
#5577=EDGE_CURVE('',#4538,#4539,#1713,.T.);
#5578=EDGE_CURVE('',#4539,#4540,#1714,.T.);
#5579=EDGE_CURVE('',#4541,#4540,#1715,.T.);
#5580=EDGE_CURVE('',#4542,#4541,#1716,.T.);
#5581=EDGE_CURVE('',#4543,#4542,#1717,.T.);
#5582=EDGE_CURVE('',#4544,#4543,#1718,.T.);
#5583=EDGE_CURVE('',#4544,#4545,#1719,.T.);
#5584=EDGE_CURVE('',#4545,#4520,#1720,.T.);
#5585=EDGE_CURVE('',#4546,#4547,#1721,.T.);
#5586=EDGE_CURVE('',#4548,#4546,#1722,.T.);
#5587=EDGE_CURVE('',#4549,#4548,#1723,.T.);
#5588=EDGE_CURVE('',#4547,#4549,#1724,.T.);
#5589=EDGE_CURVE('',#4550,#4551,#1725,.T.);
#5590=EDGE_CURVE('',#4552,#4550,#1726,.T.);
#5591=EDGE_CURVE('',#4553,#4552,#1727,.T.);
#5592=EDGE_CURVE('',#4551,#4553,#1728,.T.);
#5593=EDGE_CURVE('',#4554,#4555,#1729,.T.);
#5594=EDGE_CURVE('',#4556,#4554,#1730,.T.);
#5595=EDGE_CURVE('',#4557,#4556,#1731,.T.);
#5596=EDGE_CURVE('',#4555,#4557,#1732,.T.);
#5597=EDGE_CURVE('',#4558,#4559,#1733,.T.);
#5598=EDGE_CURVE('',#4560,#4558,#1734,.T.);
#5599=EDGE_CURVE('',#4561,#4560,#1735,.T.);
#5600=EDGE_CURVE('',#4559,#4561,#1736,.T.);
#5601=EDGE_CURVE('',#4562,#4563,#1737,.T.);
#5602=EDGE_CURVE('',#4564,#4562,#1738,.T.);
#5603=EDGE_CURVE('',#4565,#4564,#1739,.T.);
#5604=EDGE_CURVE('',#4563,#4565,#1740,.T.);
#5605=EDGE_CURVE('',#4566,#4567,#1741,.T.);
#5606=EDGE_CURVE('',#4568,#4566,#1742,.T.);
#5607=EDGE_CURVE('',#4569,#4568,#1743,.T.);
#5608=EDGE_CURVE('',#4567,#4569,#1744,.T.);
#5609=EDGE_CURVE('',#4570,#4571,#1745,.T.);
#5610=EDGE_CURVE('',#4572,#4570,#1746,.T.);
#5611=EDGE_CURVE('',#4573,#4572,#1747,.T.);
#5612=EDGE_CURVE('',#4571,#4573,#1748,.T.);
#5613=EDGE_CURVE('',#4574,#4575,#1749,.T.);
#5614=EDGE_CURVE('',#4576,#4574,#1750,.T.);
#5615=EDGE_CURVE('',#4577,#4576,#1751,.T.);
#5616=EDGE_CURVE('',#4575,#4577,#1752,.T.);
#5617=EDGE_CURVE('',#4578,#4579,#1753,.T.);
#5618=EDGE_CURVE('',#4580,#4578,#1754,.T.);
#5619=EDGE_CURVE('',#4581,#4580,#1755,.T.);
#5620=EDGE_CURVE('',#4579,#4581,#1756,.T.);
#5621=EDGE_CURVE('',#4582,#4583,#1757,.T.);
#5622=EDGE_CURVE('',#4584,#4582,#1758,.T.);
#5623=EDGE_CURVE('',#4585,#4584,#1759,.T.);
#5624=EDGE_CURVE('',#4583,#4585,#1760,.T.);
#5625=EDGE_CURVE('',#4586,#4587,#1761,.T.);
#5626=EDGE_CURVE('',#4588,#4586,#1762,.T.);
#5627=EDGE_CURVE('',#4589,#4588,#1763,.T.);
#5628=EDGE_CURVE('',#4587,#4589,#1764,.T.);
#5629=EDGE_CURVE('',#4590,#4591,#1765,.T.);
#5630=EDGE_CURVE('',#4592,#4590,#1766,.T.);
#5631=EDGE_CURVE('',#4593,#4592,#1767,.T.);
#5632=EDGE_CURVE('',#4591,#4593,#1768,.T.);
#5633=EDGE_CURVE('',#4594,#4595,#1769,.T.);
#5634=EDGE_CURVE('',#4596,#4594,#1770,.T.);
#5635=EDGE_CURVE('',#4597,#4596,#1771,.T.);
#5636=EDGE_CURVE('',#4595,#4597,#1772,.T.);
#5637=EDGE_CURVE('',#4598,#4599,#1773,.T.);
#5638=EDGE_CURVE('',#4600,#4598,#1774,.T.);
#5639=EDGE_CURVE('',#4601,#4600,#1775,.T.);
#5640=EDGE_CURVE('',#4599,#4601,#1776,.T.);
#5641=EDGE_CURVE('',#4602,#4603,#1777,.T.);
#5642=EDGE_CURVE('',#4604,#4602,#1778,.T.);
#5643=EDGE_CURVE('',#4605,#4604,#1779,.T.);
#5644=EDGE_CURVE('',#4603,#4605,#1780,.T.);
#5645=EDGE_CURVE('',#4606,#4607,#1781,.T.);
#5646=EDGE_CURVE('',#4608,#4606,#1782,.T.);
#5647=EDGE_CURVE('',#4609,#4608,#1783,.T.);
#5648=EDGE_CURVE('',#4607,#4609,#1784,.T.);
#5649=EDGE_CURVE('',#4610,#4611,#1785,.T.);
#5650=EDGE_CURVE('',#4612,#4610,#1786,.T.);
#5651=EDGE_CURVE('',#4613,#4612,#1787,.T.);
#5652=EDGE_CURVE('',#4611,#4613,#1788,.T.);
#5653=EDGE_CURVE('',#4614,#4614,#238,.T.);
#5654=EDGE_CURVE('',#4615,#4615,#239,.T.);
#5655=EDGE_CURVE('',#4616,#4616,#240,.T.);
#5656=EDGE_CURVE('',#4617,#4617,#241,.T.);
#5657=EDGE_CURVE('',#4502,#4618,#1789,.T.);
#5658=EDGE_CURVE('',#4618,#4619,#242,.T.);
#5659=EDGE_CURVE('',#4619,#4620,#1790,.T.);
#5660=EDGE_CURVE('',#4620,#4621,#243,.T.);
#5661=EDGE_CURVE('',#4621,#4518,#1791,.T.);
#5662=EDGE_CURVE('',#4622,#4517,#1792,.T.);
#5663=EDGE_CURVE('',#4622,#4623,#1793,.T.);
#5664=EDGE_CURVE('',#4522,#4623,#1794,.T.);
#5665=EDGE_CURVE('',#4622,#4624,#244,.T.);
#5666=EDGE_CURVE('',#4516,#4624,#1795,.T.);
#5667=EDGE_CURVE('',#4531,#4515,#1796,.T.);
#5668=EDGE_CURVE('',#4514,#4532,#1797,.T.);
#5669=EDGE_CURVE('',#4533,#4513,#1798,.T.);
#5670=EDGE_CURVE('',#4512,#4534,#1799,.T.);
#5671=EDGE_CURVE('',#4535,#4511,#1800,.T.);
#5672=EDGE_CURVE('',#4510,#4536,#1801,.T.);
#5673=EDGE_CURVE('',#4537,#4509,#1802,.T.);
#5674=EDGE_CURVE('',#4538,#4508,#1803,.T.);
#5675=EDGE_CURVE('',#4625,#4626,#1804,.T.);
#5676=EDGE_CURVE('',#4626,#4627,#1805,.T.);
#5677=EDGE_CURVE('',#4627,#4628,#1806,.T.);
#5678=EDGE_CURVE('',#4628,#4625,#1807,.T.);
#5679=EDGE_CURVE('',#4628,#4629,#1808,.T.);
#5680=EDGE_CURVE('',#4629,#4630,#1809,.T.);
#5681=EDGE_CURVE('',#4630,#4625,#1810,.T.);
#5682=EDGE_CURVE('',#4629,#4631,#1811,.T.);
#5683=EDGE_CURVE('',#4631,#4632,#1812,.T.);
#5684=EDGE_CURVE('',#4632,#4630,#1813,.T.);
#5685=EDGE_CURVE('',#4631,#4633,#1814,.T.);
#5686=EDGE_CURVE('',#4633,#4634,#1815,.T.);
#5687=EDGE_CURVE('',#4634,#4632,#1816,.T.);
#5688=EDGE_CURVE('',#4633,#4635,#1817,.T.);
#5689=EDGE_CURVE('',#4635,#4636,#1818,.T.);
#5690=EDGE_CURVE('',#4636,#4634,#1819,.T.);
#5691=EDGE_CURVE('',#4635,#4637,#1820,.T.);
#5692=EDGE_CURVE('',#4637,#4638,#1821,.T.);
#5693=EDGE_CURVE('',#4638,#4636,#1822,.T.);
#5694=EDGE_CURVE('',#4468,#4428,#1823,.T.);
#5695=EDGE_CURVE('',#4627,#4639,#1824,.T.);
#5696=EDGE_CURVE('',#4640,#4639,#1825,.T.);
#5697=EDGE_CURVE('',#4641,#4640,#1826,.T.);
#5698=EDGE_CURVE('',#4642,#4641,#1827,.T.);
#5699=EDGE_CURVE('',#4642,#4643,#1828,.T.);
#5700=EDGE_CURVE('',#4644,#4643,#1829,.T.);
#5701=EDGE_CURVE('',#4645,#4644,#1830,.T.);
#5702=EDGE_CURVE('',#4646,#4645,#1831,.T.);
#5703=EDGE_CURVE('',#4647,#4646,#1832,.T.);
#5704=EDGE_CURVE('',#4648,#4647,#1833,.T.);
#5705=EDGE_CURVE('',#4649,#4648,#1834,.T.);
#5706=EDGE_CURVE('',#4649,#4650,#1835,.T.);
#5707=EDGE_CURVE('',#4651,#4650,#1836,.T.);
#5708=EDGE_CURVE('',#4652,#4651,#1837,.T.);
#5709=EDGE_CURVE('',#4653,#4652,#1838,.T.);
#5710=EDGE_CURVE('',#4653,#4637,#1839,.T.);
#5711=EDGE_CURVE('',#4626,#4654,#1840,.T.);
#5712=EDGE_CURVE('',#4654,#4655,#1841,.T.);
#5713=EDGE_CURVE('',#4656,#4655,#1842,.T.);
#5714=EDGE_CURVE('',#4639,#4656,#1843,.T.);
#5715=EDGE_CURVE('',#4657,#4658,#1844,.T.);
#5716=EDGE_CURVE('',#4658,#4642,#1845,.T.);
#5717=EDGE_CURVE('',#4641,#4657,#1846,.T.);
#5718=EDGE_CURVE('',#4659,#4657,#1847,.T.);
#5719=EDGE_CURVE('',#4640,#4659,#1848,.T.);
#5720=EDGE_CURVE('',#4656,#4659,#1849,.T.);
#5721=EDGE_CURVE('',#4660,#4661,#1850,.T.);
#5722=EDGE_CURVE('',#4661,#4653,#1851,.T.);
#5723=EDGE_CURVE('',#4652,#4660,#1852,.T.);
#5724=EDGE_CURVE('',#4651,#4662,#1853,.T.);
#5725=EDGE_CURVE('',#4662,#4660,#1854,.T.);
#5726=EDGE_CURVE('',#4650,#4663,#1855,.T.);
#5727=EDGE_CURVE('',#4663,#4662,#1856,.T.);
#5728=EDGE_CURVE('',#4664,#4649,#1857,.T.);
#5729=EDGE_CURVE('',#4664,#4665,#1858,.T.);
#5730=EDGE_CURVE('',#4665,#4666,#1859,.T.);
#5731=EDGE_CURVE('',#4663,#4666,#1860,.T.);
#5732=EDGE_CURVE('',#4667,#4664,#1861,.T.);
#5733=EDGE_CURVE('',#4648,#4667,#1862,.T.);
#5734=EDGE_CURVE('',#4647,#4668,#1863,.T.);
#5735=EDGE_CURVE('',#4668,#4667,#1864,.T.);
#5736=EDGE_CURVE('',#4669,#4668,#1865,.T.);
#5737=EDGE_CURVE('',#4646,#4669,#1866,.T.);
#5738=EDGE_CURVE('',#4670,#4669,#1867,.T.);
#5739=EDGE_CURVE('',#4645,#4670,#1868,.T.);
#5740=EDGE_CURVE('',#4671,#4670,#1869,.T.);
#5741=EDGE_CURVE('',#4644,#4671,#1870,.T.);
#5742=EDGE_CURVE('',#4643,#4672,#1871,.T.);
#5743=EDGE_CURVE('',#4672,#4671,#1872,.T.);
#5744=EDGE_CURVE('',#4673,#4674,#1873,.T.);
#5745=EDGE_CURVE('',#4674,#4675,#1874,.T.);
#5746=EDGE_CURVE('',#4675,#4676,#1875,.T.);
#5747=EDGE_CURVE('',#4676,#4673,#1876,.T.);
#5748=EDGE_CURVE('',#4676,#4677,#1877,.T.);
#5749=EDGE_CURVE('',#4677,#4678,#1878,.T.);
#5750=EDGE_CURVE('',#4678,#4673,#1879,.T.);
#5751=EDGE_CURVE('',#4677,#4679,#1880,.T.);
#5752=EDGE_CURVE('',#4679,#4680,#1881,.T.);
#5753=EDGE_CURVE('',#4680,#4678,#1882,.T.);
#5754=EDGE_CURVE('',#4679,#4681,#1883,.T.);
#5755=EDGE_CURVE('',#4681,#4682,#1884,.T.);
#5756=EDGE_CURVE('',#4682,#4680,#1885,.T.);
#5757=EDGE_CURVE('',#4681,#4683,#1886,.T.);
#5758=EDGE_CURVE('',#4683,#4684,#1887,.T.);
#5759=EDGE_CURVE('',#4684,#4682,#1888,.T.);
#5760=EDGE_CURVE('',#4683,#4685,#1889,.T.);
#5761=EDGE_CURVE('',#4685,#4686,#1890,.T.);
#5762=EDGE_CURVE('',#4686,#4684,#1891,.T.);
#5763=EDGE_CURVE('',#4687,#4685,#1892,.T.);
#5764=EDGE_CURVE('',#4688,#4687,#1893,.T.);
#5765=EDGE_CURVE('',#4688,#4689,#1894,.T.);
#5766=EDGE_CURVE('',#4689,#4690,#1895,.T.);
#5767=EDGE_CURVE('',#4686,#4690,#1896,.T.);
#5768=EDGE_CURVE('',#4469,#4429,#1897,.T.);
#5769=EDGE_CURVE('',#4691,#4692,#1898,.T.);
#5770=EDGE_CURVE('',#4692,#4693,#1899,.T.);
#5771=EDGE_CURVE('',#4693,#4694,#1900,.T.);
#5772=EDGE_CURVE('',#4694,#4691,#1901,.T.);
#5773=EDGE_CURVE('',#4675,#4695,#1902,.T.);
#5774=EDGE_CURVE('',#4696,#4695,#1903,.T.);
#5775=EDGE_CURVE('',#4697,#4696,#1904,.T.);
#5776=EDGE_CURVE('',#4698,#4697,#1905,.T.);
#5777=EDGE_CURVE('',#4699,#4698,#1906,.T.);
#5778=EDGE_CURVE('',#4700,#4699,#1907,.T.);
#5779=EDGE_CURVE('',#4687,#4700,#1908,.T.);
#5780=EDGE_CURVE('',#4701,#4688,#1909,.T.);
#5781=EDGE_CURVE('',#4700,#4701,#1910,.T.);
#5782=EDGE_CURVE('',#4699,#4702,#1911,.T.);
#5783=EDGE_CURVE('',#4702,#4701,#1912,.T.);
#5784=EDGE_CURVE('',#4698,#4703,#1913,.T.);
#5785=EDGE_CURVE('',#4703,#4702,#1914,.T.);
#5786=EDGE_CURVE('',#4704,#4703,#1915,.T.);
#5787=EDGE_CURVE('',#4697,#4704,#1916,.T.);
#5788=EDGE_CURVE('',#4705,#4704,#1917,.T.);
#5789=EDGE_CURVE('',#4696,#4705,#1918,.T.);
#5790=EDGE_CURVE('',#4695,#4706,#1919,.T.);
#5791=EDGE_CURVE('',#4706,#4705,#1920,.T.);
#5792=EDGE_CURVE('',#4707,#4708,#1921,.T.);
#5793=EDGE_CURVE('',#4692,#4707,#1922,.T.);
#5794=EDGE_CURVE('',#4691,#4708,#1923,.T.);
#5795=EDGE_CURVE('',#4708,#4709,#1924,.T.);
#5796=EDGE_CURVE('',#4694,#4709,#1925,.T.);
#5797=EDGE_CURVE('',#4709,#4710,#1926,.T.);
#5798=EDGE_CURVE('',#4693,#4710,#1927,.T.);
#5799=EDGE_CURVE('',#4710,#4707,#1928,.T.);
#5800=EDGE_CURVE('',#4701,#4711,#1929,.T.);
#5801=EDGE_CURVE('',#4711,#4689,#1930,.T.);
#5802=EDGE_CURVE('',#4702,#4712,#1931,.T.);
#5803=EDGE_CURVE('',#4712,#4711,#1932,.T.);
#5804=EDGE_CURVE('',#4703,#4713,#1933,.T.);
#5805=EDGE_CURVE('',#4713,#4712,#1934,.T.);
#5806=EDGE_CURVE('',#4704,#4714,#1935,.T.);
#5807=EDGE_CURVE('',#4714,#4713,#1936,.T.);
#5808=EDGE_CURVE('',#4705,#4715,#1937,.T.);
#5809=EDGE_CURVE('',#4715,#4714,#1938,.T.);
#5810=EDGE_CURVE('',#4706,#4716,#1939,.T.);
#5811=EDGE_CURVE('',#4716,#4715,#1940,.T.);
#5812=EDGE_CURVE('',#4674,#4717,#1941,.T.);
#5813=EDGE_CURVE('',#4717,#4716,#1942,.T.);
#5814=EDGE_CURVE('',#4673,#4718,#1943,.T.);
#5815=EDGE_CURVE('',#4718,#4717,#1944,.T.);
#5816=EDGE_CURVE('',#4678,#4719,#1945,.T.);
#5817=EDGE_CURVE('',#4719,#4718,#1946,.T.);
#5818=EDGE_CURVE('',#4680,#4720,#1947,.T.);
#5819=EDGE_CURVE('',#4720,#4719,#1948,.T.);
#5820=EDGE_CURVE('',#4682,#4721,#1949,.T.);
#5821=EDGE_CURVE('',#4721,#4720,#1950,.T.);
#5822=EDGE_CURVE('',#4684,#4722,#1951,.T.);
#5823=EDGE_CURVE('',#4722,#4721,#1952,.T.);
#5824=EDGE_CURVE('',#4690,#4722,#1953,.T.);
#5825=EDGE_CURVE('',#4661,#4723,#1954,.T.);
#5826=EDGE_CURVE('',#4723,#4724,#1955,.T.);
#5827=EDGE_CURVE('',#4638,#4724,#1956,.T.);
#5828=EDGE_CURVE('',#4660,#4725,#1957,.T.);
#5829=EDGE_CURVE('',#4725,#4723,#1958,.T.);
#5830=EDGE_CURVE('',#4662,#4726,#1959,.T.);
#5831=EDGE_CURVE('',#4726,#4725,#1960,.T.);
#5832=EDGE_CURVE('',#4666,#4726,#1961,.T.);
#5833=EDGE_CURVE('',#4667,#4727,#1962,.T.);
#5834=EDGE_CURVE('',#4727,#4665,#1963,.T.);
#5835=EDGE_CURVE('',#4668,#4728,#1964,.T.);
#5836=EDGE_CURVE('',#4728,#4727,#1965,.T.);
#5837=EDGE_CURVE('',#4669,#4729,#1966,.T.);
#5838=EDGE_CURVE('',#4729,#4728,#1967,.T.);
#5839=EDGE_CURVE('',#4670,#4730,#1968,.T.);
#5840=EDGE_CURVE('',#4730,#4729,#1969,.T.);
#5841=EDGE_CURVE('',#4671,#4731,#1970,.T.);
#5842=EDGE_CURVE('',#4731,#4730,#1971,.T.);
#5843=EDGE_CURVE('',#4672,#4732,#1972,.T.);
#5844=EDGE_CURVE('',#4732,#4731,#1973,.T.);
#5845=EDGE_CURVE('',#4658,#4733,#1974,.T.);
#5846=EDGE_CURVE('',#4733,#4732,#1975,.T.);
#5847=EDGE_CURVE('',#4657,#4734,#1976,.T.);
#5848=EDGE_CURVE('',#4734,#4733,#1977,.T.);
#5849=EDGE_CURVE('',#4659,#4735,#1978,.T.);
#5850=EDGE_CURVE('',#4735,#4734,#1979,.T.);
#5851=EDGE_CURVE('',#4655,#4735,#1980,.T.);
#5852=EDGE_CURVE('',#4625,#4736,#1981,.T.);
#5853=EDGE_CURVE('',#4736,#4654,#1982,.T.);
#5854=EDGE_CURVE('',#4630,#4737,#1983,.T.);
#5855=EDGE_CURVE('',#4737,#4736,#1984,.T.);
#5856=EDGE_CURVE('',#4632,#4738,#1985,.T.);
#5857=EDGE_CURVE('',#4738,#4737,#1986,.T.);
#5858=EDGE_CURVE('',#4634,#4739,#1987,.T.);
#5859=EDGE_CURVE('',#4739,#4738,#1988,.T.);
#5860=EDGE_CURVE('',#4636,#4740,#1989,.T.);
#5861=EDGE_CURVE('',#4740,#4739,#1990,.T.);
#5862=EDGE_CURVE('',#4724,#4740,#1991,.T.);
#5863=EDGE_CURVE('',#4420,#4741,#1992,.T.);
#5864=EDGE_CURVE('',#4741,#4742,#1993,.T.);
#5865=EDGE_CURVE('',#4421,#4742,#1994,.T.);
#5866=EDGE_CURVE('',#4419,#4743,#1995,.T.);
#5867=EDGE_CURVE('',#4743,#4744,#1996,.T.);
#5868=EDGE_CURVE('',#4744,#4418,#1997,.T.);
#5869=EDGE_CURVE('',#4742,#4743,#1998,.T.);
#5870=EDGE_CURVE('',#4744,#4741,#1999,.T.);
#5871=EDGE_CURVE('',#4744,#4745,#2000,.T.);
#5872=EDGE_CURVE('',#4746,#4745,#2001,.T.);
#5873=EDGE_CURVE('',#4741,#4746,#2002,.T.);
#5874=EDGE_CURVE('',#4743,#4747,#2003,.T.);
#5875=EDGE_CURVE('',#4745,#4747,#2004,.T.);
#5876=EDGE_CURVE('',#4742,#4748,#2005,.T.);
#5877=EDGE_CURVE('',#4747,#4748,#2006,.T.);
#5878=EDGE_CURVE('',#4748,#4746,#2007,.T.);
#5879=EDGE_CURVE('',#4749,#4456,#2008,.T.);
#5880=EDGE_CURVE('',#4457,#4750,#2009,.T.);
#5881=EDGE_CURVE('',#4750,#4749,#2010,.T.);
#5882=EDGE_CURVE('',#4751,#4458,#2011,.T.);
#5883=EDGE_CURVE('',#4749,#4751,#245,.T.);
#5884=EDGE_CURVE('',#4752,#4459,#2012,.T.);
#5885=EDGE_CURVE('',#4751,#4752,#2013,.T.);
#5886=EDGE_CURVE('',#4752,#4750,#246,.T.);
#5887=EDGE_CURVE('',#4749,#4619,#2014,.T.);
#5888=EDGE_CURVE('',#4753,#4618,#2015,.T.);
#5889=EDGE_CURVE('',#4751,#4753,#2016,.T.);
#5890=EDGE_CURVE('',#4750,#4620,#2017,.T.);
#5891=EDGE_CURVE('',#4754,#4621,#2018,.T.);
#5892=EDGE_CURVE('',#4754,#4519,#2019,.T.);
#5893=EDGE_CURVE('',#4753,#4754,#2020,.T.);
#5894=EDGE_CURVE('',#4753,#4501,#2021,.T.);
#5895=EDGE_CURVE('',#4752,#4754,#2022,.T.);
#5896=EDGE_CURVE('',#4452,#4755,#2023,.T.);
#5897=EDGE_CURVE('',#4449,#4755,#2024,.T.);
#5898=EDGE_CURVE('',#4755,#4453,#2025,.T.);
#5899=EDGE_CURVE('',#4451,#4756,#2026,.T.);
#5900=EDGE_CURVE('',#4757,#4756,#2027,.T.);
#5901=EDGE_CURVE('',#4758,#4757,#2028,.T.);
#5902=EDGE_CURVE('',#4452,#4758,#2029,.T.);
#5903=EDGE_CURVE('',#4453,#4759,#2030,.T.);
#5904=EDGE_CURVE('',#4756,#4759,#2031,.T.);
#5905=EDGE_CURVE('',#4760,#4757,#2032,.T.);
#5906=EDGE_CURVE('',#4759,#4760,#2033,.T.);
#5907=EDGE_CURVE('',#4755,#4761,#2034,.T.);
#5908=EDGE_CURVE('',#4760,#4761,#2035,.T.);
#5909=EDGE_CURVE('',#4761,#4758,#2036,.T.);
#5910=EDGE_CURVE('',#4762,#4763,#247,.T.);
#5911=EDGE_CURVE('',#4762,#4764,#248,.T.);
#5912=EDGE_CURVE('',#4763,#4764,#249,.T.);
#5913=EDGE_CURVE('',#4763,#4765,#2037,.T.);
#5914=EDGE_CURVE('',#4765,#4765,#250,.T.);
#5915=EDGE_CURVE('',#4765,#4617,#2038,.T.);
#5916=EDGE_CURVE('',#4766,#4766,#251,.T.);
#5917=EDGE_CURVE('',#4766,#4767,#2039,.T.);
#5918=EDGE_CURVE('',#4767,#4767,#252,.T.);
#5919=EDGE_CURVE('',#4767,#4616,#2040,.T.);
#5920=EDGE_CURVE('',#4768,#4768,#253,.T.);
#5921=EDGE_CURVE('',#4768,#4769,#2041,.T.);
#5922=EDGE_CURVE('',#4769,#4769,#254,.T.);
#5923=EDGE_CURVE('',#4769,#4615,#2042,.T.);
#5924=EDGE_CURVE('',#4770,#4770,#255,.T.);
#5925=EDGE_CURVE('',#4770,#4771,#2043,.T.);
#5926=EDGE_CURVE('',#4771,#4771,#256,.T.);
#5927=EDGE_CURVE('',#4771,#4614,#2044,.T.);
#5928=EDGE_CURVE('',#4498,#4476,#2045,.T.);
#5929=EDGE_CURVE('',#4499,#4475,#2046,.T.);
#5930=EDGE_CURVE('',#4500,#4474,#2047,.T.);
#5931=EDGE_CURVE('',#4539,#4507,#2048,.T.);
#5932=EDGE_CURVE('',#4540,#4506,#2049,.T.);
#5933=EDGE_CURVE('',#4545,#4505,#2050,.T.);
#5934=EDGE_CURVE('',#4772,#4773,#2051,.T.);
#5935=EDGE_CURVE('',#4774,#4772,#2052,.T.);
#5936=EDGE_CURVE('',#4775,#4774,#2053,.T.);
#5937=EDGE_CURVE('',#4776,#4775,#2054,.T.);
#5938=EDGE_CURVE('',#4773,#4776,#2055,.T.);
#5939=EDGE_CURVE('',#4540,#4774,#2056,.T.);
#5940=EDGE_CURVE('',#4544,#4775,#2057,.T.);
#5941=EDGE_CURVE('',#4541,#4772,#2058,.T.);
#5942=EDGE_CURVE('',#4542,#4773,#2059,.T.);
#5943=EDGE_CURVE('',#4757,#4624,#2060,.T.);
#5944=EDGE_CURVE('',#4777,#4760,#2061,.T.);
#5945=EDGE_CURVE('',#4778,#4777,#2062,.T.);
#5946=EDGE_CURVE('',#4779,#4778,#2063,.T.);
#5947=EDGE_CURVE('',#4780,#4779,#2064,.T.);
#5948=EDGE_CURVE('',#4781,#4780,#257,.T.);
#5949=EDGE_CURVE('',#4782,#4781,#2065,.T.);
#5950=EDGE_CURVE('',#4783,#4782,#2066,.T.);
#5951=EDGE_CURVE('',#4784,#4783,#2067,.T.);
#5952=EDGE_CURVE('',#4623,#4784,#2068,.T.);
#5953=EDGE_CURVE('',#4527,#4780,#2069,.T.);
#5954=EDGE_CURVE('',#4526,#4781,#2070,.T.);
#5955=EDGE_CURVE('',#4528,#4779,#2071,.T.);
#5956=EDGE_CURVE('',#4529,#4778,#2072,.T.);
#5957=EDGE_CURVE('',#4530,#4777,#2073,.T.);
#5958=EDGE_CURVE('',#4785,#4444,#2074,.T.);
#5959=EDGE_CURVE('',#4785,#4400,#2075,.T.);
#5960=EDGE_CURVE('',#4764,#4785,#2076,.T.);
#5961=EDGE_CURVE('',#4764,#4401,#2077,.T.);
#5962=EDGE_CURVE('',#4762,#4402,#2078,.T.);
#5963=EDGE_CURVE('',#4786,#4762,#2079,.T.);
#5964=EDGE_CURVE('',#4786,#4403,#2080,.T.);
#5965=EDGE_CURVE('',#4787,#4786,#2081,.T.);
#5966=EDGE_CURVE('',#4787,#4404,#2082,.T.);
#5967=EDGE_CURVE('',#4788,#4787,#2083,.T.);
#5968=EDGE_CURVE('',#4788,#4405,#2084,.T.);
#5969=EDGE_CURVE('',#4789,#4788,#2085,.T.);
#5970=EDGE_CURVE('',#4789,#4406,#2086,.T.);
#5971=EDGE_CURVE('',#4790,#4789,#2087,.T.);
#5972=EDGE_CURVE('',#4790,#4407,#2088,.T.);
#5973=EDGE_CURVE('',#4791,#4790,#2089,.T.);
#5974=EDGE_CURVE('',#4791,#4408,#2090,.T.);
#5975=EDGE_CURVE('',#4792,#4791,#2091,.T.);
#5976=EDGE_CURVE('',#4792,#4409,#2092,.T.);
#5977=EDGE_CURVE('',#4793,#4792,#2093,.T.);
#5978=EDGE_CURVE('',#4793,#4410,#2094,.T.);
#5979=EDGE_CURVE('',#4794,#4793,#2095,.T.);
#5980=EDGE_CURVE('',#4794,#4411,#2096,.T.);
#5981=EDGE_CURVE('',#4795,#4794,#2097,.T.);
#5982=EDGE_CURVE('',#4795,#4412,#2098,.T.);
#5983=EDGE_CURVE('',#4796,#4795,#2099,.T.);
#5984=EDGE_CURVE('',#4796,#4413,#2100,.T.);
#5985=EDGE_CURVE('',#4797,#4796,#2101,.T.);
#5986=EDGE_CURVE('',#4797,#4414,#2102,.T.);
#5987=EDGE_CURVE('',#4798,#4797,#2103,.T.);
#5988=EDGE_CURVE('',#4798,#4415,#2104,.T.);
#5989=EDGE_CURVE('',#4799,#4798,#2105,.T.);
#5990=EDGE_CURVE('',#4799,#4416,#2106,.T.);
#5991=EDGE_CURVE('',#4800,#4799,#2107,.T.);
#5992=EDGE_CURVE('',#4800,#4417,#2108,.T.);
#5993=EDGE_CURVE('',#4523,#4784,#2109,.T.);
#5994=EDGE_CURVE('',#4524,#4783,#2110,.T.);
#5995=EDGE_CURVE('',#4525,#4782,#2111,.T.);
#5996=EDGE_CURVE('',#4543,#4776,#2112,.T.);
#5997=EDGE_CURVE('',#4801,#4380,#2113,.T.);
#5998=EDGE_CURVE('',#4454,#4801,#2114,.T.);
#5999=EDGE_CURVE('',#4801,#4802,#2115,.T.);
#6000=EDGE_CURVE('',#4802,#4382,#2116,.T.);
#6001=EDGE_CURVE('',#4802,#4800,#2117,.T.);
#6002=EDGE_CURVE('',#4546,#4803,#2118,.T.);
#6003=EDGE_CURVE('',#4804,#4803,#2119,.T.);
#6004=EDGE_CURVE('',#4548,#4804,#2120,.T.);
#6005=EDGE_CURVE('',#4805,#4804,#2121,.T.);
#6006=EDGE_CURVE('',#4549,#4805,#2122,.T.);
#6007=EDGE_CURVE('',#4806,#4805,#2123,.T.);
#6008=EDGE_CURVE('',#4547,#4806,#2124,.T.);
#6009=EDGE_CURVE('',#4803,#4806,#2125,.T.);
#6010=EDGE_CURVE('',#4550,#4807,#2126,.T.);
#6011=EDGE_CURVE('',#4808,#4807,#2127,.T.);
#6012=EDGE_CURVE('',#4552,#4808,#2128,.T.);
#6013=EDGE_CURVE('',#4809,#4808,#2129,.T.);
#6014=EDGE_CURVE('',#4553,#4809,#2130,.T.);
#6015=EDGE_CURVE('',#4810,#4809,#2131,.T.);
#6016=EDGE_CURVE('',#4551,#4810,#2132,.T.);
#6017=EDGE_CURVE('',#4807,#4810,#2133,.T.);
#6018=EDGE_CURVE('',#4554,#4811,#2134,.T.);
#6019=EDGE_CURVE('',#4812,#4811,#2135,.T.);
#6020=EDGE_CURVE('',#4556,#4812,#2136,.T.);
#6021=EDGE_CURVE('',#4813,#4812,#2137,.T.);
#6022=EDGE_CURVE('',#4557,#4813,#2138,.T.);
#6023=EDGE_CURVE('',#4814,#4813,#2139,.T.);
#6024=EDGE_CURVE('',#4555,#4814,#2140,.T.);
#6025=EDGE_CURVE('',#4811,#4814,#2141,.T.);
#6026=EDGE_CURVE('',#4558,#4815,#2142,.T.);
#6027=EDGE_CURVE('',#4816,#4815,#2143,.T.);
#6028=EDGE_CURVE('',#4560,#4816,#2144,.T.);
#6029=EDGE_CURVE('',#4817,#4816,#2145,.T.);
#6030=EDGE_CURVE('',#4561,#4817,#2146,.T.);
#6031=EDGE_CURVE('',#4818,#4817,#2147,.T.);
#6032=EDGE_CURVE('',#4559,#4818,#2148,.T.);
#6033=EDGE_CURVE('',#4815,#4818,#2149,.T.);
#6034=EDGE_CURVE('',#4562,#4819,#2150,.T.);
#6035=EDGE_CURVE('',#4820,#4819,#2151,.T.);
#6036=EDGE_CURVE('',#4564,#4820,#2152,.T.);
#6037=EDGE_CURVE('',#4821,#4820,#2153,.T.);
#6038=EDGE_CURVE('',#4565,#4821,#2154,.T.);
#6039=EDGE_CURVE('',#4822,#4821,#2155,.T.);
#6040=EDGE_CURVE('',#4563,#4822,#2156,.T.);
#6041=EDGE_CURVE('',#4819,#4822,#2157,.T.);
#6042=EDGE_CURVE('',#4566,#4823,#2158,.T.);
#6043=EDGE_CURVE('',#4824,#4823,#2159,.T.);
#6044=EDGE_CURVE('',#4568,#4824,#2160,.T.);
#6045=EDGE_CURVE('',#4825,#4824,#2161,.T.);
#6046=EDGE_CURVE('',#4569,#4825,#2162,.T.);
#6047=EDGE_CURVE('',#4826,#4825,#2163,.T.);
#6048=EDGE_CURVE('',#4567,#4826,#2164,.T.);
#6049=EDGE_CURVE('',#4823,#4826,#2165,.T.);
#6050=EDGE_CURVE('',#4570,#4827,#2166,.T.);
#6051=EDGE_CURVE('',#4828,#4827,#2167,.T.);
#6052=EDGE_CURVE('',#4572,#4828,#2168,.T.);
#6053=EDGE_CURVE('',#4829,#4828,#2169,.T.);
#6054=EDGE_CURVE('',#4573,#4829,#2170,.T.);
#6055=EDGE_CURVE('',#4830,#4829,#2171,.T.);
#6056=EDGE_CURVE('',#4571,#4830,#2172,.T.);
#6057=EDGE_CURVE('',#4827,#4830,#2173,.T.);
#6058=EDGE_CURVE('',#4574,#4831,#2174,.T.);
#6059=EDGE_CURVE('',#4832,#4831,#2175,.T.);
#6060=EDGE_CURVE('',#4576,#4832,#2176,.T.);
#6061=EDGE_CURVE('',#4833,#4832,#2177,.T.);
#6062=EDGE_CURVE('',#4577,#4833,#2178,.T.);
#6063=EDGE_CURVE('',#4834,#4833,#2179,.T.);
#6064=EDGE_CURVE('',#4575,#4834,#2180,.T.);
#6065=EDGE_CURVE('',#4831,#4834,#2181,.T.);
#6066=EDGE_CURVE('',#4578,#4835,#2182,.T.);
#6067=EDGE_CURVE('',#4836,#4835,#2183,.T.);
#6068=EDGE_CURVE('',#4580,#4836,#2184,.T.);
#6069=EDGE_CURVE('',#4837,#4836,#2185,.T.);
#6070=EDGE_CURVE('',#4581,#4837,#2186,.T.);
#6071=EDGE_CURVE('',#4838,#4837,#2187,.T.);
#6072=EDGE_CURVE('',#4579,#4838,#2188,.T.);
#6073=EDGE_CURVE('',#4835,#4838,#2189,.T.);
#6074=EDGE_CURVE('',#4582,#4839,#2190,.T.);
#6075=EDGE_CURVE('',#4840,#4839,#2191,.T.);
#6076=EDGE_CURVE('',#4584,#4840,#2192,.T.);
#6077=EDGE_CURVE('',#4841,#4840,#2193,.T.);
#6078=EDGE_CURVE('',#4585,#4841,#2194,.T.);
#6079=EDGE_CURVE('',#4842,#4841,#2195,.T.);
#6080=EDGE_CURVE('',#4583,#4842,#2196,.T.);
#6081=EDGE_CURVE('',#4839,#4842,#2197,.T.);
#6082=EDGE_CURVE('',#4586,#4843,#2198,.T.);
#6083=EDGE_CURVE('',#4844,#4843,#2199,.T.);
#6084=EDGE_CURVE('',#4588,#4844,#2200,.T.);
#6085=EDGE_CURVE('',#4845,#4844,#2201,.T.);
#6086=EDGE_CURVE('',#4589,#4845,#2202,.T.);
#6087=EDGE_CURVE('',#4846,#4845,#2203,.T.);
#6088=EDGE_CURVE('',#4587,#4846,#2204,.T.);
#6089=EDGE_CURVE('',#4843,#4846,#2205,.T.);
#6090=EDGE_CURVE('',#4590,#4847,#2206,.T.);
#6091=EDGE_CURVE('',#4848,#4847,#2207,.T.);
#6092=EDGE_CURVE('',#4592,#4848,#2208,.T.);
#6093=EDGE_CURVE('',#4849,#4848,#2209,.T.);
#6094=EDGE_CURVE('',#4593,#4849,#2210,.T.);
#6095=EDGE_CURVE('',#4850,#4849,#2211,.T.);
#6096=EDGE_CURVE('',#4591,#4850,#2212,.T.);
#6097=EDGE_CURVE('',#4847,#4850,#2213,.T.);
#6098=EDGE_CURVE('',#4594,#4851,#2214,.T.);
#6099=EDGE_CURVE('',#4852,#4851,#2215,.T.);
#6100=EDGE_CURVE('',#4596,#4852,#2216,.T.);
#6101=EDGE_CURVE('',#4853,#4852,#2217,.T.);
#6102=EDGE_CURVE('',#4597,#4853,#2218,.T.);
#6103=EDGE_CURVE('',#4854,#4853,#2219,.T.);
#6104=EDGE_CURVE('',#4595,#4854,#2220,.T.);
#6105=EDGE_CURVE('',#4851,#4854,#2221,.T.);
#6106=EDGE_CURVE('',#4598,#4855,#2222,.T.);
#6107=EDGE_CURVE('',#4856,#4855,#2223,.T.);
#6108=EDGE_CURVE('',#4600,#4856,#2224,.T.);
#6109=EDGE_CURVE('',#4857,#4856,#2225,.T.);
#6110=EDGE_CURVE('',#4601,#4857,#2226,.T.);
#6111=EDGE_CURVE('',#4858,#4857,#2227,.T.);
#6112=EDGE_CURVE('',#4599,#4858,#2228,.T.);
#6113=EDGE_CURVE('',#4855,#4858,#2229,.T.);
#6114=EDGE_CURVE('',#4602,#4859,#2230,.T.);
#6115=EDGE_CURVE('',#4860,#4859,#2231,.T.);
#6116=EDGE_CURVE('',#4604,#4860,#2232,.T.);
#6117=EDGE_CURVE('',#4861,#4860,#2233,.T.);
#6118=EDGE_CURVE('',#4605,#4861,#2234,.T.);
#6119=EDGE_CURVE('',#4862,#4861,#2235,.T.);
#6120=EDGE_CURVE('',#4603,#4862,#2236,.T.);
#6121=EDGE_CURVE('',#4859,#4862,#2237,.T.);
#6122=EDGE_CURVE('',#4606,#4863,#2238,.T.);
#6123=EDGE_CURVE('',#4864,#4863,#2239,.T.);
#6124=EDGE_CURVE('',#4608,#4864,#2240,.T.);
#6125=EDGE_CURVE('',#4865,#4864,#2241,.T.);
#6126=EDGE_CURVE('',#4609,#4865,#2242,.T.);
#6127=EDGE_CURVE('',#4866,#4865,#2243,.T.);
#6128=EDGE_CURVE('',#4607,#4866,#2244,.T.);
#6129=EDGE_CURVE('',#4863,#4866,#2245,.T.);
#6130=EDGE_CURVE('',#4610,#4867,#2246,.T.);
#6131=EDGE_CURVE('',#4868,#4867,#2247,.T.);
#6132=EDGE_CURVE('',#4612,#4868,#2248,.T.);
#6133=EDGE_CURVE('',#4869,#4868,#2249,.T.);
#6134=EDGE_CURVE('',#4613,#4869,#2250,.T.);
#6135=EDGE_CURVE('',#4870,#4869,#2251,.T.);
#6136=EDGE_CURVE('',#4611,#4870,#2252,.T.);
#6137=EDGE_CURVE('',#4867,#4870,#2253,.T.);
#6138=EDGE_CURVE('',#4871,#4872,#4376,.T.);
#6139=EDGE_CURVE('',#4873,#4871,#2254,.T.);
#6140=EDGE_CURVE('',#4874,#4873,#2255,.T.);
#6141=EDGE_CURVE('',#4875,#4874,#2256,.F.);
#6142=EDGE_CURVE('',#4872,#4875,#2257,.T.);
#6143=EDGE_CURVE('',#4876,#4875,#2258,.T.);
#6144=EDGE_CURVE('',#4877,#4876,#2259,.T.);
#6145=EDGE_CURVE('',#4878,#4877,#2260,.T.);
#6146=EDGE_CURVE('',#4879,#4878,#2261,.T.);
#6147=EDGE_CURVE('',#4880,#4879,#2262,.T.);
#6148=EDGE_CURVE('',#4881,#4880,#2263,.T.);
#6149=EDGE_CURVE('',#4882,#4881,#2264,.T.);
#6150=EDGE_CURVE('',#4883,#4882,#2265,.T.);
#6151=EDGE_CURVE('',#4884,#4883,#2266,.T.);
#6152=EDGE_CURVE('',#4885,#4884,#2267,.T.);
#6153=EDGE_CURVE('',#4886,#4885,#2268,.T.);
#6154=EDGE_CURVE('',#4887,#4886,#2269,.T.);
#6155=EDGE_CURVE('',#4888,#4887,#2270,.T.);
#6156=EDGE_CURVE('',#4889,#4888,#2271,.T.);
#6157=EDGE_CURVE('',#4890,#4889,#2272,.T.);
#6158=EDGE_CURVE('',#4891,#4890,#2273,.T.);
#6159=EDGE_CURVE('',#4892,#4891,#2274,.T.);
#6160=EDGE_CURVE('',#4893,#4892,#258,.T.);
#6161=EDGE_CURVE('',#4894,#4893,#2275,.T.);
#6162=EDGE_CURVE('',#4895,#4894,#2276,.T.);
#6163=EDGE_CURVE('',#4896,#4895,#2277,.T.);
#6164=EDGE_CURVE('',#4896,#4897,#2278,.T.);
#6165=EDGE_CURVE('',#4897,#4898,#2279,.T.);
#6166=EDGE_CURVE('',#4898,#4899,#259,.T.);
#6167=EDGE_CURVE('',#4899,#4900,#2280,.T.);
#6168=EDGE_CURVE('',#4900,#4901,#260,.T.);
#6169=EDGE_CURVE('',#4901,#4902,#2281,.T.);
#6170=EDGE_CURVE('',#4902,#4903,#261,.T.);
#6171=EDGE_CURVE('',#4903,#4904,#2282,.T.);
#6172=EDGE_CURVE('',#4904,#4905,#262,.T.);
#6173=EDGE_CURVE('',#4905,#4906,#2283,.T.);
#6174=EDGE_CURVE('',#4906,#4907,#263,.T.);
#6175=EDGE_CURVE('',#4907,#4908,#2284,.T.);
#6176=EDGE_CURVE('',#4908,#4909,#2285,.T.);
#6177=EDGE_CURVE('',#4909,#4910,#2286,.T.);
#6178=EDGE_CURVE('',#4910,#4911,#2287,.T.);
#6179=EDGE_CURVE('',#4911,#4872,#264,.T.);
#6180=EDGE_CURVE('',#4912,#4913,#2288,.T.);
#6181=EDGE_CURVE('',#4913,#4914,#2289,.T.);
#6182=EDGE_CURVE('',#4914,#4915,#2290,.T.);
#6183=EDGE_CURVE('',#4915,#4912,#2291,.T.);
#6184=EDGE_CURVE('',#4916,#4911,#2292,.T.);
#6185=EDGE_CURVE('',#4917,#4916,#265,.T.);
#6186=EDGE_CURVE('',#4917,#4871,#2293,.T.);
#6187=EDGE_CURVE('',#4873,#4917,#2294,.T.);
#6188=EDGE_CURVE('',#4918,#4919,#2295,.T.);
#6189=EDGE_CURVE('',#4897,#4918,#2296,.T.);
#6190=EDGE_CURVE('',#4919,#4896,#2297,.T.);
#6191=EDGE_CURVE('',#4920,#4921,#2298,.T.);
#6192=EDGE_CURVE('',#4908,#4920,#2299,.T.);
#6193=EDGE_CURVE('',#4921,#4907,#2300,.T.);
#6194=EDGE_CURVE('',#4922,#4920,#2301,.T.);
#6195=EDGE_CURVE('',#4909,#4922,#2302,.T.);
#6196=EDGE_CURVE('',#4923,#4922,#2303,.T.);
#6197=EDGE_CURVE('',#4910,#4923,#2304,.T.);
#6198=EDGE_CURVE('',#4916,#4923,#2305,.T.);
#6199=EDGE_CURVE('',#4924,#4906,#2306,.T.);
#6200=EDGE_CURVE('',#4921,#4924,#266,.T.);
#6201=EDGE_CURVE('',#4925,#4905,#2307,.T.);
#6202=EDGE_CURVE('',#4924,#4925,#2308,.T.);
#6203=EDGE_CURVE('',#4926,#4904,#2309,.T.);
#6204=EDGE_CURVE('',#4925,#4926,#267,.T.);
#6205=EDGE_CURVE('',#4927,#4903,#2310,.T.);
#6206=EDGE_CURVE('',#4926,#4927,#2311,.T.);
#6207=EDGE_CURVE('',#4928,#4902,#2312,.T.);
#6208=EDGE_CURVE('',#4927,#4928,#268,.T.);
#6209=EDGE_CURVE('',#4929,#4901,#2313,.T.);
#6210=EDGE_CURVE('',#4928,#4929,#2314,.T.);
#6211=EDGE_CURVE('',#4930,#4900,#2315,.T.);
#6212=EDGE_CURVE('',#4929,#4930,#269,.T.);
#6213=EDGE_CURVE('',#4931,#4932,#2316,.T.);
#6214=EDGE_CURVE('',#4933,#4931,#2317,.T.);
#6215=EDGE_CURVE('',#4934,#4933,#2318,.T.);
#6216=EDGE_CURVE('',#4930,#4934,#2319,.T.);
#6217=EDGE_CURVE('',#4935,#4899,#2320,.T.);
#6218=EDGE_CURVE('',#4932,#4935,#2321,.T.);
#6219=EDGE_CURVE('',#4936,#4898,#2322,.T.);
#6220=EDGE_CURVE('',#4935,#4936,#270,.T.);
#6221=EDGE_CURVE('',#4936,#4918,#2323,.T.);
#6222=EDGE_CURVE('',#4937,#4895,#2324,.T.);
#6223=EDGE_CURVE('',#4937,#4938,#2325,.T.);
#6224=EDGE_CURVE('',#4938,#4919,#2326,.T.);
#6225=EDGE_CURVE('',#4938,#4939,#2327,.T.);
#6226=EDGE_CURVE('',#4939,#4918,#2328,.T.);
#6227=EDGE_CURVE('',#4940,#4936,#2329,.T.);
#6228=EDGE_CURVE('',#4941,#4940,#271,.T.);
#6229=EDGE_CURVE('',#4935,#4941,#2330,.T.);
#6230=EDGE_CURVE('',#4941,#4942,#2331,.T.);
#6231=EDGE_CURVE('',#4942,#4930,#2332,.T.);
#6232=EDGE_CURVE('',#4934,#4943,#2333,.T.);
#6233=EDGE_CURVE('',#4943,#4944,#2334,.T.);
#6234=EDGE_CURVE('',#4944,#4932,#2335,.T.);
#6235=EDGE_CURVE('',#4944,#4945,#2336,.T.);
#6236=EDGE_CURVE('',#4946,#4945,#2337,.T.);
#6237=EDGE_CURVE('',#4946,#4931,#2338,.T.);
#6238=EDGE_CURVE('',#4947,#4946,#2339,.T.);
#6239=EDGE_CURVE('',#4933,#4947,#2340,.T.);
#6240=EDGE_CURVE('',#4917,#4948,#2341,.T.);
#6241=EDGE_CURVE('',#4948,#4940,#2342,.T.);
#6242=EDGE_CURVE('',#4939,#4949,#2343,.T.);
#6243=EDGE_CURVE('',#4949,#4873,#2344,.T.);
#6244=EDGE_CURVE('',#4950,#4951,#2345,.T.);
#6245=EDGE_CURVE('',#4951,#4952,#272,.T.);
#6246=EDGE_CURVE('',#4952,#4953,#2346,.T.);
#6247=EDGE_CURVE('',#4953,#4950,#273,.T.);
#6248=EDGE_CURVE('',#4948,#4954,#274,.T.);
#6249=EDGE_CURVE('',#4955,#4954,#2347,.T.);
#6250=EDGE_CURVE('',#4956,#4955,#2348,.T.);
#6251=EDGE_CURVE('',#4957,#4956,#2349,.T.);
#6252=EDGE_CURVE('',#4958,#4957,#2350,.T.);
#6253=EDGE_CURVE('',#4958,#4959,#275,.T.);
#6254=EDGE_CURVE('',#4960,#4959,#2351,.T.);
#6255=EDGE_CURVE('',#4960,#4961,#276,.T.);
#6256=EDGE_CURVE('',#4962,#4961,#2352,.T.);
#6257=EDGE_CURVE('',#4962,#4963,#277,.T.);
#6258=EDGE_CURVE('',#4964,#4963,#2353,.T.);
#6259=EDGE_CURVE('',#4964,#4942,#278,.T.);
#6260=EDGE_CURVE('',#4965,#4966,#2354,.T.);
#6261=EDGE_CURVE('',#4965,#4967,#279,.T.);
#6262=EDGE_CURVE('',#4968,#4967,#2355,.T.);
#6263=EDGE_CURVE('',#4968,#4969,#280,.T.);
#6264=EDGE_CURVE('',#4970,#4969,#2356,.T.);
#6265=EDGE_CURVE('',#4970,#4971,#281,.T.);
#6266=EDGE_CURVE('',#4972,#4971,#2357,.T.);
#6267=EDGE_CURVE('',#4972,#4973,#282,.T.);
#6268=EDGE_CURVE('',#4974,#4973,#2358,.T.);
#6269=EDGE_CURVE('',#4974,#4975,#283,.T.);
#6270=EDGE_CURVE('',#4976,#4975,#2359,.T.);
#6271=EDGE_CURVE('',#4977,#4976,#2360,.T.);
#6272=EDGE_CURVE('',#4978,#4977,#2361,.T.);
#6273=EDGE_CURVE('',#4979,#4978,#2362,.T.);
#6274=EDGE_CURVE('',#4979,#4966,#284,.T.);
#6275=EDGE_CURVE('',#4959,#4924,#2363,.T.);
#6276=EDGE_CURVE('',#4921,#4958,#2364,.T.);
#6277=EDGE_CURVE('',#4957,#4920,#2365,.T.);
#6278=EDGE_CURVE('',#4961,#4926,#2366,.T.);
#6279=EDGE_CURVE('',#4925,#4960,#2367,.T.);
#6280=EDGE_CURVE('',#4927,#4962,#2368,.T.);
#6281=EDGE_CURVE('',#4963,#4928,#2369,.T.);
#6282=EDGE_CURVE('',#4929,#4964,#2370,.T.);
#6283=EDGE_CURVE('',#4954,#4916,#2371,.T.);
#6284=EDGE_CURVE('',#4980,#4981,#285,.T.);
#6285=EDGE_CURVE('',#4966,#4981,#2372,.T.);
#6286=EDGE_CURVE('',#4980,#4979,#2373,.T.);
#6287=EDGE_CURVE('',#4982,#4980,#2374,.T.);
#6288=EDGE_CURVE('',#4983,#4982,#2375,.T.);
#6289=EDGE_CURVE('',#4984,#4983,#2376,.T.);
#6290=EDGE_CURVE('',#4985,#4984,#2377,.T.);
#6291=EDGE_CURVE('',#4986,#4985,#286,.T.);
#6292=EDGE_CURVE('',#4987,#4986,#2378,.T.);
#6293=EDGE_CURVE('',#4988,#4987,#287,.T.);
#6294=EDGE_CURVE('',#4989,#4988,#2379,.T.);
#6295=EDGE_CURVE('',#4990,#4989,#288,.T.);
#6296=EDGE_CURVE('',#4991,#4990,#2380,.T.);
#6297=EDGE_CURVE('',#4992,#4991,#289,.T.);
#6298=EDGE_CURVE('',#4993,#4992,#2381,.T.);
#6299=EDGE_CURVE('',#4994,#4993,#290,.T.);
#6300=EDGE_CURVE('',#4981,#4994,#2382,.T.);
#6301=EDGE_CURVE('',#4995,#4996,#2383,.T.);
#6302=EDGE_CURVE('',#4997,#4995,#2384,.T.);
#6303=EDGE_CURVE('',#4998,#4997,#2385,.T.);
#6304=EDGE_CURVE('',#4999,#4998,#2386,.T.);
#6305=EDGE_CURVE('',#4999,#5000,#291,.T.);
#6306=EDGE_CURVE('',#5001,#5000,#2387,.T.);
#6307=EDGE_CURVE('',#5001,#5002,#292,.T.);
#6308=EDGE_CURVE('',#5003,#5002,#2388,.T.);
#6309=EDGE_CURVE('',#5003,#5004,#293,.T.);
#6310=EDGE_CURVE('',#5005,#5004,#2389,.T.);
#6311=EDGE_CURVE('',#5005,#5006,#294,.T.);
#6312=EDGE_CURVE('',#5007,#5006,#2390,.T.);
#6313=EDGE_CURVE('',#5007,#5008,#295,.T.);
#6314=EDGE_CURVE('',#5009,#5008,#2391,.T.);
#6315=EDGE_CURVE('',#5010,#5009,#2392,.T.);
#6316=EDGE_CURVE('',#5011,#5010,#2393,.T.);
#6317=EDGE_CURVE('',#5012,#5011,#2394,.T.);
#6318=EDGE_CURVE('',#5012,#5013,#296,.T.);
#6319=EDGE_CURVE('',#4996,#5013,#2395,.T.);
#6320=EDGE_CURVE('',#4994,#4965,#2396,.T.);
#6321=EDGE_CURVE('',#4967,#4993,#2397,.T.);
#6322=EDGE_CURVE('',#4969,#4991,#2398,.T.);
#6323=EDGE_CURVE('',#4992,#4968,#2399,.T.);
#6324=EDGE_CURVE('',#4990,#4970,#2400,.T.);
#6325=EDGE_CURVE('',#4971,#4989,#2401,.T.);
#6326=EDGE_CURVE('',#4973,#4987,#2402,.T.);
#6327=EDGE_CURVE('',#4988,#4972,#2403,.T.);
#6328=EDGE_CURVE('',#4986,#4974,#2404,.T.);
#6329=EDGE_CURVE('',#4985,#4975,#2405,.T.);
#6330=EDGE_CURVE('',#5014,#5015,#297,.T.);
#6331=EDGE_CURVE('',#5013,#5015,#2406,.T.);
#6332=EDGE_CURVE('',#5014,#5012,#2407,.T.);
#6333=EDGE_CURVE('',#5016,#5014,#2408,.T.);
#6334=EDGE_CURVE('',#5017,#5016,#2409,.T.);
#6335=EDGE_CURVE('',#5017,#5018,#2410,.T.);
#6336=EDGE_CURVE('',#5018,#5019,#2411,.T.);
#6337=EDGE_CURVE('',#5019,#5020,#2412,.T.);
#6338=EDGE_CURVE('',#5020,#5021,#2413,.T.);
#6339=EDGE_CURVE('',#5022,#5021,#2414,.T.);
#6340=EDGE_CURVE('',#5023,#5022,#2415,.T.);
#6341=EDGE_CURVE('',#5024,#5023,#298,.T.);
#6342=EDGE_CURVE('',#5025,#5024,#2416,.T.);
#6343=EDGE_CURVE('',#5026,#5025,#299,.T.);
#6344=EDGE_CURVE('',#5027,#5026,#2417,.T.);
#6345=EDGE_CURVE('',#5028,#5027,#300,.T.);
#6346=EDGE_CURVE('',#5029,#5028,#2418,.T.);
#6347=EDGE_CURVE('',#5030,#5029,#301,.T.);
#6348=EDGE_CURVE('',#5031,#5030,#2419,.T.);
#6349=EDGE_CURVE('',#5031,#5032,#2420,.T.);
#6350=EDGE_CURVE('',#5032,#5033,#2421,.T.);
#6351=EDGE_CURVE('',#5033,#5034,#2422,.T.);
#6352=EDGE_CURVE('',#5034,#5035,#302,.T.);
#6353=EDGE_CURVE('',#5035,#5036,#2423,.T.);
#6354=EDGE_CURVE('',#5036,#5037,#2424,.T.);
#6355=EDGE_CURVE('',#5037,#5038,#2425,.T.);
#6356=EDGE_CURVE('',#5038,#5039,#2426,.T.);
#6357=EDGE_CURVE('',#5015,#5039,#2427,.T.);
#6358=EDGE_CURVE('',#5040,#5041,#2428,.T.);
#6359=EDGE_CURVE('',#5041,#5042,#2429,.T.);
#6360=EDGE_CURVE('',#5042,#5043,#2430,.T.);
#6361=EDGE_CURVE('',#5043,#5040,#2431,.T.);
#6362=EDGE_CURVE('',#5044,#5045,#2432,.T.);
#6363=EDGE_CURVE('',#5045,#5046,#2433,.T.);
#6364=EDGE_CURVE('',#5046,#5047,#2434,.T.);
#6365=EDGE_CURVE('',#5047,#5044,#2435,.T.);
#6366=EDGE_CURVE('',#5048,#5049,#2436,.T.);
#6367=EDGE_CURVE('',#5049,#5050,#2437,.T.);
#6368=EDGE_CURVE('',#5050,#5051,#2438,.T.);
#6369=EDGE_CURVE('',#5051,#5048,#2439,.T.);
#6370=EDGE_CURVE('',#5052,#5053,#2440,.T.);
#6371=EDGE_CURVE('',#5053,#5054,#2441,.T.);
#6372=EDGE_CURVE('',#5054,#5055,#2442,.T.);
#6373=EDGE_CURVE('',#5055,#5052,#2443,.T.);
#6374=EDGE_CURVE('',#5056,#5057,#2444,.T.);
#6375=EDGE_CURVE('',#5057,#5058,#2445,.T.);
#6376=EDGE_CURVE('',#5058,#5059,#2446,.T.);
#6377=EDGE_CURVE('',#5059,#5056,#2447,.T.);
#6378=EDGE_CURVE('',#5060,#5061,#2448,.T.);
#6379=EDGE_CURVE('',#5061,#5062,#2449,.T.);
#6380=EDGE_CURVE('',#5062,#5063,#2450,.T.);
#6381=EDGE_CURVE('',#5063,#5060,#2451,.T.);
#6382=EDGE_CURVE('',#5064,#5065,#2452,.T.);
#6383=EDGE_CURVE('',#5065,#5066,#2453,.T.);
#6384=EDGE_CURVE('',#5066,#5067,#2454,.T.);
#6385=EDGE_CURVE('',#5067,#5064,#2455,.T.);
#6386=EDGE_CURVE('',#5068,#5069,#2456,.T.);
#6387=EDGE_CURVE('',#5069,#5070,#2457,.T.);
#6388=EDGE_CURVE('',#5070,#5071,#2458,.T.);
#6389=EDGE_CURVE('',#5071,#5068,#2459,.T.);
#6390=EDGE_CURVE('',#5072,#5073,#2460,.T.);
#6391=EDGE_CURVE('',#5073,#5074,#2461,.T.);
#6392=EDGE_CURVE('',#5074,#5075,#2462,.T.);
#6393=EDGE_CURVE('',#5075,#5072,#2463,.T.);
#6394=EDGE_CURVE('',#5076,#5077,#2464,.T.);
#6395=EDGE_CURVE('',#5077,#5078,#2465,.T.);
#6396=EDGE_CURVE('',#5078,#5079,#2466,.T.);
#6397=EDGE_CURVE('',#5079,#5076,#2467,.T.);
#6398=EDGE_CURVE('',#5080,#5081,#2468,.T.);
#6399=EDGE_CURVE('',#5081,#5082,#2469,.T.);
#6400=EDGE_CURVE('',#5082,#5083,#2470,.T.);
#6401=EDGE_CURVE('',#5083,#5080,#2471,.T.);
#6402=EDGE_CURVE('',#5084,#5085,#2472,.T.);
#6403=EDGE_CURVE('',#5085,#5086,#2473,.T.);
#6404=EDGE_CURVE('',#5086,#5087,#2474,.T.);
#6405=EDGE_CURVE('',#5087,#5084,#2475,.T.);
#6406=EDGE_CURVE('',#5088,#5089,#2476,.T.);
#6407=EDGE_CURVE('',#5089,#5090,#2477,.T.);
#6408=EDGE_CURVE('',#5090,#5091,#2478,.T.);
#6409=EDGE_CURVE('',#5091,#5088,#2479,.T.);
#6410=EDGE_CURVE('',#5092,#5093,#2480,.T.);
#6411=EDGE_CURVE('',#5093,#5094,#2481,.T.);
#6412=EDGE_CURVE('',#5094,#5095,#2482,.T.);
#6413=EDGE_CURVE('',#5095,#5092,#2483,.T.);
#6414=EDGE_CURVE('',#5096,#5097,#2484,.T.);
#6415=EDGE_CURVE('',#5097,#5098,#2485,.T.);
#6416=EDGE_CURVE('',#5098,#5099,#2486,.T.);
#6417=EDGE_CURVE('',#5099,#5096,#2487,.T.);
#6418=EDGE_CURVE('',#5100,#5101,#2488,.T.);
#6419=EDGE_CURVE('',#5101,#5102,#2489,.T.);
#6420=EDGE_CURVE('',#5102,#5103,#2490,.T.);
#6421=EDGE_CURVE('',#5103,#5100,#2491,.T.);
#6422=EDGE_CURVE('',#5104,#5105,#2492,.T.);
#6423=EDGE_CURVE('',#5105,#5106,#2493,.T.);
#6424=EDGE_CURVE('',#5106,#5107,#2494,.T.);
#6425=EDGE_CURVE('',#5107,#5104,#2495,.T.);
#6426=EDGE_CURVE('',#5108,#5108,#303,.T.);
#6427=EDGE_CURVE('',#5109,#5109,#304,.T.);
#6428=EDGE_CURVE('',#5110,#5110,#305,.T.);
#6429=EDGE_CURVE('',#5111,#5111,#306,.T.);
#6430=EDGE_CURVE('',#5039,#5112,#2496,.T.);
#6431=EDGE_CURVE('',#5113,#5112,#2497,.T.);
#6432=EDGE_CURVE('',#5113,#4999,#2498,.T.);
#6433=EDGE_CURVE('',#5114,#4998,#2499,.T.);
#6434=EDGE_CURVE('',#5115,#5114,#307,.T.);
#6435=EDGE_CURVE('',#5116,#5115,#2500,.T.);
#6436=EDGE_CURVE('',#5117,#5116,#308,.T.);
#6437=EDGE_CURVE('',#4996,#5117,#2501,.T.);
#6438=EDGE_CURVE('',#5113,#5118,#309,.T.);
#6439=EDGE_CURVE('',#5000,#5118,#2502,.T.);
#6440=EDGE_CURVE('',#5002,#5029,#2503,.T.);
#6441=EDGE_CURVE('',#5030,#5001,#2504,.T.);
#6442=EDGE_CURVE('',#5028,#5003,#2505,.T.);
#6443=EDGE_CURVE('',#5004,#5027,#2506,.T.);
#6444=EDGE_CURVE('',#5006,#5025,#2507,.T.);
#6445=EDGE_CURVE('',#5026,#5005,#2508,.T.);
#6446=EDGE_CURVE('',#5024,#5007,#2509,.T.);
#6447=EDGE_CURVE('',#5023,#5008,#2510,.T.);
#6448=EDGE_CURVE('',#5119,#5120,#2511,.T.);
#6449=EDGE_CURVE('',#5121,#5119,#2512,.T.);
#6450=EDGE_CURVE('',#5122,#5121,#2513,.T.);
#6451=EDGE_CURVE('',#5120,#5122,#2514,.T.);
#6452=EDGE_CURVE('',#5121,#5123,#2515,.T.);
#6453=EDGE_CURVE('',#5124,#5119,#2516,.T.);
#6454=EDGE_CURVE('',#5123,#5124,#2517,.T.);
#6455=EDGE_CURVE('',#5123,#5125,#2518,.T.);
#6456=EDGE_CURVE('',#5126,#5124,#2519,.T.);
#6457=EDGE_CURVE('',#5125,#5126,#2520,.T.);
#6458=EDGE_CURVE('',#5125,#5127,#2521,.T.);
#6459=EDGE_CURVE('',#5128,#5126,#2522,.T.);
#6460=EDGE_CURVE('',#5127,#5128,#2523,.T.);
#6461=EDGE_CURVE('',#5127,#5129,#2524,.T.);
#6462=EDGE_CURVE('',#5130,#5128,#2525,.T.);
#6463=EDGE_CURVE('',#5129,#5130,#2526,.T.);
#6464=EDGE_CURVE('',#5129,#5131,#2527,.T.);
#6465=EDGE_CURVE('',#5132,#5130,#2528,.T.);
#6466=EDGE_CURVE('',#5131,#5132,#2529,.T.);
#6467=EDGE_CURVE('',#4956,#4922,#2530,.T.);
#6468=EDGE_CURVE('',#5133,#5131,#2531,.T.);
#6469=EDGE_CURVE('',#5133,#5134,#2532,.T.);
#6470=EDGE_CURVE('',#5134,#5135,#2533,.T.);
#6471=EDGE_CURVE('',#5135,#5136,#2534,.T.);
#6472=EDGE_CURVE('',#5137,#5136,#2535,.T.);
#6473=EDGE_CURVE('',#5137,#5138,#2536,.T.);
#6474=EDGE_CURVE('',#5138,#5139,#2537,.T.);
#6475=EDGE_CURVE('',#5139,#5140,#2538,.T.);
#6476=EDGE_CURVE('',#5140,#5141,#2539,.T.);
#6477=EDGE_CURVE('',#5141,#5142,#2540,.T.);
#6478=EDGE_CURVE('',#5142,#5143,#2541,.T.);
#6479=EDGE_CURVE('',#5144,#5143,#2542,.T.);
#6480=EDGE_CURVE('',#5144,#5145,#2543,.T.);
#6481=EDGE_CURVE('',#5145,#5146,#2544,.T.);
#6482=EDGE_CURVE('',#5146,#5147,#2545,.T.);
#6483=EDGE_CURVE('',#5122,#5147,#2546,.T.);
#6484=EDGE_CURVE('',#5147,#5148,#2547,.T.);
#6485=EDGE_CURVE('',#5148,#5149,#2548,.T.);
#6486=EDGE_CURVE('',#5150,#5149,#2549,.T.);
#6487=EDGE_CURVE('',#5120,#5150,#2550,.T.);
#6488=EDGE_CURVE('',#5151,#5152,#2551,.T.);
#6489=EDGE_CURVE('',#5145,#5151,#2552,.T.);
#6490=EDGE_CURVE('',#5152,#5144,#2553,.T.);
#6491=EDGE_CURVE('',#5153,#5151,#2554,.T.);
#6492=EDGE_CURVE('',#5146,#5153,#2555,.T.);
#6493=EDGE_CURVE('',#5148,#5153,#2556,.T.);
#6494=EDGE_CURVE('',#5154,#5155,#2557,.T.);
#6495=EDGE_CURVE('',#5134,#5154,#2558,.T.);
#6496=EDGE_CURVE('',#5155,#5133,#2559,.T.);
#6497=EDGE_CURVE('',#5156,#5154,#2560,.T.);
#6498=EDGE_CURVE('',#5135,#5156,#2561,.T.);
#6499=EDGE_CURVE('',#5157,#5156,#2562,.T.);
#6500=EDGE_CURVE('',#5136,#5157,#2563,.T.);
#6501=EDGE_CURVE('',#5157,#5158,#2564,.T.);
#6502=EDGE_CURVE('',#5159,#5158,#2565,.T.);
#6503=EDGE_CURVE('',#5160,#5159,#2566,.T.);
#6504=EDGE_CURVE('',#5160,#5137,#2567,.T.);
#6505=EDGE_CURVE('',#5161,#5160,#2568,.T.);
#6506=EDGE_CURVE('',#5138,#5161,#2569,.T.);
#6507=EDGE_CURVE('',#5162,#5161,#2570,.T.);
#6508=EDGE_CURVE('',#5139,#5162,#2571,.T.);
#6509=EDGE_CURVE('',#5163,#5162,#2572,.T.);
#6510=EDGE_CURVE('',#5140,#5163,#2573,.T.);
#6511=EDGE_CURVE('',#5164,#5163,#2574,.T.);
#6512=EDGE_CURVE('',#5141,#5164,#2575,.T.);
#6513=EDGE_CURVE('',#5165,#5164,#2576,.T.);
#6514=EDGE_CURVE('',#5142,#5165,#2577,.T.);
#6515=EDGE_CURVE('',#5166,#5165,#2578,.T.);
#6516=EDGE_CURVE('',#5143,#5166,#2579,.T.);
#6517=EDGE_CURVE('',#5167,#5168,#2580,.T.);
#6518=EDGE_CURVE('',#5169,#5167,#2581,.T.);
#6519=EDGE_CURVE('',#5170,#5169,#2582,.T.);
#6520=EDGE_CURVE('',#5168,#5170,#2583,.T.);
#6521=EDGE_CURVE('',#5169,#5171,#2584,.T.);
#6522=EDGE_CURVE('',#5172,#5167,#2585,.T.);
#6523=EDGE_CURVE('',#5171,#5172,#2586,.T.);
#6524=EDGE_CURVE('',#5171,#5173,#2587,.T.);
#6525=EDGE_CURVE('',#5174,#5172,#2588,.T.);
#6526=EDGE_CURVE('',#5173,#5174,#2589,.T.);
#6527=EDGE_CURVE('',#5173,#5175,#2590,.T.);
#6528=EDGE_CURVE('',#5176,#5174,#2591,.T.);
#6529=EDGE_CURVE('',#5175,#5176,#2592,.T.);
#6530=EDGE_CURVE('',#5175,#5177,#2593,.T.);
#6531=EDGE_CURVE('',#5178,#5176,#2594,.T.);
#6532=EDGE_CURVE('',#5177,#5178,#2595,.T.);
#6533=EDGE_CURVE('',#5177,#5179,#2596,.T.);
#6534=EDGE_CURVE('',#5180,#5178,#2597,.T.);
#6535=EDGE_CURVE('',#5179,#5180,#2598,.T.);
#6536=EDGE_CURVE('',#5180,#5181,#2599,.T.);
#6537=EDGE_CURVE('',#5182,#5181,#2600,.T.);
#6538=EDGE_CURVE('',#5183,#5182,#2601,.T.);
#6539=EDGE_CURVE('',#5183,#5184,#2602,.T.);
#6540=EDGE_CURVE('',#5184,#5179,#2603,.T.);
#6541=EDGE_CURVE('',#4955,#4923,#2604,.T.);
#6542=EDGE_CURVE('',#5185,#5186,#2605,.T.);
#6543=EDGE_CURVE('',#5187,#5185,#2606,.T.);
#6544=EDGE_CURVE('',#5188,#5187,#2607,.T.);
#6545=EDGE_CURVE('',#5186,#5188,#2608,.T.);
#6546=EDGE_CURVE('',#5184,#5189,#2609,.T.);
#6547=EDGE_CURVE('',#5189,#5190,#2610,.T.);
#6548=EDGE_CURVE('',#5190,#5191,#2611,.T.);
#6549=EDGE_CURVE('',#5191,#5192,#2612,.T.);
#6550=EDGE_CURVE('',#5192,#5193,#2613,.T.);
#6551=EDGE_CURVE('',#5193,#5194,#2614,.T.);
#6552=EDGE_CURVE('',#5170,#5194,#2615,.T.);
#6553=EDGE_CURVE('',#5195,#5183,#2616,.T.);
#6554=EDGE_CURVE('',#5189,#5195,#2617,.T.);
#6555=EDGE_CURVE('',#5196,#5195,#2618,.T.);
#6556=EDGE_CURVE('',#5190,#5196,#2619,.T.);
#6557=EDGE_CURVE('',#5197,#5196,#2620,.T.);
#6558=EDGE_CURVE('',#5191,#5197,#2621,.T.);
#6559=EDGE_CURVE('',#5198,#5197,#2622,.T.);
#6560=EDGE_CURVE('',#5192,#5198,#2623,.T.);
#6561=EDGE_CURVE('',#5199,#5198,#2624,.T.);
#6562=EDGE_CURVE('',#5193,#5199,#2625,.T.);
#6563=EDGE_CURVE('',#5200,#5199,#2626,.T.);
#6564=EDGE_CURVE('',#5194,#5200,#2627,.T.);
#6565=EDGE_CURVE('',#5201,#5202,#2628,.T.);
#6566=EDGE_CURVE('',#5185,#5202,#2629,.T.);
#6567=EDGE_CURVE('',#5186,#5201,#2630,.T.);
#6568=EDGE_CURVE('',#5202,#5203,#2631,.T.);
#6569=EDGE_CURVE('',#5187,#5203,#2632,.T.);
#6570=EDGE_CURVE('',#5203,#5204,#2633,.T.);
#6571=EDGE_CURVE('',#5188,#5204,#2634,.T.);
#6572=EDGE_CURVE('',#5204,#5201,#2635,.T.);
#6573=EDGE_CURVE('',#5205,#5182,#2636,.T.);
#6574=EDGE_CURVE('',#5195,#5205,#2637,.T.);
#6575=EDGE_CURVE('',#5206,#5205,#2638,.T.);
#6576=EDGE_CURVE('',#5196,#5206,#2639,.T.);
#6577=EDGE_CURVE('',#5207,#5206,#2640,.T.);
#6578=EDGE_CURVE('',#5197,#5207,#2641,.T.);
#6579=EDGE_CURVE('',#5208,#5207,#2642,.T.);
#6580=EDGE_CURVE('',#5198,#5208,#2643,.T.);
#6581=EDGE_CURVE('',#5209,#5208,#2644,.T.);
#6582=EDGE_CURVE('',#5199,#5209,#2645,.T.);
#6583=EDGE_CURVE('',#5210,#5209,#2646,.T.);
#6584=EDGE_CURVE('',#5200,#5210,#2647,.T.);
#6585=EDGE_CURVE('',#5211,#5210,#2648,.T.);
#6586=EDGE_CURVE('',#5168,#5211,#2649,.T.);
#6587=EDGE_CURVE('',#5212,#5211,#2650,.T.);
#6588=EDGE_CURVE('',#5167,#5212,#2651,.T.);
#6589=EDGE_CURVE('',#5213,#5212,#2652,.T.);
#6590=EDGE_CURVE('',#5172,#5213,#2653,.T.);
#6591=EDGE_CURVE('',#5214,#5213,#2654,.T.);
#6592=EDGE_CURVE('',#5174,#5214,#2655,.T.);
#6593=EDGE_CURVE('',#5215,#5214,#2656,.T.);
#6594=EDGE_CURVE('',#5176,#5215,#2657,.T.);
#6595=EDGE_CURVE('',#5216,#5215,#2658,.T.);
#6596=EDGE_CURVE('',#5178,#5216,#2659,.T.);
#6597=EDGE_CURVE('',#5181,#5216,#2660,.T.);
#6598=EDGE_CURVE('',#5132,#5217,#2661,.T.);
#6599=EDGE_CURVE('',#5218,#5217,#2662,.T.);
#6600=EDGE_CURVE('',#5155,#5218,#2663,.T.);
#6601=EDGE_CURVE('',#5219,#5218,#2664,.T.);
#6602=EDGE_CURVE('',#5154,#5219,#2665,.T.);
#6603=EDGE_CURVE('',#5220,#5219,#2666,.T.);
#6604=EDGE_CURVE('',#5156,#5220,#2667,.T.);
#6605=EDGE_CURVE('',#5158,#5220,#2668,.T.);
#6606=EDGE_CURVE('',#5221,#5159,#2669,.T.);
#6607=EDGE_CURVE('',#5161,#5221,#2670,.T.);
#6608=EDGE_CURVE('',#5222,#5221,#2671,.T.);
#6609=EDGE_CURVE('',#5162,#5222,#2672,.T.);
#6610=EDGE_CURVE('',#5223,#5222,#2673,.T.);
#6611=EDGE_CURVE('',#5163,#5223,#2674,.T.);
#6612=EDGE_CURVE('',#5224,#5223,#2675,.T.);
#6613=EDGE_CURVE('',#5164,#5224,#2676,.T.);
#6614=EDGE_CURVE('',#5225,#5224,#2677,.T.);
#6615=EDGE_CURVE('',#5165,#5225,#2678,.T.);
#6616=EDGE_CURVE('',#5226,#5225,#2679,.T.);
#6617=EDGE_CURVE('',#5166,#5226,#2680,.T.);
#6618=EDGE_CURVE('',#5227,#5226,#2681,.T.);
#6619=EDGE_CURVE('',#5152,#5227,#2682,.T.);
#6620=EDGE_CURVE('',#5228,#5227,#2683,.T.);
#6621=EDGE_CURVE('',#5151,#5228,#2684,.T.);
#6622=EDGE_CURVE('',#5229,#5228,#2685,.T.);
#6623=EDGE_CURVE('',#5153,#5229,#2686,.T.);
#6624=EDGE_CURVE('',#5149,#5229,#2687,.T.);
#6625=EDGE_CURVE('',#5230,#5150,#2688,.T.);
#6626=EDGE_CURVE('',#5119,#5230,#2689,.T.);
#6627=EDGE_CURVE('',#5231,#5230,#2690,.T.);
#6628=EDGE_CURVE('',#5124,#5231,#2691,.T.);
#6629=EDGE_CURVE('',#5232,#5231,#2692,.T.);
#6630=EDGE_CURVE('',#5126,#5232,#2693,.T.);
#6631=EDGE_CURVE('',#5233,#5232,#2694,.T.);
#6632=EDGE_CURVE('',#5128,#5233,#2695,.T.);
#6633=EDGE_CURVE('',#5234,#5233,#2696,.T.);
#6634=EDGE_CURVE('',#5130,#5234,#2697,.T.);
#6635=EDGE_CURVE('',#5217,#5234,#2698,.T.);
#6636=EDGE_CURVE('',#4914,#5235,#2699,.T.);
#6637=EDGE_CURVE('',#5236,#5235,#2700,.T.);
#6638=EDGE_CURVE('',#4915,#5236,#2701,.T.);
#6639=EDGE_CURVE('',#5237,#4912,#2702,.T.);
#6640=EDGE_CURVE('',#5238,#5237,#2703,.T.);
#6641=EDGE_CURVE('',#4913,#5238,#2704,.T.);
#6642=EDGE_CURVE('',#5235,#5238,#2705,.T.);
#6643=EDGE_CURVE('',#5237,#5236,#2706,.T.);
#6644=EDGE_CURVE('',#5236,#5239,#2707,.T.);
#6645=EDGE_CURVE('',#5239,#5240,#2708,.T.);
#6646=EDGE_CURVE('',#5237,#5240,#2709,.T.);
#6647=EDGE_CURVE('',#5240,#5241,#2710,.T.);
#6648=EDGE_CURVE('',#5238,#5241,#2711,.T.);
#6649=EDGE_CURVE('',#5241,#5242,#2712,.T.);
#6650=EDGE_CURVE('',#5235,#5242,#2713,.T.);
#6651=EDGE_CURVE('',#5242,#5239,#2714,.T.);
#6652=EDGE_CURVE('',#5243,#4950,#2715,.T.);
#6653=EDGE_CURVE('',#5244,#5243,#2716,.T.);
#6654=EDGE_CURVE('',#4951,#5244,#2717,.T.);
#6655=EDGE_CURVE('',#5245,#4953,#2718,.T.);
#6656=EDGE_CURVE('',#5243,#5245,#310,.T.);
#6657=EDGE_CURVE('',#5246,#4952,#2719,.T.);
#6658=EDGE_CURVE('',#5245,#5246,#2720,.T.);
#6659=EDGE_CURVE('',#5246,#5244,#311,.T.);
#6660=EDGE_CURVE('',#5245,#5247,#2721,.T.);
#6661=EDGE_CURVE('',#5247,#5117,#2722,.T.);
#6662=EDGE_CURVE('',#5243,#5116,#2723,.T.);
#6663=EDGE_CURVE('',#5244,#5115,#2724,.T.);
#6664=EDGE_CURVE('',#5248,#4997,#2725,.T.);
#6665=EDGE_CURVE('',#5248,#5114,#2726,.T.);
#6666=EDGE_CURVE('',#5247,#4995,#2727,.T.);
#6667=EDGE_CURVE('',#5247,#5248,#2728,.T.);
#6668=EDGE_CURVE('',#5246,#5248,#2729,.T.);
#6669=EDGE_CURVE('',#4943,#5249,#2730,.T.);
#6670=EDGE_CURVE('',#4945,#5249,#2731,.T.);
#6671=EDGE_CURVE('',#5249,#4947,#2732,.T.);
#6672=EDGE_CURVE('',#4945,#5250,#2733,.T.);
#6673=EDGE_CURVE('',#5250,#5251,#2734,.T.);
#6674=EDGE_CURVE('',#5251,#5252,#2735,.T.);
#6675=EDGE_CURVE('',#4946,#5252,#2736,.T.);
#6676=EDGE_CURVE('',#5252,#5253,#2737,.T.);
#6677=EDGE_CURVE('',#4947,#5253,#2738,.T.);
#6678=EDGE_CURVE('',#5254,#5251,#2739,.T.);
#6679=EDGE_CURVE('',#5253,#5254,#2740,.T.);
#6680=EDGE_CURVE('',#5254,#5255,#2741,.T.);
#6681=EDGE_CURVE('',#5249,#5255,#2742,.T.);
#6682=EDGE_CURVE('',#5255,#5250,#2743,.T.);
#6683=EDGE_CURVE('',#5256,#5257,#312,.T.);
#6684=EDGE_CURVE('',#5257,#5258,#2744,.T.);
#6685=EDGE_CURVE('',#5258,#5258,#313,.T.);
#6686=EDGE_CURVE('',#5257,#5259,#314,.T.);
#6687=EDGE_CURVE('',#5256,#5259,#315,.T.);
#6688=EDGE_CURVE('',#5258,#5111,#2745,.T.);
#6689=EDGE_CURVE('',#5260,#5260,#316,.T.);
#6690=EDGE_CURVE('',#5260,#5261,#2746,.T.);
#6691=EDGE_CURVE('',#5261,#5261,#317,.T.);
#6692=EDGE_CURVE('',#5261,#5110,#2747,.T.);
#6693=EDGE_CURVE('',#5262,#5262,#318,.T.);
#6694=EDGE_CURVE('',#5262,#5263,#2748,.T.);
#6695=EDGE_CURVE('',#5263,#5263,#319,.T.);
#6696=EDGE_CURVE('',#5263,#5109,#2749,.T.);
#6697=EDGE_CURVE('',#5264,#5264,#320,.T.);
#6698=EDGE_CURVE('',#5264,#5265,#2750,.T.);
#6699=EDGE_CURVE('',#5265,#5265,#321,.T.);
#6700=EDGE_CURVE('',#5265,#5108,#2751,.T.);
#6701=EDGE_CURVE('',#4984,#4976,#2752,.T.);
#6702=EDGE_CURVE('',#4983,#4977,#2753,.T.);
#6703=EDGE_CURVE('',#4982,#4978,#2754,.T.);
#6704=EDGE_CURVE('',#5022,#5009,#2755,.T.);
#6705=EDGE_CURVE('',#5021,#5010,#2756,.T.);
#6706=EDGE_CURVE('',#5016,#5011,#2757,.T.);
#6707=EDGE_CURVE('',#5266,#5267,#2758,.T.);
#6708=EDGE_CURVE('',#5267,#5268,#2759,.T.);
#6709=EDGE_CURVE('',#5268,#5269,#2760,.T.);
#6710=EDGE_CURVE('',#5269,#5270,#2761,.T.);
#6711=EDGE_CURVE('',#5270,#5266,#2762,.T.);
#6712=EDGE_CURVE('',#5017,#5269,#2763,.T.);
#6713=EDGE_CURVE('',#5021,#5270,#2764,.T.);
#6714=EDGE_CURVE('',#5020,#5266,#2765,.T.);
#6715=EDGE_CURVE('',#5019,#5267,#2766,.T.);
#6716=EDGE_CURVE('',#5112,#5271,#2767,.T.);
#6717=EDGE_CURVE('',#5271,#5272,#2768,.T.);
#6718=EDGE_CURVE('',#5272,#5273,#2769,.T.);
#6719=EDGE_CURVE('',#5273,#5274,#2770,.T.);
#6720=EDGE_CURVE('',#5274,#5275,#322,.T.);
#6721=EDGE_CURVE('',#5275,#5276,#2771,.T.);
#6722=EDGE_CURVE('',#5276,#5277,#2772,.T.);
#6723=EDGE_CURVE('',#5277,#5278,#2773,.T.);
#6724=EDGE_CURVE('',#5278,#5254,#2774,.T.);
#6725=EDGE_CURVE('',#5251,#5118,#2775,.T.);
#6726=EDGE_CURVE('',#5035,#5274,#2776,.T.);
#6727=EDGE_CURVE('',#5034,#5275,#2777,.T.);
#6728=EDGE_CURVE('',#5033,#5276,#2778,.T.);
#6729=EDGE_CURVE('',#5032,#5277,#2779,.T.);
#6730=EDGE_CURVE('',#5031,#5278,#2780,.T.);
#6731=EDGE_CURVE('',#5279,#4937,#2781,.T.);
#6732=EDGE_CURVE('',#5279,#4894,#2782,.T.);
#6733=EDGE_CURVE('',#5259,#5279,#2783,.T.);
#6734=EDGE_CURVE('',#5259,#4893,#2784,.T.);
#6735=EDGE_CURVE('',#5256,#4892,#2785,.T.);
#6736=EDGE_CURVE('',#5280,#5256,#2786,.T.);
#6737=EDGE_CURVE('',#5280,#4891,#2787,.T.);
#6738=EDGE_CURVE('',#5281,#5280,#2788,.T.);
#6739=EDGE_CURVE('',#5281,#4890,#2789,.T.);
#6740=EDGE_CURVE('',#5282,#5281,#2790,.T.);
#6741=EDGE_CURVE('',#5282,#4889,#2791,.T.);
#6742=EDGE_CURVE('',#5283,#5282,#2792,.T.);
#6743=EDGE_CURVE('',#5283,#4888,#2793,.T.);
#6744=EDGE_CURVE('',#5284,#5283,#2794,.T.);
#6745=EDGE_CURVE('',#5284,#4887,#2795,.T.);
#6746=EDGE_CURVE('',#5285,#5284,#2796,.T.);
#6747=EDGE_CURVE('',#5285,#4886,#2797,.T.);
#6748=EDGE_CURVE('',#5286,#5285,#2798,.T.);
#6749=EDGE_CURVE('',#5286,#4885,#2799,.T.);
#6750=EDGE_CURVE('',#5287,#5286,#2800,.T.);
#6751=EDGE_CURVE('',#5287,#4884,#2801,.T.);
#6752=EDGE_CURVE('',#5288,#5287,#2802,.T.);
#6753=EDGE_CURVE('',#5288,#4883,#2803,.T.);
#6754=EDGE_CURVE('',#5289,#5288,#2804,.T.);
#6755=EDGE_CURVE('',#5289,#4882,#2805,.T.);
#6756=EDGE_CURVE('',#5290,#5289,#2806,.T.);
#6757=EDGE_CURVE('',#5290,#4881,#2807,.T.);
#6758=EDGE_CURVE('',#5291,#5290,#2808,.T.);
#6759=EDGE_CURVE('',#5291,#4880,#2809,.T.);
#6760=EDGE_CURVE('',#5292,#5291,#2810,.T.);
#6761=EDGE_CURVE('',#5292,#4879,#2811,.T.);
#6762=EDGE_CURVE('',#5293,#5292,#2812,.T.);
#6763=EDGE_CURVE('',#5293,#4878,#2813,.T.);
#6764=EDGE_CURVE('',#5294,#5293,#2814,.T.);
#6765=EDGE_CURVE('',#5294,#4877,#2815,.T.);
#6766=EDGE_CURVE('',#5038,#5271,#2816,.T.);
#6767=EDGE_CURVE('',#5037,#5272,#2817,.T.);
#6768=EDGE_CURVE('',#5036,#5273,#2818,.T.);
#6769=EDGE_CURVE('',#5018,#5268,#2819,.T.);
#6770=EDGE_CURVE('',#4949,#5295,#2820,.T.);
#6771=EDGE_CURVE('',#5295,#4874,#2821,.T.);
#6772=EDGE_CURVE('',#5295,#5296,#2822,.T.);
#6773=EDGE_CURVE('',#5296,#4876,#2823,.T.);
#6774=EDGE_CURVE('',#5296,#5294,#2824,.T.);
#6775=EDGE_CURVE('',#5043,#5297,#2825,.T.);
#6776=EDGE_CURVE('',#5297,#5298,#2826,.T.);
#6777=EDGE_CURVE('',#5040,#5298,#2827,.T.);
#6778=EDGE_CURVE('',#5042,#5299,#2828,.T.);
#6779=EDGE_CURVE('',#5299,#5297,#2829,.T.);
#6780=EDGE_CURVE('',#5041,#5300,#2830,.T.);
#6781=EDGE_CURVE('',#5300,#5299,#2831,.T.);
#6782=EDGE_CURVE('',#5298,#5300,#2832,.T.);
#6783=EDGE_CURVE('',#5047,#5301,#2833,.T.);
#6784=EDGE_CURVE('',#5301,#5302,#2834,.T.);
#6785=EDGE_CURVE('',#5044,#5302,#2835,.T.);
#6786=EDGE_CURVE('',#5046,#5303,#2836,.T.);
#6787=EDGE_CURVE('',#5303,#5301,#2837,.T.);
#6788=EDGE_CURVE('',#5045,#5304,#2838,.T.);
#6789=EDGE_CURVE('',#5304,#5303,#2839,.T.);
#6790=EDGE_CURVE('',#5302,#5304,#2840,.T.);
#6791=EDGE_CURVE('',#5051,#5305,#2841,.T.);
#6792=EDGE_CURVE('',#5305,#5306,#2842,.T.);
#6793=EDGE_CURVE('',#5048,#5306,#2843,.T.);
#6794=EDGE_CURVE('',#5050,#5307,#2844,.T.);
#6795=EDGE_CURVE('',#5307,#5305,#2845,.T.);
#6796=EDGE_CURVE('',#5049,#5308,#2846,.T.);
#6797=EDGE_CURVE('',#5308,#5307,#2847,.T.);
#6798=EDGE_CURVE('',#5306,#5308,#2848,.T.);
#6799=EDGE_CURVE('',#5055,#5309,#2849,.T.);
#6800=EDGE_CURVE('',#5309,#5310,#2850,.T.);
#6801=EDGE_CURVE('',#5052,#5310,#2851,.T.);
#6802=EDGE_CURVE('',#5054,#5311,#2852,.T.);
#6803=EDGE_CURVE('',#5311,#5309,#2853,.T.);
#6804=EDGE_CURVE('',#5053,#5312,#2854,.T.);
#6805=EDGE_CURVE('',#5312,#5311,#2855,.T.);
#6806=EDGE_CURVE('',#5310,#5312,#2856,.T.);
#6807=EDGE_CURVE('',#5059,#5313,#2857,.T.);
#6808=EDGE_CURVE('',#5313,#5314,#2858,.T.);
#6809=EDGE_CURVE('',#5056,#5314,#2859,.T.);
#6810=EDGE_CURVE('',#5058,#5315,#2860,.T.);
#6811=EDGE_CURVE('',#5315,#5313,#2861,.T.);
#6812=EDGE_CURVE('',#5057,#5316,#2862,.T.);
#6813=EDGE_CURVE('',#5316,#5315,#2863,.T.);
#6814=EDGE_CURVE('',#5314,#5316,#2864,.T.);
#6815=EDGE_CURVE('',#5063,#5317,#2865,.T.);
#6816=EDGE_CURVE('',#5317,#5318,#2866,.T.);
#6817=EDGE_CURVE('',#5060,#5318,#2867,.T.);
#6818=EDGE_CURVE('',#5062,#5319,#2868,.T.);
#6819=EDGE_CURVE('',#5319,#5317,#2869,.T.);
#6820=EDGE_CURVE('',#5061,#5320,#2870,.T.);
#6821=EDGE_CURVE('',#5320,#5319,#2871,.T.);
#6822=EDGE_CURVE('',#5318,#5320,#2872,.T.);
#6823=EDGE_CURVE('',#5067,#5321,#2873,.T.);
#6824=EDGE_CURVE('',#5321,#5322,#2874,.T.);
#6825=EDGE_CURVE('',#5064,#5322,#2875,.T.);
#6826=EDGE_CURVE('',#5066,#5323,#2876,.T.);
#6827=EDGE_CURVE('',#5323,#5321,#2877,.T.);
#6828=EDGE_CURVE('',#5065,#5324,#2878,.T.);
#6829=EDGE_CURVE('',#5324,#5323,#2879,.T.);
#6830=EDGE_CURVE('',#5322,#5324,#2880,.T.);
#6831=EDGE_CURVE('',#5071,#5325,#2881,.T.);
#6832=EDGE_CURVE('',#5325,#5326,#2882,.T.);
#6833=EDGE_CURVE('',#5068,#5326,#2883,.T.);
#6834=EDGE_CURVE('',#5070,#5327,#2884,.T.);
#6835=EDGE_CURVE('',#5327,#5325,#2885,.T.);
#6836=EDGE_CURVE('',#5069,#5328,#2886,.T.);
#6837=EDGE_CURVE('',#5328,#5327,#2887,.T.);
#6838=EDGE_CURVE('',#5326,#5328,#2888,.T.);
#6839=EDGE_CURVE('',#5075,#5329,#2889,.T.);
#6840=EDGE_CURVE('',#5329,#5330,#2890,.T.);
#6841=EDGE_CURVE('',#5072,#5330,#2891,.T.);
#6842=EDGE_CURVE('',#5074,#5331,#2892,.T.);
#6843=EDGE_CURVE('',#5331,#5329,#2893,.T.);
#6844=EDGE_CURVE('',#5073,#5332,#2894,.T.);
#6845=EDGE_CURVE('',#5332,#5331,#2895,.T.);
#6846=EDGE_CURVE('',#5330,#5332,#2896,.T.);
#6847=EDGE_CURVE('',#5079,#5333,#2897,.T.);
#6848=EDGE_CURVE('',#5333,#5334,#2898,.T.);
#6849=EDGE_CURVE('',#5076,#5334,#2899,.T.);
#6850=EDGE_CURVE('',#5078,#5335,#2900,.T.);
#6851=EDGE_CURVE('',#5335,#5333,#2901,.T.);
#6852=EDGE_CURVE('',#5077,#5336,#2902,.T.);
#6853=EDGE_CURVE('',#5336,#5335,#2903,.T.);
#6854=EDGE_CURVE('',#5334,#5336,#2904,.T.);
#6855=EDGE_CURVE('',#5083,#5337,#2905,.T.);
#6856=EDGE_CURVE('',#5337,#5338,#2906,.T.);
#6857=EDGE_CURVE('',#5080,#5338,#2907,.T.);
#6858=EDGE_CURVE('',#5082,#5339,#2908,.T.);
#6859=EDGE_CURVE('',#5339,#5337,#2909,.T.);
#6860=EDGE_CURVE('',#5081,#5340,#2910,.T.);
#6861=EDGE_CURVE('',#5340,#5339,#2911,.T.);
#6862=EDGE_CURVE('',#5338,#5340,#2912,.T.);
#6863=EDGE_CURVE('',#5087,#5341,#2913,.T.);
#6864=EDGE_CURVE('',#5341,#5342,#2914,.T.);
#6865=EDGE_CURVE('',#5084,#5342,#2915,.T.);
#6866=EDGE_CURVE('',#5086,#5343,#2916,.T.);
#6867=EDGE_CURVE('',#5343,#5341,#2917,.T.);
#6868=EDGE_CURVE('',#5085,#5344,#2918,.T.);
#6869=EDGE_CURVE('',#5344,#5343,#2919,.T.);
#6870=EDGE_CURVE('',#5342,#5344,#2920,.T.);
#6871=EDGE_CURVE('',#5091,#5345,#2921,.T.);
#6872=EDGE_CURVE('',#5345,#5346,#2922,.T.);
#6873=EDGE_CURVE('',#5088,#5346,#2923,.T.);
#6874=EDGE_CURVE('',#5090,#5347,#2924,.T.);
#6875=EDGE_CURVE('',#5347,#5345,#2925,.T.);
#6876=EDGE_CURVE('',#5089,#5348,#2926,.T.);
#6877=EDGE_CURVE('',#5348,#5347,#2927,.T.);
#6878=EDGE_CURVE('',#5346,#5348,#2928,.T.);
#6879=EDGE_CURVE('',#5095,#5349,#2929,.T.);
#6880=EDGE_CURVE('',#5349,#5350,#2930,.T.);
#6881=EDGE_CURVE('',#5092,#5350,#2931,.T.);
#6882=EDGE_CURVE('',#5094,#5351,#2932,.T.);
#6883=EDGE_CURVE('',#5351,#5349,#2933,.T.);
#6884=EDGE_CURVE('',#5093,#5352,#2934,.T.);
#6885=EDGE_CURVE('',#5352,#5351,#2935,.T.);
#6886=EDGE_CURVE('',#5350,#5352,#2936,.T.);
#6887=EDGE_CURVE('',#5099,#5353,#2937,.T.);
#6888=EDGE_CURVE('',#5353,#5354,#2938,.T.);
#6889=EDGE_CURVE('',#5096,#5354,#2939,.T.);
#6890=EDGE_CURVE('',#5098,#5355,#2940,.T.);
#6891=EDGE_CURVE('',#5355,#5353,#2941,.T.);
#6892=EDGE_CURVE('',#5097,#5356,#2942,.T.);
#6893=EDGE_CURVE('',#5356,#5355,#2943,.T.);
#6894=EDGE_CURVE('',#5354,#5356,#2944,.T.);
#6895=EDGE_CURVE('',#5103,#5357,#2945,.T.);
#6896=EDGE_CURVE('',#5357,#5358,#2946,.T.);
#6897=EDGE_CURVE('',#5100,#5358,#2947,.T.);
#6898=EDGE_CURVE('',#5102,#5359,#2948,.T.);
#6899=EDGE_CURVE('',#5359,#5357,#2949,.T.);
#6900=EDGE_CURVE('',#5101,#5360,#2950,.T.);
#6901=EDGE_CURVE('',#5360,#5359,#2951,.T.);
#6902=EDGE_CURVE('',#5358,#5360,#2952,.T.);
#6903=EDGE_CURVE('',#5107,#5361,#2953,.T.);
#6904=EDGE_CURVE('',#5361,#5362,#2954,.T.);
#6905=EDGE_CURVE('',#5104,#5362,#2955,.T.);
#6906=EDGE_CURVE('',#5106,#5363,#2956,.T.);
#6907=EDGE_CURVE('',#5363,#5361,#2957,.T.);
#6908=EDGE_CURVE('',#5105,#5364,#2958,.T.);
#6909=EDGE_CURVE('',#5364,#5363,#2959,.T.);
#6910=EDGE_CURVE('',#5362,#5364,#2960,.T.);
#6911=ORIENTED_EDGE('',*,*,#5365,.T.);
#6912=ORIENTED_EDGE('',*,*,#5366,.T.);
#6913=ORIENTED_EDGE('',*,*,#5367,.T.);
#6914=ORIENTED_EDGE('',*,*,#5368,.T.);
#6915=ORIENTED_EDGE('',*,*,#5369,.T.);
#6916=ORIENTED_EDGE('',*,*,#5370,.T.);
#6917=ORIENTED_EDGE('',*,*,#5366,.F.);
#6918=ORIENTED_EDGE('',*,*,#5371,.F.);
#6919=ORIENTED_EDGE('',*,*,#5372,.F.);
#6920=ORIENTED_EDGE('',*,*,#5373,.F.);
#6921=ORIENTED_EDGE('',*,*,#5374,.F.);
#6922=ORIENTED_EDGE('',*,*,#5375,.F.);
#6923=ORIENTED_EDGE('',*,*,#5376,.F.);
#6924=ORIENTED_EDGE('',*,*,#5377,.F.);
#6925=ORIENTED_EDGE('',*,*,#5378,.F.);
#6926=ORIENTED_EDGE('',*,*,#5379,.F.);
#6927=ORIENTED_EDGE('',*,*,#5380,.F.);
#6928=ORIENTED_EDGE('',*,*,#5381,.F.);
#6929=ORIENTED_EDGE('',*,*,#5382,.F.);
#6930=ORIENTED_EDGE('',*,*,#5383,.F.);
#6931=ORIENTED_EDGE('',*,*,#5384,.F.);
#6932=ORIENTED_EDGE('',*,*,#5385,.F.);
#6933=ORIENTED_EDGE('',*,*,#5386,.F.);
#6934=ORIENTED_EDGE('',*,*,#5387,.T.);
#6935=ORIENTED_EDGE('',*,*,#5388,.T.);
#6936=ORIENTED_EDGE('',*,*,#5389,.T.);
#6937=ORIENTED_EDGE('',*,*,#5390,.T.);
#6938=ORIENTED_EDGE('',*,*,#5391,.T.);
#6939=ORIENTED_EDGE('',*,*,#5392,.T.);
#6940=ORIENTED_EDGE('',*,*,#5393,.T.);
#6941=ORIENTED_EDGE('',*,*,#5394,.T.);
#6942=ORIENTED_EDGE('',*,*,#5395,.T.);
#6943=ORIENTED_EDGE('',*,*,#5396,.T.);
#6944=ORIENTED_EDGE('',*,*,#5397,.T.);
#6945=ORIENTED_EDGE('',*,*,#5398,.T.);
#6946=ORIENTED_EDGE('',*,*,#5399,.T.);
#6947=ORIENTED_EDGE('',*,*,#5400,.T.);
#6948=ORIENTED_EDGE('',*,*,#5401,.T.);
#6949=ORIENTED_EDGE('',*,*,#5402,.T.);
#6950=ORIENTED_EDGE('',*,*,#5403,.T.);
#6951=ORIENTED_EDGE('',*,*,#5404,.T.);
#6952=ORIENTED_EDGE('',*,*,#5405,.T.);
#6953=ORIENTED_EDGE('',*,*,#5406,.T.);
#6954=ORIENTED_EDGE('',*,*,#5407,.F.);
#6955=ORIENTED_EDGE('',*,*,#5408,.F.);
#6956=ORIENTED_EDGE('',*,*,#5409,.F.);
#6957=ORIENTED_EDGE('',*,*,#5410,.F.);
#6958=ORIENTED_EDGE('',*,*,#5365,.F.);
#6959=ORIENTED_EDGE('',*,*,#5411,.F.);
#6960=ORIENTED_EDGE('',*,*,#5412,.T.);
#6961=ORIENTED_EDGE('',*,*,#5413,.T.);
#6962=ORIENTED_EDGE('',*,*,#5371,.T.);
#6963=ORIENTED_EDGE('',*,*,#5369,.F.);
#6964=ORIENTED_EDGE('',*,*,#5414,.T.);
#6965=ORIENTED_EDGE('',*,*,#5411,.T.);
#6966=ORIENTED_EDGE('',*,*,#5415,.T.);
#6967=ORIENTED_EDGE('',*,*,#5416,.T.);
#6968=ORIENTED_EDGE('',*,*,#5386,.T.);
#6969=ORIENTED_EDGE('',*,*,#5417,.T.);
#6970=ORIENTED_EDGE('',*,*,#5418,.T.);
#6971=ORIENTED_EDGE('',*,*,#5419,.T.);
#6972=ORIENTED_EDGE('',*,*,#5375,.T.);
#6973=ORIENTED_EDGE('',*,*,#5420,.T.);
#6974=ORIENTED_EDGE('',*,*,#5374,.T.);
#6975=ORIENTED_EDGE('',*,*,#5421,.T.);
#6976=ORIENTED_EDGE('',*,*,#5422,.T.);
#6977=ORIENTED_EDGE('',*,*,#5420,.F.);
#6978=ORIENTED_EDGE('',*,*,#5373,.T.);
#6979=ORIENTED_EDGE('',*,*,#5423,.T.);
#6980=ORIENTED_EDGE('',*,*,#5424,.T.);
#6981=ORIENTED_EDGE('',*,*,#5421,.F.);
#6982=ORIENTED_EDGE('',*,*,#5372,.T.);
#6983=ORIENTED_EDGE('',*,*,#5413,.F.);
#6984=ORIENTED_EDGE('',*,*,#5425,.T.);
#6985=ORIENTED_EDGE('',*,*,#5423,.F.);
#6986=ORIENTED_EDGE('',*,*,#5419,.F.);
#6987=ORIENTED_EDGE('',*,*,#5426,.T.);
#6988=ORIENTED_EDGE('',*,*,#5427,.T.);
#6989=ORIENTED_EDGE('',*,*,#5376,.T.);
#6990=ORIENTED_EDGE('',*,*,#5428,.T.);
#6991=ORIENTED_EDGE('',*,*,#5377,.T.);
#6992=ORIENTED_EDGE('',*,*,#5427,.F.);
#6993=ORIENTED_EDGE('',*,*,#5429,.T.);
#6994=ORIENTED_EDGE('',*,*,#5428,.F.);
#6995=ORIENTED_EDGE('',*,*,#5430,.T.);
#6996=ORIENTED_EDGE('',*,*,#5431,.T.);
#6997=ORIENTED_EDGE('',*,*,#5378,.T.);
#6998=ORIENTED_EDGE('',*,*,#5432,.T.);
#6999=ORIENTED_EDGE('',*,*,#5379,.T.);
#7000=ORIENTED_EDGE('',*,*,#5431,.F.);
#7001=ORIENTED_EDGE('',*,*,#5433,.T.);
#7002=ORIENTED_EDGE('',*,*,#5432,.F.);
#7003=ORIENTED_EDGE('',*,*,#5434,.T.);
#7004=ORIENTED_EDGE('',*,*,#5435,.T.);
#7005=ORIENTED_EDGE('',*,*,#5380,.T.);
#7006=ORIENTED_EDGE('',*,*,#5436,.T.);
#7007=ORIENTED_EDGE('',*,*,#5381,.T.);
#7008=ORIENTED_EDGE('',*,*,#5435,.F.);
#7009=ORIENTED_EDGE('',*,*,#5437,.T.);
#7010=ORIENTED_EDGE('',*,*,#5436,.F.);
#7011=ORIENTED_EDGE('',*,*,#5438,.T.);
#7012=ORIENTED_EDGE('',*,*,#5439,.T.);
#7013=ORIENTED_EDGE('',*,*,#5382,.T.);
#7014=ORIENTED_EDGE('',*,*,#5440,.T.);
#7015=ORIENTED_EDGE('',*,*,#5441,.T.);
#7016=ORIENTED_EDGE('',*,*,#5442,.T.);
#7017=ORIENTED_EDGE('',*,*,#5383,.T.);
#7018=ORIENTED_EDGE('',*,*,#5439,.F.);
#7019=ORIENTED_EDGE('',*,*,#5443,.T.);
#7020=ORIENTED_EDGE('',*,*,#5444,.T.);
#7021=ORIENTED_EDGE('',*,*,#5445,.T.);
#7022=ORIENTED_EDGE('',*,*,#5442,.F.);
#7023=ORIENTED_EDGE('',*,*,#5446,.T.);
#7024=ORIENTED_EDGE('',*,*,#5447,.T.);
#7025=ORIENTED_EDGE('',*,*,#5384,.T.);
#7026=ORIENTED_EDGE('',*,*,#5385,.T.);
#7027=ORIENTED_EDGE('',*,*,#5447,.F.);
#7028=ORIENTED_EDGE('',*,*,#5448,.T.);
#7029=ORIENTED_EDGE('',*,*,#5417,.F.);
#7030=ORIENTED_EDGE('',*,*,#5416,.F.);
#7031=ORIENTED_EDGE('',*,*,#5449,.F.);
#7032=ORIENTED_EDGE('',*,*,#5450,.F.);
#7033=ORIENTED_EDGE('',*,*,#5451,.T.);
#7034=ORIENTED_EDGE('',*,*,#5387,.F.);
#7035=ORIENTED_EDGE('',*,*,#5415,.F.);
#7036=ORIENTED_EDGE('',*,*,#5452,.F.);
#7037=ORIENTED_EDGE('',*,*,#5453,.F.);
#7038=ORIENTED_EDGE('',*,*,#5449,.T.);
#7039=ORIENTED_EDGE('',*,*,#5446,.F.);
#7040=ORIENTED_EDGE('',*,*,#5454,.T.);
#7041=ORIENTED_EDGE('',*,*,#5455,.T.);
#7042=ORIENTED_EDGE('',*,*,#5456,.T.);
#7043=ORIENTED_EDGE('',*,*,#5441,.F.);
#7044=ORIENTED_EDGE('',*,*,#5457,.F.);
#7045=ORIENTED_EDGE('',*,*,#5458,.F.);
#7046=ORIENTED_EDGE('',*,*,#5459,.F.);
#7047=ORIENTED_EDGE('',*,*,#5443,.F.);
#7048=ORIENTED_EDGE('',*,*,#5460,.F.);
#7049=ORIENTED_EDGE('',*,*,#5461,.F.);
#7050=ORIENTED_EDGE('',*,*,#5454,.F.);
#7051=ORIENTED_EDGE('',*,*,#5440,.F.);
#7052=ORIENTED_EDGE('',*,*,#5462,.F.);
#7053=ORIENTED_EDGE('',*,*,#5463,.T.);
#7054=ORIENTED_EDGE('',*,*,#5464,.F.);
#7055=ORIENTED_EDGE('',*,*,#5457,.T.);
#7056=ORIENTED_EDGE('',*,*,#5445,.F.);
#7057=ORIENTED_EDGE('',*,*,#5465,.T.);
#7058=ORIENTED_EDGE('',*,*,#5466,.T.);
#7059=ORIENTED_EDGE('',*,*,#5462,.T.);
#7060=ORIENTED_EDGE('',*,*,#5414,.F.);
#7061=ORIENTED_EDGE('',*,*,#5467,.F.);
#7062=ORIENTED_EDGE('',*,*,#5468,.F.);
#7063=ORIENTED_EDGE('',*,*,#5452,.T.);
#7064=ORIENTED_EDGE('',*,*,#5448,.F.);
#7065=ORIENTED_EDGE('',*,*,#5456,.F.);
#7066=ORIENTED_EDGE('',*,*,#5469,.F.);
#7067=ORIENTED_EDGE('',*,*,#5470,.F.);
#7068=ORIENTED_EDGE('',*,*,#5471,.F.);
#7069=ORIENTED_EDGE('',*,*,#5472,.F.);
#7070=ORIENTED_EDGE('',*,*,#5473,.F.);
#7071=ORIENTED_EDGE('',*,*,#5474,.F.);
#7072=ORIENTED_EDGE('',*,*,#5455,.F.);
#7073=ORIENTED_EDGE('',*,*,#5461,.T.);
#7074=ORIENTED_EDGE('',*,*,#5475,.F.);
#7075=ORIENTED_EDGE('',*,*,#5476,.T.);
#7076=ORIENTED_EDGE('',*,*,#5477,.F.);
#7077=ORIENTED_EDGE('',*,*,#5478,.T.);
#7078=ORIENTED_EDGE('',*,*,#5479,.F.);
#7079=ORIENTED_EDGE('',*,*,#5480,.T.);
#7080=ORIENTED_EDGE('',*,*,#5481,.F.);
#7081=ORIENTED_EDGE('',*,*,#5482,.T.);
#7082=ORIENTED_EDGE('',*,*,#5483,.T.);
#7083=ORIENTED_EDGE('',*,*,#5484,.T.);
#7084=ORIENTED_EDGE('',*,*,#5485,.T.);
#7085=ORIENTED_EDGE('',*,*,#5486,.F.);
#7086=ORIENTED_EDGE('',*,*,#5469,.T.);
#7087=ORIENTED_EDGE('',*,*,#5487,.T.);
#7088=ORIENTED_EDGE('',*,*,#5488,.F.);
#7089=ORIENTED_EDGE('',*,*,#5489,.T.);
#7090=ORIENTED_EDGE('',*,*,#5490,.T.);
#7091=ORIENTED_EDGE('',*,*,#5491,.T.);
#7092=ORIENTED_EDGE('',*,*,#5492,.T.);
#7093=ORIENTED_EDGE('',*,*,#5493,.F.);
#7094=ORIENTED_EDGE('',*,*,#5494,.T.);
#7095=ORIENTED_EDGE('',*,*,#5495,.F.);
#7096=ORIENTED_EDGE('',*,*,#5496,.T.);
#7097=ORIENTED_EDGE('',*,*,#5497,.F.);
#7098=ORIENTED_EDGE('',*,*,#5498,.T.);
#7099=ORIENTED_EDGE('',*,*,#5499,.F.);
#7100=ORIENTED_EDGE('',*,*,#5500,.T.);
#7101=ORIENTED_EDGE('',*,*,#5501,.F.);
#7102=ORIENTED_EDGE('',*,*,#5426,.F.);
#7103=ORIENTED_EDGE('',*,*,#5502,.T.);
#7104=ORIENTED_EDGE('',*,*,#5481,.T.);
#7105=ORIENTED_EDGE('',*,*,#5503,.T.);
#7106=ORIENTED_EDGE('',*,*,#5418,.F.);
#7107=ORIENTED_EDGE('',*,*,#5504,.F.);
#7108=ORIENTED_EDGE('',*,*,#5482,.F.);
#7109=ORIENTED_EDGE('',*,*,#5502,.F.);
#7110=ORIENTED_EDGE('',*,*,#5430,.F.);
#7111=ORIENTED_EDGE('',*,*,#5505,.T.);
#7112=ORIENTED_EDGE('',*,*,#5479,.T.);
#7113=ORIENTED_EDGE('',*,*,#5506,.T.);
#7114=ORIENTED_EDGE('',*,*,#5433,.F.);
#7115=ORIENTED_EDGE('',*,*,#5506,.F.);
#7116=ORIENTED_EDGE('',*,*,#5478,.F.);
#7117=ORIENTED_EDGE('',*,*,#5507,.F.);
#7118=ORIENTED_EDGE('',*,*,#5434,.F.);
#7119=ORIENTED_EDGE('',*,*,#5507,.T.);
#7120=ORIENTED_EDGE('',*,*,#5477,.T.);
#7121=ORIENTED_EDGE('',*,*,#5508,.T.);
#7122=ORIENTED_EDGE('',*,*,#5437,.F.);
#7123=ORIENTED_EDGE('',*,*,#5508,.F.);
#7124=ORIENTED_EDGE('',*,*,#5476,.F.);
#7125=ORIENTED_EDGE('',*,*,#5509,.F.);
#7126=ORIENTED_EDGE('',*,*,#5438,.F.);
#7127=ORIENTED_EDGE('',*,*,#5509,.T.);
#7128=ORIENTED_EDGE('',*,*,#5475,.T.);
#7129=ORIENTED_EDGE('',*,*,#5460,.T.);
#7130=ORIENTED_EDGE('',*,*,#5412,.F.);
#7131=ORIENTED_EDGE('',*,*,#5470,.T.);
#7132=ORIENTED_EDGE('',*,*,#5486,.T.);
#7133=ORIENTED_EDGE('',*,*,#5510,.T.);
#7134=ORIENTED_EDGE('',*,*,#5511,.F.);
#7135=ORIENTED_EDGE('',*,*,#5512,.T.);
#7136=ORIENTED_EDGE('',*,*,#5488,.T.);
#7137=ORIENTED_EDGE('',*,*,#5513,.T.);
#7138=ORIENTED_EDGE('',*,*,#5511,.T.);
#7139=ORIENTED_EDGE('',*,*,#5514,.T.);
#7140=ORIENTED_EDGE('',*,*,#5515,.T.);
#7141=ORIENTED_EDGE('',*,*,#5516,.T.);
#7142=ORIENTED_EDGE('',*,*,#5517,.T.);
#7143=ORIENTED_EDGE('',*,*,#5518,.T.);
#7144=ORIENTED_EDGE('',*,*,#5519,.T.);
#7145=ORIENTED_EDGE('',*,*,#5520,.T.);
#7146=ORIENTED_EDGE('',*,*,#5521,.T.);
#7147=ORIENTED_EDGE('',*,*,#5522,.T.);
#7148=ORIENTED_EDGE('',*,*,#5523,.T.);
#7149=ORIENTED_EDGE('',*,*,#5524,.T.);
#7150=ORIENTED_EDGE('',*,*,#5525,.T.);
#7151=ORIENTED_EDGE('',*,*,#5526,.T.);
#7152=ORIENTED_EDGE('',*,*,#5527,.T.);
#7153=ORIENTED_EDGE('',*,*,#5528,.T.);
#7154=ORIENTED_EDGE('',*,*,#5529,.T.);
#7155=ORIENTED_EDGE('',*,*,#5530,.F.);
#7156=ORIENTED_EDGE('',*,*,#5531,.T.);
#7157=ORIENTED_EDGE('',*,*,#5532,.T.);
#7158=ORIENTED_EDGE('',*,*,#5533,.T.);
#7159=ORIENTED_EDGE('',*,*,#5534,.T.);
#7160=ORIENTED_EDGE('',*,*,#5535,.F.);
#7161=ORIENTED_EDGE('',*,*,#5536,.T.);
#7162=ORIENTED_EDGE('',*,*,#5537,.F.);
#7163=ORIENTED_EDGE('',*,*,#5538,.T.);
#7164=ORIENTED_EDGE('',*,*,#5539,.F.);
#7165=ORIENTED_EDGE('',*,*,#5540,.T.);
#7166=ORIENTED_EDGE('',*,*,#5541,.F.);
#7167=ORIENTED_EDGE('',*,*,#5542,.T.);
#7168=ORIENTED_EDGE('',*,*,#5543,.F.);
#7169=ORIENTED_EDGE('',*,*,#5544,.T.);
#7170=ORIENTED_EDGE('',*,*,#5545,.T.);
#7171=ORIENTED_EDGE('',*,*,#5546,.T.);
#7172=ORIENTED_EDGE('',*,*,#5513,.F.);
#7173=ORIENTED_EDGE('',*,*,#5487,.F.);
#7174=ORIENTED_EDGE('',*,*,#5547,.F.);
#7175=ORIENTED_EDGE('',*,*,#5514,.F.);
#7176=ORIENTED_EDGE('',*,*,#5515,.F.);
#7177=ORIENTED_EDGE('',*,*,#5547,.T.);
#7178=ORIENTED_EDGE('',*,*,#5501,.T.);
#7179=ORIENTED_EDGE('',*,*,#5548,.T.);
#7180=ORIENTED_EDGE('',*,*,#5517,.F.);
#7181=ORIENTED_EDGE('',*,*,#5549,.T.);
#7182=ORIENTED_EDGE('',*,*,#5499,.T.);
#7183=ORIENTED_EDGE('',*,*,#5550,.T.);
#7184=ORIENTED_EDGE('',*,*,#5550,.F.);
#7185=ORIENTED_EDGE('',*,*,#5498,.F.);
#7186=ORIENTED_EDGE('',*,*,#5551,.F.);
#7187=ORIENTED_EDGE('',*,*,#5518,.F.);
#7188=ORIENTED_EDGE('',*,*,#5519,.F.);
#7189=ORIENTED_EDGE('',*,*,#5551,.T.);
#7190=ORIENTED_EDGE('',*,*,#5497,.T.);
#7191=ORIENTED_EDGE('',*,*,#5552,.T.);
#7192=ORIENTED_EDGE('',*,*,#5521,.F.);
#7193=ORIENTED_EDGE('',*,*,#5553,.T.);
#7194=ORIENTED_EDGE('',*,*,#5495,.T.);
#7195=ORIENTED_EDGE('',*,*,#5554,.T.);
#7196=ORIENTED_EDGE('',*,*,#5554,.F.);
#7197=ORIENTED_EDGE('',*,*,#5494,.F.);
#7198=ORIENTED_EDGE('',*,*,#5555,.F.);
#7199=ORIENTED_EDGE('',*,*,#5522,.F.);
#7200=ORIENTED_EDGE('',*,*,#5523,.F.);
#7201=ORIENTED_EDGE('',*,*,#5555,.T.);
#7202=ORIENTED_EDGE('',*,*,#5493,.T.);
#7203=ORIENTED_EDGE('',*,*,#5556,.F.);
#7204=ORIENTED_EDGE('',*,*,#5557,.F.);
#7205=ORIENTED_EDGE('',*,*,#5558,.T.);
#7206=ORIENTED_EDGE('',*,*,#5530,.T.);
#7207=ORIENTED_EDGE('',*,*,#5559,.T.);
#7208=ORIENTED_EDGE('',*,*,#5557,.T.);
#7209=ORIENTED_EDGE('',*,*,#5560,.T.);
#7210=ORIENTED_EDGE('',*,*,#5561,.F.);
#7211=ORIENTED_EDGE('',*,*,#5562,.F.);
#7212=ORIENTED_EDGE('',*,*,#5563,.F.);
#7213=ORIENTED_EDGE('',*,*,#5564,.F.);
#7214=ORIENTED_EDGE('',*,*,#5565,.F.);
#7215=ORIENTED_EDGE('',*,*,#5566,.F.);
#7216=ORIENTED_EDGE('',*,*,#5567,.F.);
#7217=ORIENTED_EDGE('',*,*,#5568,.F.);
#7218=ORIENTED_EDGE('',*,*,#5569,.T.);
#7219=ORIENTED_EDGE('',*,*,#5570,.T.);
#7220=ORIENTED_EDGE('',*,*,#5571,.T.);
#7221=ORIENTED_EDGE('',*,*,#5572,.T.);
#7222=ORIENTED_EDGE('',*,*,#5573,.T.);
#7223=ORIENTED_EDGE('',*,*,#5574,.T.);
#7224=ORIENTED_EDGE('',*,*,#5575,.T.);
#7225=ORIENTED_EDGE('',*,*,#5576,.T.);
#7226=ORIENTED_EDGE('',*,*,#5577,.T.);
#7227=ORIENTED_EDGE('',*,*,#5578,.T.);
#7228=ORIENTED_EDGE('',*,*,#5579,.F.);
#7229=ORIENTED_EDGE('',*,*,#5580,.F.);
#7230=ORIENTED_EDGE('',*,*,#5581,.F.);
#7231=ORIENTED_EDGE('',*,*,#5582,.F.);
#7232=ORIENTED_EDGE('',*,*,#5583,.T.);
#7233=ORIENTED_EDGE('',*,*,#5584,.T.);
#7234=ORIENTED_EDGE('',*,*,#5585,.F.);
#7235=ORIENTED_EDGE('',*,*,#5586,.F.);
#7236=ORIENTED_EDGE('',*,*,#5587,.F.);
#7237=ORIENTED_EDGE('',*,*,#5588,.F.);
#7238=ORIENTED_EDGE('',*,*,#5589,.F.);
#7239=ORIENTED_EDGE('',*,*,#5590,.F.);
#7240=ORIENTED_EDGE('',*,*,#5591,.F.);
#7241=ORIENTED_EDGE('',*,*,#5592,.F.);
#7242=ORIENTED_EDGE('',*,*,#5593,.F.);
#7243=ORIENTED_EDGE('',*,*,#5594,.F.);
#7244=ORIENTED_EDGE('',*,*,#5595,.F.);
#7245=ORIENTED_EDGE('',*,*,#5596,.F.);
#7246=ORIENTED_EDGE('',*,*,#5597,.F.);
#7247=ORIENTED_EDGE('',*,*,#5598,.F.);
#7248=ORIENTED_EDGE('',*,*,#5599,.F.);
#7249=ORIENTED_EDGE('',*,*,#5600,.F.);
#7250=ORIENTED_EDGE('',*,*,#5601,.F.);
#7251=ORIENTED_EDGE('',*,*,#5602,.F.);
#7252=ORIENTED_EDGE('',*,*,#5603,.F.);
#7253=ORIENTED_EDGE('',*,*,#5604,.F.);
#7254=ORIENTED_EDGE('',*,*,#5605,.F.);
#7255=ORIENTED_EDGE('',*,*,#5606,.F.);
#7256=ORIENTED_EDGE('',*,*,#5607,.F.);
#7257=ORIENTED_EDGE('',*,*,#5608,.F.);
#7258=ORIENTED_EDGE('',*,*,#5609,.F.);
#7259=ORIENTED_EDGE('',*,*,#5610,.F.);
#7260=ORIENTED_EDGE('',*,*,#5611,.F.);
#7261=ORIENTED_EDGE('',*,*,#5612,.F.);
#7262=ORIENTED_EDGE('',*,*,#5613,.F.);
#7263=ORIENTED_EDGE('',*,*,#5614,.F.);
#7264=ORIENTED_EDGE('',*,*,#5615,.F.);
#7265=ORIENTED_EDGE('',*,*,#5616,.F.);
#7266=ORIENTED_EDGE('',*,*,#5617,.F.);
#7267=ORIENTED_EDGE('',*,*,#5618,.F.);
#7268=ORIENTED_EDGE('',*,*,#5619,.F.);
#7269=ORIENTED_EDGE('',*,*,#5620,.F.);
#7270=ORIENTED_EDGE('',*,*,#5621,.F.);
#7271=ORIENTED_EDGE('',*,*,#5622,.F.);
#7272=ORIENTED_EDGE('',*,*,#5623,.F.);
#7273=ORIENTED_EDGE('',*,*,#5624,.F.);
#7274=ORIENTED_EDGE('',*,*,#5625,.F.);
#7275=ORIENTED_EDGE('',*,*,#5626,.F.);
#7276=ORIENTED_EDGE('',*,*,#5627,.F.);
#7277=ORIENTED_EDGE('',*,*,#5628,.F.);
#7278=ORIENTED_EDGE('',*,*,#5629,.F.);
#7279=ORIENTED_EDGE('',*,*,#5630,.F.);
#7280=ORIENTED_EDGE('',*,*,#5631,.F.);
#7281=ORIENTED_EDGE('',*,*,#5632,.F.);
#7282=ORIENTED_EDGE('',*,*,#5633,.F.);
#7283=ORIENTED_EDGE('',*,*,#5634,.F.);
#7284=ORIENTED_EDGE('',*,*,#5635,.F.);
#7285=ORIENTED_EDGE('',*,*,#5636,.F.);
#7286=ORIENTED_EDGE('',*,*,#5637,.F.);
#7287=ORIENTED_EDGE('',*,*,#5638,.F.);
#7288=ORIENTED_EDGE('',*,*,#5639,.F.);
#7289=ORIENTED_EDGE('',*,*,#5640,.F.);
#7290=ORIENTED_EDGE('',*,*,#5641,.F.);
#7291=ORIENTED_EDGE('',*,*,#5642,.F.);
#7292=ORIENTED_EDGE('',*,*,#5643,.F.);
#7293=ORIENTED_EDGE('',*,*,#5644,.F.);
#7294=ORIENTED_EDGE('',*,*,#5645,.F.);
#7295=ORIENTED_EDGE('',*,*,#5646,.F.);
#7296=ORIENTED_EDGE('',*,*,#5647,.F.);
#7297=ORIENTED_EDGE('',*,*,#5648,.F.);
#7298=ORIENTED_EDGE('',*,*,#5649,.F.);
#7299=ORIENTED_EDGE('',*,*,#5650,.F.);
#7300=ORIENTED_EDGE('',*,*,#5651,.F.);
#7301=ORIENTED_EDGE('',*,*,#5652,.F.);
#7302=ORIENTED_EDGE('',*,*,#5653,.T.);
#7303=ORIENTED_EDGE('',*,*,#5654,.T.);
#7304=ORIENTED_EDGE('',*,*,#5655,.T.);
#7305=ORIENTED_EDGE('',*,*,#5656,.T.);
#7306=ORIENTED_EDGE('',*,*,#5559,.F.);
#7307=ORIENTED_EDGE('',*,*,#5529,.F.);
#7308=ORIENTED_EDGE('',*,*,#5657,.T.);
#7309=ORIENTED_EDGE('',*,*,#5658,.T.);
#7310=ORIENTED_EDGE('',*,*,#5659,.T.);
#7311=ORIENTED_EDGE('',*,*,#5660,.T.);
#7312=ORIENTED_EDGE('',*,*,#5661,.T.);
#7313=ORIENTED_EDGE('',*,*,#5544,.F.);
#7314=ORIENTED_EDGE('',*,*,#5662,.F.);
#7315=ORIENTED_EDGE('',*,*,#5663,.T.);
#7316=ORIENTED_EDGE('',*,*,#5664,.F.);
#7317=ORIENTED_EDGE('',*,*,#5560,.F.);
#7318=ORIENTED_EDGE('',*,*,#5665,.F.);
#7319=ORIENTED_EDGE('',*,*,#5662,.T.);
#7320=ORIENTED_EDGE('',*,*,#5543,.T.);
#7321=ORIENTED_EDGE('',*,*,#5666,.T.);
#7322=ORIENTED_EDGE('',*,*,#5570,.F.);
#7323=ORIENTED_EDGE('',*,*,#5667,.T.);
#7324=ORIENTED_EDGE('',*,*,#5541,.T.);
#7325=ORIENTED_EDGE('',*,*,#5668,.T.);
#7326=ORIENTED_EDGE('',*,*,#5668,.F.);
#7327=ORIENTED_EDGE('',*,*,#5540,.F.);
#7328=ORIENTED_EDGE('',*,*,#5669,.F.);
#7329=ORIENTED_EDGE('',*,*,#5571,.F.);
#7330=ORIENTED_EDGE('',*,*,#5572,.F.);
#7331=ORIENTED_EDGE('',*,*,#5669,.T.);
#7332=ORIENTED_EDGE('',*,*,#5539,.T.);
#7333=ORIENTED_EDGE('',*,*,#5670,.T.);
#7334=ORIENTED_EDGE('',*,*,#5574,.F.);
#7335=ORIENTED_EDGE('',*,*,#5671,.T.);
#7336=ORIENTED_EDGE('',*,*,#5537,.T.);
#7337=ORIENTED_EDGE('',*,*,#5672,.T.);
#7338=ORIENTED_EDGE('',*,*,#5672,.F.);
#7339=ORIENTED_EDGE('',*,*,#5536,.F.);
#7340=ORIENTED_EDGE('',*,*,#5673,.F.);
#7341=ORIENTED_EDGE('',*,*,#5575,.F.);
#7342=ORIENTED_EDGE('',*,*,#5576,.F.);
#7343=ORIENTED_EDGE('',*,*,#5673,.T.);
#7344=ORIENTED_EDGE('',*,*,#5535,.T.);
#7345=ORIENTED_EDGE('',*,*,#5674,.F.);
#7346=ORIENTED_EDGE('',*,*,#5675,.T.);
#7347=ORIENTED_EDGE('',*,*,#5676,.T.);
#7348=ORIENTED_EDGE('',*,*,#5677,.T.);
#7349=ORIENTED_EDGE('',*,*,#5678,.T.);
#7350=ORIENTED_EDGE('',*,*,#5679,.T.);
#7351=ORIENTED_EDGE('',*,*,#5680,.T.);
#7352=ORIENTED_EDGE('',*,*,#5681,.T.);
#7353=ORIENTED_EDGE('',*,*,#5678,.F.);
#7354=ORIENTED_EDGE('',*,*,#5682,.T.);
#7355=ORIENTED_EDGE('',*,*,#5683,.T.);
#7356=ORIENTED_EDGE('',*,*,#5684,.T.);
#7357=ORIENTED_EDGE('',*,*,#5680,.F.);
#7358=ORIENTED_EDGE('',*,*,#5685,.T.);
#7359=ORIENTED_EDGE('',*,*,#5686,.T.);
#7360=ORIENTED_EDGE('',*,*,#5687,.T.);
#7361=ORIENTED_EDGE('',*,*,#5683,.F.);
#7362=ORIENTED_EDGE('',*,*,#5688,.T.);
#7363=ORIENTED_EDGE('',*,*,#5689,.T.);
#7364=ORIENTED_EDGE('',*,*,#5690,.T.);
#7365=ORIENTED_EDGE('',*,*,#5686,.F.);
#7366=ORIENTED_EDGE('',*,*,#5691,.T.);
#7367=ORIENTED_EDGE('',*,*,#5692,.T.);
#7368=ORIENTED_EDGE('',*,*,#5693,.T.);
#7369=ORIENTED_EDGE('',*,*,#5689,.F.);
#7370=ORIENTED_EDGE('',*,*,#5422,.F.);
#7371=ORIENTED_EDGE('',*,*,#5694,.F.);
#7372=ORIENTED_EDGE('',*,*,#5483,.F.);
#7373=ORIENTED_EDGE('',*,*,#5504,.T.);
#7374=ORIENTED_EDGE('',*,*,#5691,.F.);
#7375=ORIENTED_EDGE('',*,*,#5688,.F.);
#7376=ORIENTED_EDGE('',*,*,#5685,.F.);
#7377=ORIENTED_EDGE('',*,*,#5682,.F.);
#7378=ORIENTED_EDGE('',*,*,#5679,.F.);
#7379=ORIENTED_EDGE('',*,*,#5677,.F.);
#7380=ORIENTED_EDGE('',*,*,#5695,.T.);
#7381=ORIENTED_EDGE('',*,*,#5696,.F.);
#7382=ORIENTED_EDGE('',*,*,#5697,.F.);
#7383=ORIENTED_EDGE('',*,*,#5698,.F.);
#7384=ORIENTED_EDGE('',*,*,#5699,.T.);
#7385=ORIENTED_EDGE('',*,*,#5700,.F.);
#7386=ORIENTED_EDGE('',*,*,#5701,.F.);
#7387=ORIENTED_EDGE('',*,*,#5702,.F.);
#7388=ORIENTED_EDGE('',*,*,#5703,.F.);
#7389=ORIENTED_EDGE('',*,*,#5704,.F.);
#7390=ORIENTED_EDGE('',*,*,#5705,.F.);
#7391=ORIENTED_EDGE('',*,*,#5706,.T.);
#7392=ORIENTED_EDGE('',*,*,#5707,.F.);
#7393=ORIENTED_EDGE('',*,*,#5708,.F.);
#7394=ORIENTED_EDGE('',*,*,#5709,.F.);
#7395=ORIENTED_EDGE('',*,*,#5710,.T.);
#7396=ORIENTED_EDGE('',*,*,#5676,.F.);
#7397=ORIENTED_EDGE('',*,*,#5711,.T.);
#7398=ORIENTED_EDGE('',*,*,#5712,.T.);
#7399=ORIENTED_EDGE('',*,*,#5713,.F.);
#7400=ORIENTED_EDGE('',*,*,#5714,.F.);
#7401=ORIENTED_EDGE('',*,*,#5695,.F.);
#7402=ORIENTED_EDGE('',*,*,#5715,.T.);
#7403=ORIENTED_EDGE('',*,*,#5716,.T.);
#7404=ORIENTED_EDGE('',*,*,#5698,.T.);
#7405=ORIENTED_EDGE('',*,*,#5717,.T.);
#7406=ORIENTED_EDGE('',*,*,#5718,.T.);
#7407=ORIENTED_EDGE('',*,*,#5717,.F.);
#7408=ORIENTED_EDGE('',*,*,#5697,.T.);
#7409=ORIENTED_EDGE('',*,*,#5719,.T.);
#7410=ORIENTED_EDGE('',*,*,#5696,.T.);
#7411=ORIENTED_EDGE('',*,*,#5714,.T.);
#7412=ORIENTED_EDGE('',*,*,#5720,.T.);
#7413=ORIENTED_EDGE('',*,*,#5719,.F.);
#7414=ORIENTED_EDGE('',*,*,#5721,.T.);
#7415=ORIENTED_EDGE('',*,*,#5722,.T.);
#7416=ORIENTED_EDGE('',*,*,#5709,.T.);
#7417=ORIENTED_EDGE('',*,*,#5723,.T.);
#7418=ORIENTED_EDGE('',*,*,#5708,.T.);
#7419=ORIENTED_EDGE('',*,*,#5724,.T.);
#7420=ORIENTED_EDGE('',*,*,#5725,.T.);
#7421=ORIENTED_EDGE('',*,*,#5723,.F.);
#7422=ORIENTED_EDGE('',*,*,#5707,.T.);
#7423=ORIENTED_EDGE('',*,*,#5726,.T.);
#7424=ORIENTED_EDGE('',*,*,#5727,.T.);
#7425=ORIENTED_EDGE('',*,*,#5724,.F.);
#7426=ORIENTED_EDGE('',*,*,#5726,.F.);
#7427=ORIENTED_EDGE('',*,*,#5706,.F.);
#7428=ORIENTED_EDGE('',*,*,#5728,.F.);
#7429=ORIENTED_EDGE('',*,*,#5729,.T.);
#7430=ORIENTED_EDGE('',*,*,#5730,.T.);
#7431=ORIENTED_EDGE('',*,*,#5731,.F.);
#7432=ORIENTED_EDGE('',*,*,#5732,.T.);
#7433=ORIENTED_EDGE('',*,*,#5728,.T.);
#7434=ORIENTED_EDGE('',*,*,#5705,.T.);
#7435=ORIENTED_EDGE('',*,*,#5733,.T.);
#7436=ORIENTED_EDGE('',*,*,#5704,.T.);
#7437=ORIENTED_EDGE('',*,*,#5734,.T.);
#7438=ORIENTED_EDGE('',*,*,#5735,.T.);
#7439=ORIENTED_EDGE('',*,*,#5733,.F.);
#7440=ORIENTED_EDGE('',*,*,#5736,.T.);
#7441=ORIENTED_EDGE('',*,*,#5734,.F.);
#7442=ORIENTED_EDGE('',*,*,#5703,.T.);
#7443=ORIENTED_EDGE('',*,*,#5737,.T.);
#7444=ORIENTED_EDGE('',*,*,#5738,.T.);
#7445=ORIENTED_EDGE('',*,*,#5737,.F.);
#7446=ORIENTED_EDGE('',*,*,#5702,.T.);
#7447=ORIENTED_EDGE('',*,*,#5739,.T.);
#7448=ORIENTED_EDGE('',*,*,#5740,.T.);
#7449=ORIENTED_EDGE('',*,*,#5739,.F.);
#7450=ORIENTED_EDGE('',*,*,#5701,.T.);
#7451=ORIENTED_EDGE('',*,*,#5741,.T.);
#7452=ORIENTED_EDGE('',*,*,#5700,.T.);
#7453=ORIENTED_EDGE('',*,*,#5742,.T.);
#7454=ORIENTED_EDGE('',*,*,#5743,.T.);
#7455=ORIENTED_EDGE('',*,*,#5741,.F.);
#7456=ORIENTED_EDGE('',*,*,#5744,.T.);
#7457=ORIENTED_EDGE('',*,*,#5745,.T.);
#7458=ORIENTED_EDGE('',*,*,#5746,.T.);
#7459=ORIENTED_EDGE('',*,*,#5747,.T.);
#7460=ORIENTED_EDGE('',*,*,#5748,.T.);
#7461=ORIENTED_EDGE('',*,*,#5749,.T.);
#7462=ORIENTED_EDGE('',*,*,#5750,.T.);
#7463=ORIENTED_EDGE('',*,*,#5747,.F.);
#7464=ORIENTED_EDGE('',*,*,#5751,.T.);
#7465=ORIENTED_EDGE('',*,*,#5752,.T.);
#7466=ORIENTED_EDGE('',*,*,#5753,.T.);
#7467=ORIENTED_EDGE('',*,*,#5749,.F.);
#7468=ORIENTED_EDGE('',*,*,#5754,.T.);
#7469=ORIENTED_EDGE('',*,*,#5755,.T.);
#7470=ORIENTED_EDGE('',*,*,#5756,.T.);
#7471=ORIENTED_EDGE('',*,*,#5752,.F.);
#7472=ORIENTED_EDGE('',*,*,#5757,.T.);
#7473=ORIENTED_EDGE('',*,*,#5758,.T.);
#7474=ORIENTED_EDGE('',*,*,#5759,.T.);
#7475=ORIENTED_EDGE('',*,*,#5755,.F.);
#7476=ORIENTED_EDGE('',*,*,#5760,.T.);
#7477=ORIENTED_EDGE('',*,*,#5761,.T.);
#7478=ORIENTED_EDGE('',*,*,#5762,.T.);
#7479=ORIENTED_EDGE('',*,*,#5758,.F.);
#7480=ORIENTED_EDGE('',*,*,#5761,.F.);
#7481=ORIENTED_EDGE('',*,*,#5763,.F.);
#7482=ORIENTED_EDGE('',*,*,#5764,.F.);
#7483=ORIENTED_EDGE('',*,*,#5765,.T.);
#7484=ORIENTED_EDGE('',*,*,#5766,.T.);
#7485=ORIENTED_EDGE('',*,*,#5767,.F.);
#7486=ORIENTED_EDGE('',*,*,#5424,.F.);
#7487=ORIENTED_EDGE('',*,*,#5768,.F.);
#7488=ORIENTED_EDGE('',*,*,#5484,.F.);
#7489=ORIENTED_EDGE('',*,*,#5694,.T.);
#7490=ORIENTED_EDGE('',*,*,#5769,.T.);
#7491=ORIENTED_EDGE('',*,*,#5770,.T.);
#7492=ORIENTED_EDGE('',*,*,#5771,.T.);
#7493=ORIENTED_EDGE('',*,*,#5772,.T.);
#7494=ORIENTED_EDGE('',*,*,#5760,.F.);
#7495=ORIENTED_EDGE('',*,*,#5757,.F.);
#7496=ORIENTED_EDGE('',*,*,#5754,.F.);
#7497=ORIENTED_EDGE('',*,*,#5751,.F.);
#7498=ORIENTED_EDGE('',*,*,#5748,.F.);
#7499=ORIENTED_EDGE('',*,*,#5746,.F.);
#7500=ORIENTED_EDGE('',*,*,#5773,.T.);
#7501=ORIENTED_EDGE('',*,*,#5774,.F.);
#7502=ORIENTED_EDGE('',*,*,#5775,.F.);
#7503=ORIENTED_EDGE('',*,*,#5776,.F.);
#7504=ORIENTED_EDGE('',*,*,#5777,.F.);
#7505=ORIENTED_EDGE('',*,*,#5778,.F.);
#7506=ORIENTED_EDGE('',*,*,#5779,.F.);
#7507=ORIENTED_EDGE('',*,*,#5763,.T.);
#7508=ORIENTED_EDGE('',*,*,#5780,.T.);
#7509=ORIENTED_EDGE('',*,*,#5764,.T.);
#7510=ORIENTED_EDGE('',*,*,#5779,.T.);
#7511=ORIENTED_EDGE('',*,*,#5781,.T.);
#7512=ORIENTED_EDGE('',*,*,#5778,.T.);
#7513=ORIENTED_EDGE('',*,*,#5782,.T.);
#7514=ORIENTED_EDGE('',*,*,#5783,.T.);
#7515=ORIENTED_EDGE('',*,*,#5781,.F.);
#7516=ORIENTED_EDGE('',*,*,#5777,.T.);
#7517=ORIENTED_EDGE('',*,*,#5784,.T.);
#7518=ORIENTED_EDGE('',*,*,#5785,.T.);
#7519=ORIENTED_EDGE('',*,*,#5782,.F.);
#7520=ORIENTED_EDGE('',*,*,#5786,.T.);
#7521=ORIENTED_EDGE('',*,*,#5784,.F.);
#7522=ORIENTED_EDGE('',*,*,#5776,.T.);
#7523=ORIENTED_EDGE('',*,*,#5787,.T.);
#7524=ORIENTED_EDGE('',*,*,#5788,.T.);
#7525=ORIENTED_EDGE('',*,*,#5787,.F.);
#7526=ORIENTED_EDGE('',*,*,#5775,.T.);
#7527=ORIENTED_EDGE('',*,*,#5789,.T.);
#7528=ORIENTED_EDGE('',*,*,#5774,.T.);
#7529=ORIENTED_EDGE('',*,*,#5790,.T.);
#7530=ORIENTED_EDGE('',*,*,#5791,.T.);
#7531=ORIENTED_EDGE('',*,*,#5789,.F.);
#7532=ORIENTED_EDGE('',*,*,#5792,.F.);
#7533=ORIENTED_EDGE('',*,*,#5793,.F.);
#7534=ORIENTED_EDGE('',*,*,#5769,.F.);
#7535=ORIENTED_EDGE('',*,*,#5794,.T.);
#7536=ORIENTED_EDGE('',*,*,#5795,.F.);
#7537=ORIENTED_EDGE('',*,*,#5794,.F.);
#7538=ORIENTED_EDGE('',*,*,#5772,.F.);
#7539=ORIENTED_EDGE('',*,*,#5796,.T.);
#7540=ORIENTED_EDGE('',*,*,#5797,.F.);
#7541=ORIENTED_EDGE('',*,*,#5796,.F.);
#7542=ORIENTED_EDGE('',*,*,#5771,.F.);
#7543=ORIENTED_EDGE('',*,*,#5798,.T.);
#7544=ORIENTED_EDGE('',*,*,#5799,.F.);
#7545=ORIENTED_EDGE('',*,*,#5798,.F.);
#7546=ORIENTED_EDGE('',*,*,#5770,.F.);
#7547=ORIENTED_EDGE('',*,*,#5793,.T.);
#7548=ORIENTED_EDGE('',*,*,#5780,.F.);
#7549=ORIENTED_EDGE('',*,*,#5800,.T.);
#7550=ORIENTED_EDGE('',*,*,#5801,.T.);
#7551=ORIENTED_EDGE('',*,*,#5765,.F.);
#7552=ORIENTED_EDGE('',*,*,#5783,.F.);
#7553=ORIENTED_EDGE('',*,*,#5802,.T.);
#7554=ORIENTED_EDGE('',*,*,#5803,.T.);
#7555=ORIENTED_EDGE('',*,*,#5800,.F.);
#7556=ORIENTED_EDGE('',*,*,#5785,.F.);
#7557=ORIENTED_EDGE('',*,*,#5804,.T.);
#7558=ORIENTED_EDGE('',*,*,#5805,.T.);
#7559=ORIENTED_EDGE('',*,*,#5802,.F.);
#7560=ORIENTED_EDGE('',*,*,#5786,.F.);
#7561=ORIENTED_EDGE('',*,*,#5806,.T.);
#7562=ORIENTED_EDGE('',*,*,#5807,.T.);
#7563=ORIENTED_EDGE('',*,*,#5804,.F.);
#7564=ORIENTED_EDGE('',*,*,#5788,.F.);
#7565=ORIENTED_EDGE('',*,*,#5808,.T.);
#7566=ORIENTED_EDGE('',*,*,#5809,.T.);
#7567=ORIENTED_EDGE('',*,*,#5806,.F.);
#7568=ORIENTED_EDGE('',*,*,#5791,.F.);
#7569=ORIENTED_EDGE('',*,*,#5810,.T.);
#7570=ORIENTED_EDGE('',*,*,#5811,.T.);
#7571=ORIENTED_EDGE('',*,*,#5808,.F.);
#7572=ORIENTED_EDGE('',*,*,#5745,.F.);
#7573=ORIENTED_EDGE('',*,*,#5812,.T.);
#7574=ORIENTED_EDGE('',*,*,#5813,.T.);
#7575=ORIENTED_EDGE('',*,*,#5810,.F.);
#7576=ORIENTED_EDGE('',*,*,#5790,.F.);
#7577=ORIENTED_EDGE('',*,*,#5773,.F.);
#7578=ORIENTED_EDGE('',*,*,#5744,.F.);
#7579=ORIENTED_EDGE('',*,*,#5814,.T.);
#7580=ORIENTED_EDGE('',*,*,#5815,.T.);
#7581=ORIENTED_EDGE('',*,*,#5812,.F.);
#7582=ORIENTED_EDGE('',*,*,#5750,.F.);
#7583=ORIENTED_EDGE('',*,*,#5816,.T.);
#7584=ORIENTED_EDGE('',*,*,#5817,.T.);
#7585=ORIENTED_EDGE('',*,*,#5814,.F.);
#7586=ORIENTED_EDGE('',*,*,#5753,.F.);
#7587=ORIENTED_EDGE('',*,*,#5818,.T.);
#7588=ORIENTED_EDGE('',*,*,#5819,.T.);
#7589=ORIENTED_EDGE('',*,*,#5816,.F.);
#7590=ORIENTED_EDGE('',*,*,#5756,.F.);
#7591=ORIENTED_EDGE('',*,*,#5820,.T.);
#7592=ORIENTED_EDGE('',*,*,#5821,.T.);
#7593=ORIENTED_EDGE('',*,*,#5818,.F.);
#7594=ORIENTED_EDGE('',*,*,#5759,.F.);
#7595=ORIENTED_EDGE('',*,*,#5822,.T.);
#7596=ORIENTED_EDGE('',*,*,#5823,.T.);
#7597=ORIENTED_EDGE('',*,*,#5820,.F.);
#7598=ORIENTED_EDGE('',*,*,#5762,.F.);
#7599=ORIENTED_EDGE('',*,*,#5767,.T.);
#7600=ORIENTED_EDGE('',*,*,#5824,.T.);
#7601=ORIENTED_EDGE('',*,*,#5822,.F.);
#7602=ORIENTED_EDGE('',*,*,#5824,.F.);
#7603=ORIENTED_EDGE('',*,*,#5766,.F.);
#7604=ORIENTED_EDGE('',*,*,#5801,.F.);
#7605=ORIENTED_EDGE('',*,*,#5803,.F.);
#7606=ORIENTED_EDGE('',*,*,#5805,.F.);
#7607=ORIENTED_EDGE('',*,*,#5807,.F.);
#7608=ORIENTED_EDGE('',*,*,#5809,.F.);
#7609=ORIENTED_EDGE('',*,*,#5811,.F.);
#7610=ORIENTED_EDGE('',*,*,#5813,.F.);
#7611=ORIENTED_EDGE('',*,*,#5815,.F.);
#7612=ORIENTED_EDGE('',*,*,#5817,.F.);
#7613=ORIENTED_EDGE('',*,*,#5819,.F.);
#7614=ORIENTED_EDGE('',*,*,#5821,.F.);
#7615=ORIENTED_EDGE('',*,*,#5823,.F.);
#7616=ORIENTED_EDGE('',*,*,#5692,.F.);
#7617=ORIENTED_EDGE('',*,*,#5710,.F.);
#7618=ORIENTED_EDGE('',*,*,#5722,.F.);
#7619=ORIENTED_EDGE('',*,*,#5825,.T.);
#7620=ORIENTED_EDGE('',*,*,#5826,.T.);
#7621=ORIENTED_EDGE('',*,*,#5827,.F.);
#7622=ORIENTED_EDGE('',*,*,#5721,.F.);
#7623=ORIENTED_EDGE('',*,*,#5828,.T.);
#7624=ORIENTED_EDGE('',*,*,#5829,.T.);
#7625=ORIENTED_EDGE('',*,*,#5825,.F.);
#7626=ORIENTED_EDGE('',*,*,#5725,.F.);
#7627=ORIENTED_EDGE('',*,*,#5830,.T.);
#7628=ORIENTED_EDGE('',*,*,#5831,.T.);
#7629=ORIENTED_EDGE('',*,*,#5828,.F.);
#7630=ORIENTED_EDGE('',*,*,#5727,.F.);
#7631=ORIENTED_EDGE('',*,*,#5731,.T.);
#7632=ORIENTED_EDGE('',*,*,#5832,.T.);
#7633=ORIENTED_EDGE('',*,*,#5830,.F.);
#7634=ORIENTED_EDGE('',*,*,#5732,.F.);
#7635=ORIENTED_EDGE('',*,*,#5833,.T.);
#7636=ORIENTED_EDGE('',*,*,#5834,.T.);
#7637=ORIENTED_EDGE('',*,*,#5729,.F.);
#7638=ORIENTED_EDGE('',*,*,#5735,.F.);
#7639=ORIENTED_EDGE('',*,*,#5835,.T.);
#7640=ORIENTED_EDGE('',*,*,#5836,.T.);
#7641=ORIENTED_EDGE('',*,*,#5833,.F.);
#7642=ORIENTED_EDGE('',*,*,#5736,.F.);
#7643=ORIENTED_EDGE('',*,*,#5837,.T.);
#7644=ORIENTED_EDGE('',*,*,#5838,.T.);
#7645=ORIENTED_EDGE('',*,*,#5835,.F.);
#7646=ORIENTED_EDGE('',*,*,#5738,.F.);
#7647=ORIENTED_EDGE('',*,*,#5839,.T.);
#7648=ORIENTED_EDGE('',*,*,#5840,.T.);
#7649=ORIENTED_EDGE('',*,*,#5837,.F.);
#7650=ORIENTED_EDGE('',*,*,#5740,.F.);
#7651=ORIENTED_EDGE('',*,*,#5841,.T.);
#7652=ORIENTED_EDGE('',*,*,#5842,.T.);
#7653=ORIENTED_EDGE('',*,*,#5839,.F.);
#7654=ORIENTED_EDGE('',*,*,#5743,.F.);
#7655=ORIENTED_EDGE('',*,*,#5843,.T.);
#7656=ORIENTED_EDGE('',*,*,#5844,.T.);
#7657=ORIENTED_EDGE('',*,*,#5841,.F.);
#7658=ORIENTED_EDGE('',*,*,#5716,.F.);
#7659=ORIENTED_EDGE('',*,*,#5845,.T.);
#7660=ORIENTED_EDGE('',*,*,#5846,.T.);
#7661=ORIENTED_EDGE('',*,*,#5843,.F.);
#7662=ORIENTED_EDGE('',*,*,#5742,.F.);
#7663=ORIENTED_EDGE('',*,*,#5699,.F.);
#7664=ORIENTED_EDGE('',*,*,#5715,.F.);
#7665=ORIENTED_EDGE('',*,*,#5847,.T.);
#7666=ORIENTED_EDGE('',*,*,#5848,.T.);
#7667=ORIENTED_EDGE('',*,*,#5845,.F.);
#7668=ORIENTED_EDGE('',*,*,#5718,.F.);
#7669=ORIENTED_EDGE('',*,*,#5849,.T.);
#7670=ORIENTED_EDGE('',*,*,#5850,.T.);
#7671=ORIENTED_EDGE('',*,*,#5847,.F.);
#7672=ORIENTED_EDGE('',*,*,#5720,.F.);
#7673=ORIENTED_EDGE('',*,*,#5713,.T.);
#7674=ORIENTED_EDGE('',*,*,#5851,.T.);
#7675=ORIENTED_EDGE('',*,*,#5849,.F.);
#7676=ORIENTED_EDGE('',*,*,#5675,.F.);
#7677=ORIENTED_EDGE('',*,*,#5852,.T.);
#7678=ORIENTED_EDGE('',*,*,#5853,.T.);
#7679=ORIENTED_EDGE('',*,*,#5711,.F.);
#7680=ORIENTED_EDGE('',*,*,#5681,.F.);
#7681=ORIENTED_EDGE('',*,*,#5854,.T.);
#7682=ORIENTED_EDGE('',*,*,#5855,.T.);
#7683=ORIENTED_EDGE('',*,*,#5852,.F.);
#7684=ORIENTED_EDGE('',*,*,#5684,.F.);
#7685=ORIENTED_EDGE('',*,*,#5856,.T.);
#7686=ORIENTED_EDGE('',*,*,#5857,.T.);
#7687=ORIENTED_EDGE('',*,*,#5854,.F.);
#7688=ORIENTED_EDGE('',*,*,#5687,.F.);
#7689=ORIENTED_EDGE('',*,*,#5858,.T.);
#7690=ORIENTED_EDGE('',*,*,#5859,.T.);
#7691=ORIENTED_EDGE('',*,*,#5856,.F.);
#7692=ORIENTED_EDGE('',*,*,#5690,.F.);
#7693=ORIENTED_EDGE('',*,*,#5860,.T.);
#7694=ORIENTED_EDGE('',*,*,#5861,.T.);
#7695=ORIENTED_EDGE('',*,*,#5858,.F.);
#7696=ORIENTED_EDGE('',*,*,#5693,.F.);
#7697=ORIENTED_EDGE('',*,*,#5827,.T.);
#7698=ORIENTED_EDGE('',*,*,#5862,.T.);
#7699=ORIENTED_EDGE('',*,*,#5860,.F.);
#7700=ORIENTED_EDGE('',*,*,#5862,.F.);
#7701=ORIENTED_EDGE('',*,*,#5826,.F.);
#7702=ORIENTED_EDGE('',*,*,#5829,.F.);
#7703=ORIENTED_EDGE('',*,*,#5831,.F.);
#7704=ORIENTED_EDGE('',*,*,#5832,.F.);
#7705=ORIENTED_EDGE('',*,*,#5730,.F.);
#7706=ORIENTED_EDGE('',*,*,#5834,.F.);
#7707=ORIENTED_EDGE('',*,*,#5836,.F.);
#7708=ORIENTED_EDGE('',*,*,#5838,.F.);
#7709=ORIENTED_EDGE('',*,*,#5840,.F.);
#7710=ORIENTED_EDGE('',*,*,#5842,.F.);
#7711=ORIENTED_EDGE('',*,*,#5844,.F.);
#7712=ORIENTED_EDGE('',*,*,#5846,.F.);
#7713=ORIENTED_EDGE('',*,*,#5848,.F.);
#7714=ORIENTED_EDGE('',*,*,#5850,.F.);
#7715=ORIENTED_EDGE('',*,*,#5851,.F.);
#7716=ORIENTED_EDGE('',*,*,#5712,.F.);
#7717=ORIENTED_EDGE('',*,*,#5853,.F.);
#7718=ORIENTED_EDGE('',*,*,#5855,.F.);
#7719=ORIENTED_EDGE('',*,*,#5857,.F.);
#7720=ORIENTED_EDGE('',*,*,#5859,.F.);
#7721=ORIENTED_EDGE('',*,*,#5861,.F.);
#7722=ORIENTED_EDGE('',*,*,#5409,.T.);
#7723=ORIENTED_EDGE('',*,*,#5863,.T.);
#7724=ORIENTED_EDGE('',*,*,#5864,.T.);
#7725=ORIENTED_EDGE('',*,*,#5865,.F.);
#7726=ORIENTED_EDGE('',*,*,#5407,.T.);
#7727=ORIENTED_EDGE('',*,*,#5866,.T.);
#7728=ORIENTED_EDGE('',*,*,#5867,.T.);
#7729=ORIENTED_EDGE('',*,*,#5868,.T.);
#7730=ORIENTED_EDGE('',*,*,#5869,.T.);
#7731=ORIENTED_EDGE('',*,*,#5866,.F.);
#7732=ORIENTED_EDGE('',*,*,#5410,.T.);
#7733=ORIENTED_EDGE('',*,*,#5865,.T.);
#7734=ORIENTED_EDGE('',*,*,#5408,.T.);
#7735=ORIENTED_EDGE('',*,*,#5868,.F.);
#7736=ORIENTED_EDGE('',*,*,#5870,.T.);
#7737=ORIENTED_EDGE('',*,*,#5863,.F.);
#7738=ORIENTED_EDGE('',*,*,#5870,.F.);
#7739=ORIENTED_EDGE('',*,*,#5871,.T.);
#7740=ORIENTED_EDGE('',*,*,#5872,.F.);
#7741=ORIENTED_EDGE('',*,*,#5873,.F.);
#7742=ORIENTED_EDGE('',*,*,#5867,.F.);
#7743=ORIENTED_EDGE('',*,*,#5874,.T.);
#7744=ORIENTED_EDGE('',*,*,#5875,.F.);
#7745=ORIENTED_EDGE('',*,*,#5871,.F.);
#7746=ORIENTED_EDGE('',*,*,#5869,.F.);
#7747=ORIENTED_EDGE('',*,*,#5876,.T.);
#7748=ORIENTED_EDGE('',*,*,#5877,.F.);
#7749=ORIENTED_EDGE('',*,*,#5874,.F.);
#7750=ORIENTED_EDGE('',*,*,#5864,.F.);
#7751=ORIENTED_EDGE('',*,*,#5873,.T.);
#7752=ORIENTED_EDGE('',*,*,#5878,.F.);
#7753=ORIENTED_EDGE('',*,*,#5876,.F.);
#7754=ORIENTED_EDGE('',*,*,#5879,.T.);
#7755=ORIENTED_EDGE('',*,*,#5471,.T.);
#7756=ORIENTED_EDGE('',*,*,#5880,.T.);
#7757=ORIENTED_EDGE('',*,*,#5881,.T.);
#7758=ORIENTED_EDGE('',*,*,#5882,.T.);
#7759=ORIENTED_EDGE('',*,*,#5472,.T.);
#7760=ORIENTED_EDGE('',*,*,#5879,.F.);
#7761=ORIENTED_EDGE('',*,*,#5883,.T.);
#7762=ORIENTED_EDGE('',*,*,#5884,.T.);
#7763=ORIENTED_EDGE('',*,*,#5473,.T.);
#7764=ORIENTED_EDGE('',*,*,#5882,.F.);
#7765=ORIENTED_EDGE('',*,*,#5885,.T.);
#7766=ORIENTED_EDGE('',*,*,#5880,.F.);
#7767=ORIENTED_EDGE('',*,*,#5474,.T.);
#7768=ORIENTED_EDGE('',*,*,#5884,.F.);
#7769=ORIENTED_EDGE('',*,*,#5886,.T.);
#7770=ORIENTED_EDGE('',*,*,#5883,.F.);
#7771=ORIENTED_EDGE('',*,*,#5887,.T.);
#7772=ORIENTED_EDGE('',*,*,#5658,.F.);
#7773=ORIENTED_EDGE('',*,*,#5888,.F.);
#7774=ORIENTED_EDGE('',*,*,#5889,.F.);
#7775=ORIENTED_EDGE('',*,*,#5881,.F.);
#7776=ORIENTED_EDGE('',*,*,#5890,.T.);
#7777=ORIENTED_EDGE('',*,*,#5659,.F.);
#7778=ORIENTED_EDGE('',*,*,#5887,.F.);
#7779=ORIENTED_EDGE('',*,*,#5545,.F.);
#7780=ORIENTED_EDGE('',*,*,#5661,.F.);
#7781=ORIENTED_EDGE('',*,*,#5891,.F.);
#7782=ORIENTED_EDGE('',*,*,#5892,.T.);
#7783=ORIENTED_EDGE('',*,*,#5546,.F.);
#7784=ORIENTED_EDGE('',*,*,#5892,.F.);
#7785=ORIENTED_EDGE('',*,*,#5893,.F.);
#7786=ORIENTED_EDGE('',*,*,#5894,.T.);
#7787=ORIENTED_EDGE('',*,*,#5528,.F.);
#7788=ORIENTED_EDGE('',*,*,#5894,.F.);
#7789=ORIENTED_EDGE('',*,*,#5888,.T.);
#7790=ORIENTED_EDGE('',*,*,#5657,.F.);
#7791=ORIENTED_EDGE('',*,*,#5885,.F.);
#7792=ORIENTED_EDGE('',*,*,#5889,.T.);
#7793=ORIENTED_EDGE('',*,*,#5893,.T.);
#7794=ORIENTED_EDGE('',*,*,#5895,.F.);
#7795=ORIENTED_EDGE('',*,*,#5886,.F.);
#7796=ORIENTED_EDGE('',*,*,#5895,.T.);
#7797=ORIENTED_EDGE('',*,*,#5891,.T.);
#7798=ORIENTED_EDGE('',*,*,#5660,.F.);
#7799=ORIENTED_EDGE('',*,*,#5890,.F.);
#7800=ORIENTED_EDGE('',*,*,#5458,.T.);
#7801=ORIENTED_EDGE('',*,*,#5464,.T.);
#7802=ORIENTED_EDGE('',*,*,#5896,.T.);
#7803=ORIENTED_EDGE('',*,*,#5897,.F.);
#7804=ORIENTED_EDGE('',*,*,#5444,.F.);
#7805=ORIENTED_EDGE('',*,*,#5459,.T.);
#7806=ORIENTED_EDGE('',*,*,#5897,.T.);
#7807=ORIENTED_EDGE('',*,*,#5898,.T.);
#7808=ORIENTED_EDGE('',*,*,#5465,.F.);
#7809=ORIENTED_EDGE('',*,*,#5463,.F.);
#7810=ORIENTED_EDGE('',*,*,#5899,.T.);
#7811=ORIENTED_EDGE('',*,*,#5900,.F.);
#7812=ORIENTED_EDGE('',*,*,#5901,.F.);
#7813=ORIENTED_EDGE('',*,*,#5902,.F.);
#7814=ORIENTED_EDGE('',*,*,#5466,.F.);
#7815=ORIENTED_EDGE('',*,*,#5903,.T.);
#7816=ORIENTED_EDGE('',*,*,#5904,.F.);
#7817=ORIENTED_EDGE('',*,*,#5899,.F.);
#7818=ORIENTED_EDGE('',*,*,#5905,.T.);
#7819=ORIENTED_EDGE('',*,*,#5900,.T.);
#7820=ORIENTED_EDGE('',*,*,#5904,.T.);
#7821=ORIENTED_EDGE('',*,*,#5906,.T.);
#7822=ORIENTED_EDGE('',*,*,#5898,.F.);
#7823=ORIENTED_EDGE('',*,*,#5907,.T.);
#7824=ORIENTED_EDGE('',*,*,#5908,.F.);
#7825=ORIENTED_EDGE('',*,*,#5906,.F.);
#7826=ORIENTED_EDGE('',*,*,#5903,.F.);
#7827=ORIENTED_EDGE('',*,*,#5896,.F.);
#7828=ORIENTED_EDGE('',*,*,#5902,.T.);
#7829=ORIENTED_EDGE('',*,*,#5909,.F.);
#7830=ORIENTED_EDGE('',*,*,#5907,.F.);
#7831=ORIENTED_EDGE('',*,*,#5910,.F.);
#7832=ORIENTED_EDGE('',*,*,#5911,.T.);
#7833=ORIENTED_EDGE('',*,*,#5912,.F.);
#7834=ORIENTED_EDGE('',*,*,#5913,.T.);
#7835=ORIENTED_EDGE('',*,*,#5914,.T.);
#7836=ORIENTED_EDGE('',*,*,#5913,.F.);
#7837=ORIENTED_EDGE('',*,*,#5914,.F.);
#7838=ORIENTED_EDGE('',*,*,#5915,.T.);
#7839=ORIENTED_EDGE('',*,*,#5656,.F.);
#7840=ORIENTED_EDGE('',*,*,#5915,.F.);
#7841=ORIENTED_EDGE('',*,*,#5916,.F.);
#7842=ORIENTED_EDGE('',*,*,#5917,.T.);
#7843=ORIENTED_EDGE('',*,*,#5918,.T.);
#7844=ORIENTED_EDGE('',*,*,#5917,.F.);
#7845=ORIENTED_EDGE('',*,*,#5918,.F.);
#7846=ORIENTED_EDGE('',*,*,#5919,.T.);
#7847=ORIENTED_EDGE('',*,*,#5655,.F.);
#7848=ORIENTED_EDGE('',*,*,#5919,.F.);
#7849=ORIENTED_EDGE('',*,*,#5920,.F.);
#7850=ORIENTED_EDGE('',*,*,#5921,.T.);
#7851=ORIENTED_EDGE('',*,*,#5922,.T.);
#7852=ORIENTED_EDGE('',*,*,#5921,.F.);
#7853=ORIENTED_EDGE('',*,*,#5922,.F.);
#7854=ORIENTED_EDGE('',*,*,#5923,.T.);
#7855=ORIENTED_EDGE('',*,*,#5654,.F.);
#7856=ORIENTED_EDGE('',*,*,#5923,.F.);
#7857=ORIENTED_EDGE('',*,*,#5924,.F.);
#7858=ORIENTED_EDGE('',*,*,#5925,.T.);
#7859=ORIENTED_EDGE('',*,*,#5926,.T.);
#7860=ORIENTED_EDGE('',*,*,#5925,.F.);
#7861=ORIENTED_EDGE('',*,*,#5926,.F.);
#7862=ORIENTED_EDGE('',*,*,#5927,.T.);
#7863=ORIENTED_EDGE('',*,*,#5653,.F.);
#7864=ORIENTED_EDGE('',*,*,#5927,.F.);
#7865=ORIENTED_EDGE('',*,*,#5552,.F.);
#7866=ORIENTED_EDGE('',*,*,#5496,.F.);
#7867=ORIENTED_EDGE('',*,*,#5553,.F.);
#7868=ORIENTED_EDGE('',*,*,#5520,.F.);
#7869=ORIENTED_EDGE('',*,*,#5548,.F.);
#7870=ORIENTED_EDGE('',*,*,#5500,.F.);
#7871=ORIENTED_EDGE('',*,*,#5549,.F.);
#7872=ORIENTED_EDGE('',*,*,#5516,.F.);
#7873=ORIENTED_EDGE('',*,*,#5524,.F.);
#7874=ORIENTED_EDGE('',*,*,#5556,.T.);
#7875=ORIENTED_EDGE('',*,*,#5492,.F.);
#7876=ORIENTED_EDGE('',*,*,#5928,.F.);
#7877=ORIENTED_EDGE('',*,*,#5525,.F.);
#7878=ORIENTED_EDGE('',*,*,#5928,.T.);
#7879=ORIENTED_EDGE('',*,*,#5491,.F.);
#7880=ORIENTED_EDGE('',*,*,#5929,.F.);
#7881=ORIENTED_EDGE('',*,*,#5526,.F.);
#7882=ORIENTED_EDGE('',*,*,#5929,.T.);
#7883=ORIENTED_EDGE('',*,*,#5490,.F.);
#7884=ORIENTED_EDGE('',*,*,#5930,.F.);
#7885=ORIENTED_EDGE('',*,*,#5512,.F.);
#7886=ORIENTED_EDGE('',*,*,#5527,.F.);
#7887=ORIENTED_EDGE('',*,*,#5930,.T.);
#7888=ORIENTED_EDGE('',*,*,#5489,.F.);
#7889=ORIENTED_EDGE('',*,*,#5577,.F.);
#7890=ORIENTED_EDGE('',*,*,#5674,.T.);
#7891=ORIENTED_EDGE('',*,*,#5534,.F.);
#7892=ORIENTED_EDGE('',*,*,#5931,.F.);
#7893=ORIENTED_EDGE('',*,*,#5578,.F.);
#7894=ORIENTED_EDGE('',*,*,#5931,.T.);
#7895=ORIENTED_EDGE('',*,*,#5533,.F.);
#7896=ORIENTED_EDGE('',*,*,#5932,.F.);
#7897=ORIENTED_EDGE('',*,*,#5558,.F.);
#7898=ORIENTED_EDGE('',*,*,#5584,.F.);
#7899=ORIENTED_EDGE('',*,*,#5933,.T.);
#7900=ORIENTED_EDGE('',*,*,#5531,.F.);
#7901=ORIENTED_EDGE('',*,*,#5670,.F.);
#7902=ORIENTED_EDGE('',*,*,#5538,.F.);
#7903=ORIENTED_EDGE('',*,*,#5671,.F.);
#7904=ORIENTED_EDGE('',*,*,#5573,.F.);
#7905=ORIENTED_EDGE('',*,*,#5934,.F.);
#7906=ORIENTED_EDGE('',*,*,#5935,.F.);
#7907=ORIENTED_EDGE('',*,*,#5936,.F.);
#7908=ORIENTED_EDGE('',*,*,#5937,.F.);
#7909=ORIENTED_EDGE('',*,*,#5938,.F.);
#7910=ORIENTED_EDGE('',*,*,#5936,.T.);
#7911=ORIENTED_EDGE('',*,*,#5939,.F.);
#7912=ORIENTED_EDGE('',*,*,#5932,.T.);
#7913=ORIENTED_EDGE('',*,*,#5532,.F.);
#7914=ORIENTED_EDGE('',*,*,#5933,.F.);
#7915=ORIENTED_EDGE('',*,*,#5583,.F.);
#7916=ORIENTED_EDGE('',*,*,#5940,.T.);
#7917=ORIENTED_EDGE('',*,*,#5792,.T.);
#7918=ORIENTED_EDGE('',*,*,#5795,.T.);
#7919=ORIENTED_EDGE('',*,*,#5797,.T.);
#7920=ORIENTED_EDGE('',*,*,#5799,.T.);
#7921=ORIENTED_EDGE('',*,*,#5935,.T.);
#7922=ORIENTED_EDGE('',*,*,#5941,.F.);
#7923=ORIENTED_EDGE('',*,*,#5579,.T.);
#7924=ORIENTED_EDGE('',*,*,#5939,.T.);
#7925=ORIENTED_EDGE('',*,*,#5934,.T.);
#7926=ORIENTED_EDGE('',*,*,#5942,.F.);
#7927=ORIENTED_EDGE('',*,*,#5580,.T.);
#7928=ORIENTED_EDGE('',*,*,#5941,.T.);
#7929=ORIENTED_EDGE('',*,*,#5665,.T.);
#7930=ORIENTED_EDGE('',*,*,#5943,.F.);
#7931=ORIENTED_EDGE('',*,*,#5905,.F.);
#7932=ORIENTED_EDGE('',*,*,#5944,.F.);
#7933=ORIENTED_EDGE('',*,*,#5945,.F.);
#7934=ORIENTED_EDGE('',*,*,#5946,.F.);
#7935=ORIENTED_EDGE('',*,*,#5947,.F.);
#7936=ORIENTED_EDGE('',*,*,#5948,.F.);
#7937=ORIENTED_EDGE('',*,*,#5949,.F.);
#7938=ORIENTED_EDGE('',*,*,#5950,.F.);
#7939=ORIENTED_EDGE('',*,*,#5951,.F.);
#7940=ORIENTED_EDGE('',*,*,#5952,.F.);
#7941=ORIENTED_EDGE('',*,*,#5663,.F.);
#7942=ORIENTED_EDGE('',*,*,#5875,.T.);
#7943=ORIENTED_EDGE('',*,*,#5877,.T.);
#7944=ORIENTED_EDGE('',*,*,#5878,.T.);
#7945=ORIENTED_EDGE('',*,*,#5872,.T.);
#7946=ORIENTED_EDGE('',*,*,#5948,.T.);
#7947=ORIENTED_EDGE('',*,*,#5953,.F.);
#7948=ORIENTED_EDGE('',*,*,#5565,.T.);
#7949=ORIENTED_EDGE('',*,*,#5954,.T.);
#7950=ORIENTED_EDGE('',*,*,#5947,.T.);
#7951=ORIENTED_EDGE('',*,*,#5955,.F.);
#7952=ORIENTED_EDGE('',*,*,#5566,.T.);
#7953=ORIENTED_EDGE('',*,*,#5953,.T.);
#7954=ORIENTED_EDGE('',*,*,#5946,.T.);
#7955=ORIENTED_EDGE('',*,*,#5956,.F.);
#7956=ORIENTED_EDGE('',*,*,#5567,.T.);
#7957=ORIENTED_EDGE('',*,*,#5955,.T.);
#7958=ORIENTED_EDGE('',*,*,#5945,.T.);
#7959=ORIENTED_EDGE('',*,*,#5957,.F.);
#7960=ORIENTED_EDGE('',*,*,#5568,.T.);
#7961=ORIENTED_EDGE('',*,*,#5956,.T.);
#7962=ORIENTED_EDGE('',*,*,#5666,.F.);
#7963=ORIENTED_EDGE('',*,*,#5542,.F.);
#7964=ORIENTED_EDGE('',*,*,#5667,.F.);
#7965=ORIENTED_EDGE('',*,*,#5569,.F.);
#7966=ORIENTED_EDGE('',*,*,#5957,.T.);
#7967=ORIENTED_EDGE('',*,*,#5944,.T.);
#7968=ORIENTED_EDGE('',*,*,#5908,.T.);
#7969=ORIENTED_EDGE('',*,*,#5909,.T.);
#7970=ORIENTED_EDGE('',*,*,#5901,.T.);
#7971=ORIENTED_EDGE('',*,*,#5943,.T.);
#7972=ORIENTED_EDGE('',*,*,#5958,.F.);
#7973=ORIENTED_EDGE('',*,*,#5959,.T.);
#7974=ORIENTED_EDGE('',*,*,#5388,.F.);
#7975=ORIENTED_EDGE('',*,*,#5451,.F.);
#7976=ORIENTED_EDGE('',*,*,#5960,.F.);
#7977=ORIENTED_EDGE('',*,*,#5961,.T.);
#7978=ORIENTED_EDGE('',*,*,#5389,.F.);
#7979=ORIENTED_EDGE('',*,*,#5959,.F.);
#7980=ORIENTED_EDGE('',*,*,#5911,.F.);
#7981=ORIENTED_EDGE('',*,*,#5962,.T.);
#7982=ORIENTED_EDGE('',*,*,#5390,.F.);
#7983=ORIENTED_EDGE('',*,*,#5961,.F.);
#7984=ORIENTED_EDGE('',*,*,#5963,.F.);
#7985=ORIENTED_EDGE('',*,*,#5964,.T.);
#7986=ORIENTED_EDGE('',*,*,#5391,.F.);
#7987=ORIENTED_EDGE('',*,*,#5962,.F.);
#7988=ORIENTED_EDGE('',*,*,#5965,.F.);
#7989=ORIENTED_EDGE('',*,*,#5966,.T.);
#7990=ORIENTED_EDGE('',*,*,#5392,.F.);
#7991=ORIENTED_EDGE('',*,*,#5964,.F.);
#7992=ORIENTED_EDGE('',*,*,#5967,.F.);
#7993=ORIENTED_EDGE('',*,*,#5968,.T.);
#7994=ORIENTED_EDGE('',*,*,#5393,.F.);
#7995=ORIENTED_EDGE('',*,*,#5966,.F.);
#7996=ORIENTED_EDGE('',*,*,#5969,.F.);
#7997=ORIENTED_EDGE('',*,*,#5970,.T.);
#7998=ORIENTED_EDGE('',*,*,#5394,.F.);
#7999=ORIENTED_EDGE('',*,*,#5968,.F.);
#8000=ORIENTED_EDGE('',*,*,#5971,.F.);
#8001=ORIENTED_EDGE('',*,*,#5972,.T.);
#8002=ORIENTED_EDGE('',*,*,#5395,.F.);
#8003=ORIENTED_EDGE('',*,*,#5970,.F.);
#8004=ORIENTED_EDGE('',*,*,#5973,.F.);
#8005=ORIENTED_EDGE('',*,*,#5974,.T.);
#8006=ORIENTED_EDGE('',*,*,#5396,.F.);
#8007=ORIENTED_EDGE('',*,*,#5972,.F.);
#8008=ORIENTED_EDGE('',*,*,#5975,.F.);
#8009=ORIENTED_EDGE('',*,*,#5976,.T.);
#8010=ORIENTED_EDGE('',*,*,#5397,.F.);
#8011=ORIENTED_EDGE('',*,*,#5974,.F.);
#8012=ORIENTED_EDGE('',*,*,#5977,.F.);
#8013=ORIENTED_EDGE('',*,*,#5978,.T.);
#8014=ORIENTED_EDGE('',*,*,#5398,.F.);
#8015=ORIENTED_EDGE('',*,*,#5976,.F.);
#8016=ORIENTED_EDGE('',*,*,#5979,.F.);
#8017=ORIENTED_EDGE('',*,*,#5980,.T.);
#8018=ORIENTED_EDGE('',*,*,#5399,.F.);
#8019=ORIENTED_EDGE('',*,*,#5978,.F.);
#8020=ORIENTED_EDGE('',*,*,#5981,.F.);
#8021=ORIENTED_EDGE('',*,*,#5982,.T.);
#8022=ORIENTED_EDGE('',*,*,#5400,.F.);
#8023=ORIENTED_EDGE('',*,*,#5980,.F.);
#8024=ORIENTED_EDGE('',*,*,#5983,.F.);
#8025=ORIENTED_EDGE('',*,*,#5984,.T.);
#8026=ORIENTED_EDGE('',*,*,#5401,.F.);
#8027=ORIENTED_EDGE('',*,*,#5982,.F.);
#8028=ORIENTED_EDGE('',*,*,#5985,.F.);
#8029=ORIENTED_EDGE('',*,*,#5986,.T.);
#8030=ORIENTED_EDGE('',*,*,#5402,.F.);
#8031=ORIENTED_EDGE('',*,*,#5984,.F.);
#8032=ORIENTED_EDGE('',*,*,#5987,.F.);
#8033=ORIENTED_EDGE('',*,*,#5988,.T.);
#8034=ORIENTED_EDGE('',*,*,#5403,.F.);
#8035=ORIENTED_EDGE('',*,*,#5986,.F.);
#8036=ORIENTED_EDGE('',*,*,#5989,.F.);
#8037=ORIENTED_EDGE('',*,*,#5990,.T.);
#8038=ORIENTED_EDGE('',*,*,#5404,.F.);
#8039=ORIENTED_EDGE('',*,*,#5988,.F.);
#8040=ORIENTED_EDGE('',*,*,#5991,.F.);
#8041=ORIENTED_EDGE('',*,*,#5992,.T.);
#8042=ORIENTED_EDGE('',*,*,#5405,.F.);
#8043=ORIENTED_EDGE('',*,*,#5990,.F.);
#8044=ORIENTED_EDGE('',*,*,#5952,.T.);
#8045=ORIENTED_EDGE('',*,*,#5993,.F.);
#8046=ORIENTED_EDGE('',*,*,#5561,.T.);
#8047=ORIENTED_EDGE('',*,*,#5664,.T.);
#8048=ORIENTED_EDGE('',*,*,#5951,.T.);
#8049=ORIENTED_EDGE('',*,*,#5994,.F.);
#8050=ORIENTED_EDGE('',*,*,#5562,.T.);
#8051=ORIENTED_EDGE('',*,*,#5993,.T.);
#8052=ORIENTED_EDGE('',*,*,#5950,.T.);
#8053=ORIENTED_EDGE('',*,*,#5995,.F.);
#8054=ORIENTED_EDGE('',*,*,#5563,.T.);
#8055=ORIENTED_EDGE('',*,*,#5994,.T.);
#8056=ORIENTED_EDGE('',*,*,#5949,.T.);
#8057=ORIENTED_EDGE('',*,*,#5954,.F.);
#8058=ORIENTED_EDGE('',*,*,#5564,.T.);
#8059=ORIENTED_EDGE('',*,*,#5995,.T.);
#8060=ORIENTED_EDGE('',*,*,#5938,.T.);
#8061=ORIENTED_EDGE('',*,*,#5996,.F.);
#8062=ORIENTED_EDGE('',*,*,#5581,.T.);
#8063=ORIENTED_EDGE('',*,*,#5942,.T.);
#8064=ORIENTED_EDGE('',*,*,#5937,.T.);
#8065=ORIENTED_EDGE('',*,*,#5940,.F.);
#8066=ORIENTED_EDGE('',*,*,#5582,.T.);
#8067=ORIENTED_EDGE('',*,*,#5996,.T.);
#8068=ORIENTED_EDGE('',*,*,#5429,.F.);
#8069=ORIENTED_EDGE('',*,*,#5503,.F.);
#8070=ORIENTED_EDGE('',*,*,#5480,.F.);
#8071=ORIENTED_EDGE('',*,*,#5505,.F.);
#8072=ORIENTED_EDGE('',*,*,#5425,.F.);
#8073=ORIENTED_EDGE('',*,*,#5510,.F.);
#8074=ORIENTED_EDGE('',*,*,#5485,.F.);
#8075=ORIENTED_EDGE('',*,*,#5768,.T.);
#8076=ORIENTED_EDGE('',*,*,#5368,.F.);
#8077=ORIENTED_EDGE('',*,*,#5997,.F.);
#8078=ORIENTED_EDGE('',*,*,#5998,.F.);
#8079=ORIENTED_EDGE('',*,*,#5467,.T.);
#8080=ORIENTED_EDGE('',*,*,#5999,.F.);
#8081=ORIENTED_EDGE('',*,*,#5997,.T.);
#8082=ORIENTED_EDGE('',*,*,#5367,.F.);
#8083=ORIENTED_EDGE('',*,*,#5370,.F.);
#8084=ORIENTED_EDGE('',*,*,#6000,.F.);
#8085=ORIENTED_EDGE('',*,*,#6001,.F.);
#8086=ORIENTED_EDGE('',*,*,#6000,.T.);
#8087=ORIENTED_EDGE('',*,*,#5406,.F.);
#8088=ORIENTED_EDGE('',*,*,#5992,.F.);
#8089=ORIENTED_EDGE('',*,*,#5586,.T.);
#8090=ORIENTED_EDGE('',*,*,#6002,.T.);
#8091=ORIENTED_EDGE('',*,*,#6003,.F.);
#8092=ORIENTED_EDGE('',*,*,#6004,.F.);
#8093=ORIENTED_EDGE('',*,*,#5587,.T.);
#8094=ORIENTED_EDGE('',*,*,#6004,.T.);
#8095=ORIENTED_EDGE('',*,*,#6005,.F.);
#8096=ORIENTED_EDGE('',*,*,#6006,.F.);
#8097=ORIENTED_EDGE('',*,*,#5588,.T.);
#8098=ORIENTED_EDGE('',*,*,#6006,.T.);
#8099=ORIENTED_EDGE('',*,*,#6007,.F.);
#8100=ORIENTED_EDGE('',*,*,#6008,.F.);
#8101=ORIENTED_EDGE('',*,*,#5585,.T.);
#8102=ORIENTED_EDGE('',*,*,#6008,.T.);
#8103=ORIENTED_EDGE('',*,*,#6009,.F.);
#8104=ORIENTED_EDGE('',*,*,#6002,.F.);
#8105=ORIENTED_EDGE('',*,*,#5590,.T.);
#8106=ORIENTED_EDGE('',*,*,#6010,.T.);
#8107=ORIENTED_EDGE('',*,*,#6011,.F.);
#8108=ORIENTED_EDGE('',*,*,#6012,.F.);
#8109=ORIENTED_EDGE('',*,*,#5591,.T.);
#8110=ORIENTED_EDGE('',*,*,#6012,.T.);
#8111=ORIENTED_EDGE('',*,*,#6013,.F.);
#8112=ORIENTED_EDGE('',*,*,#6014,.F.);
#8113=ORIENTED_EDGE('',*,*,#5592,.T.);
#8114=ORIENTED_EDGE('',*,*,#6014,.T.);
#8115=ORIENTED_EDGE('',*,*,#6015,.F.);
#8116=ORIENTED_EDGE('',*,*,#6016,.F.);
#8117=ORIENTED_EDGE('',*,*,#5589,.T.);
#8118=ORIENTED_EDGE('',*,*,#6016,.T.);
#8119=ORIENTED_EDGE('',*,*,#6017,.F.);
#8120=ORIENTED_EDGE('',*,*,#6010,.F.);
#8121=ORIENTED_EDGE('',*,*,#5594,.T.);
#8122=ORIENTED_EDGE('',*,*,#6018,.T.);
#8123=ORIENTED_EDGE('',*,*,#6019,.F.);
#8124=ORIENTED_EDGE('',*,*,#6020,.F.);
#8125=ORIENTED_EDGE('',*,*,#5595,.T.);
#8126=ORIENTED_EDGE('',*,*,#6020,.T.);
#8127=ORIENTED_EDGE('',*,*,#6021,.F.);
#8128=ORIENTED_EDGE('',*,*,#6022,.F.);
#8129=ORIENTED_EDGE('',*,*,#5596,.T.);
#8130=ORIENTED_EDGE('',*,*,#6022,.T.);
#8131=ORIENTED_EDGE('',*,*,#6023,.F.);
#8132=ORIENTED_EDGE('',*,*,#6024,.F.);
#8133=ORIENTED_EDGE('',*,*,#5593,.T.);
#8134=ORIENTED_EDGE('',*,*,#6024,.T.);
#8135=ORIENTED_EDGE('',*,*,#6025,.F.);
#8136=ORIENTED_EDGE('',*,*,#6018,.F.);
#8137=ORIENTED_EDGE('',*,*,#5598,.T.);
#8138=ORIENTED_EDGE('',*,*,#6026,.T.);
#8139=ORIENTED_EDGE('',*,*,#6027,.F.);
#8140=ORIENTED_EDGE('',*,*,#6028,.F.);
#8141=ORIENTED_EDGE('',*,*,#5599,.T.);
#8142=ORIENTED_EDGE('',*,*,#6028,.T.);
#8143=ORIENTED_EDGE('',*,*,#6029,.F.);
#8144=ORIENTED_EDGE('',*,*,#6030,.F.);
#8145=ORIENTED_EDGE('',*,*,#5600,.T.);
#8146=ORIENTED_EDGE('',*,*,#6030,.T.);
#8147=ORIENTED_EDGE('',*,*,#6031,.F.);
#8148=ORIENTED_EDGE('',*,*,#6032,.F.);
#8149=ORIENTED_EDGE('',*,*,#5597,.T.);
#8150=ORIENTED_EDGE('',*,*,#6032,.T.);
#8151=ORIENTED_EDGE('',*,*,#6033,.F.);
#8152=ORIENTED_EDGE('',*,*,#6026,.F.);
#8153=ORIENTED_EDGE('',*,*,#5602,.T.);
#8154=ORIENTED_EDGE('',*,*,#6034,.T.);
#8155=ORIENTED_EDGE('',*,*,#6035,.F.);
#8156=ORIENTED_EDGE('',*,*,#6036,.F.);
#8157=ORIENTED_EDGE('',*,*,#5603,.T.);
#8158=ORIENTED_EDGE('',*,*,#6036,.T.);
#8159=ORIENTED_EDGE('',*,*,#6037,.F.);
#8160=ORIENTED_EDGE('',*,*,#6038,.F.);
#8161=ORIENTED_EDGE('',*,*,#5604,.T.);
#8162=ORIENTED_EDGE('',*,*,#6038,.T.);
#8163=ORIENTED_EDGE('',*,*,#6039,.F.);
#8164=ORIENTED_EDGE('',*,*,#6040,.F.);
#8165=ORIENTED_EDGE('',*,*,#5601,.T.);
#8166=ORIENTED_EDGE('',*,*,#6040,.T.);
#8167=ORIENTED_EDGE('',*,*,#6041,.F.);
#8168=ORIENTED_EDGE('',*,*,#6034,.F.);
#8169=ORIENTED_EDGE('',*,*,#5606,.T.);
#8170=ORIENTED_EDGE('',*,*,#6042,.T.);
#8171=ORIENTED_EDGE('',*,*,#6043,.F.);
#8172=ORIENTED_EDGE('',*,*,#6044,.F.);
#8173=ORIENTED_EDGE('',*,*,#5607,.T.);
#8174=ORIENTED_EDGE('',*,*,#6044,.T.);
#8175=ORIENTED_EDGE('',*,*,#6045,.F.);
#8176=ORIENTED_EDGE('',*,*,#6046,.F.);
#8177=ORIENTED_EDGE('',*,*,#5608,.T.);
#8178=ORIENTED_EDGE('',*,*,#6046,.T.);
#8179=ORIENTED_EDGE('',*,*,#6047,.F.);
#8180=ORIENTED_EDGE('',*,*,#6048,.F.);
#8181=ORIENTED_EDGE('',*,*,#5605,.T.);
#8182=ORIENTED_EDGE('',*,*,#6048,.T.);
#8183=ORIENTED_EDGE('',*,*,#6049,.F.);
#8184=ORIENTED_EDGE('',*,*,#6042,.F.);
#8185=ORIENTED_EDGE('',*,*,#5610,.T.);
#8186=ORIENTED_EDGE('',*,*,#6050,.T.);
#8187=ORIENTED_EDGE('',*,*,#6051,.F.);
#8188=ORIENTED_EDGE('',*,*,#6052,.F.);
#8189=ORIENTED_EDGE('',*,*,#5611,.T.);
#8190=ORIENTED_EDGE('',*,*,#6052,.T.);
#8191=ORIENTED_EDGE('',*,*,#6053,.F.);
#8192=ORIENTED_EDGE('',*,*,#6054,.F.);
#8193=ORIENTED_EDGE('',*,*,#5612,.T.);
#8194=ORIENTED_EDGE('',*,*,#6054,.T.);
#8195=ORIENTED_EDGE('',*,*,#6055,.F.);
#8196=ORIENTED_EDGE('',*,*,#6056,.F.);
#8197=ORIENTED_EDGE('',*,*,#5609,.T.);
#8198=ORIENTED_EDGE('',*,*,#6056,.T.);
#8199=ORIENTED_EDGE('',*,*,#6057,.F.);
#8200=ORIENTED_EDGE('',*,*,#6050,.F.);
#8201=ORIENTED_EDGE('',*,*,#5614,.T.);
#8202=ORIENTED_EDGE('',*,*,#6058,.T.);
#8203=ORIENTED_EDGE('',*,*,#6059,.F.);
#8204=ORIENTED_EDGE('',*,*,#6060,.F.);
#8205=ORIENTED_EDGE('',*,*,#5615,.T.);
#8206=ORIENTED_EDGE('',*,*,#6060,.T.);
#8207=ORIENTED_EDGE('',*,*,#6061,.F.);
#8208=ORIENTED_EDGE('',*,*,#6062,.F.);
#8209=ORIENTED_EDGE('',*,*,#5616,.T.);
#8210=ORIENTED_EDGE('',*,*,#6062,.T.);
#8211=ORIENTED_EDGE('',*,*,#6063,.F.);
#8212=ORIENTED_EDGE('',*,*,#6064,.F.);
#8213=ORIENTED_EDGE('',*,*,#5613,.T.);
#8214=ORIENTED_EDGE('',*,*,#6064,.T.);
#8215=ORIENTED_EDGE('',*,*,#6065,.F.);
#8216=ORIENTED_EDGE('',*,*,#6058,.F.);
#8217=ORIENTED_EDGE('',*,*,#5618,.T.);
#8218=ORIENTED_EDGE('',*,*,#6066,.T.);
#8219=ORIENTED_EDGE('',*,*,#6067,.F.);
#8220=ORIENTED_EDGE('',*,*,#6068,.F.);
#8221=ORIENTED_EDGE('',*,*,#5619,.T.);
#8222=ORIENTED_EDGE('',*,*,#6068,.T.);
#8223=ORIENTED_EDGE('',*,*,#6069,.F.);
#8224=ORIENTED_EDGE('',*,*,#6070,.F.);
#8225=ORIENTED_EDGE('',*,*,#5620,.T.);
#8226=ORIENTED_EDGE('',*,*,#6070,.T.);
#8227=ORIENTED_EDGE('',*,*,#6071,.F.);
#8228=ORIENTED_EDGE('',*,*,#6072,.F.);
#8229=ORIENTED_EDGE('',*,*,#5617,.T.);
#8230=ORIENTED_EDGE('',*,*,#6072,.T.);
#8231=ORIENTED_EDGE('',*,*,#6073,.F.);
#8232=ORIENTED_EDGE('',*,*,#6066,.F.);
#8233=ORIENTED_EDGE('',*,*,#5622,.T.);
#8234=ORIENTED_EDGE('',*,*,#6074,.T.);
#8235=ORIENTED_EDGE('',*,*,#6075,.F.);
#8236=ORIENTED_EDGE('',*,*,#6076,.F.);
#8237=ORIENTED_EDGE('',*,*,#5623,.T.);
#8238=ORIENTED_EDGE('',*,*,#6076,.T.);
#8239=ORIENTED_EDGE('',*,*,#6077,.F.);
#8240=ORIENTED_EDGE('',*,*,#6078,.F.);
#8241=ORIENTED_EDGE('',*,*,#5624,.T.);
#8242=ORIENTED_EDGE('',*,*,#6078,.T.);
#8243=ORIENTED_EDGE('',*,*,#6079,.F.);
#8244=ORIENTED_EDGE('',*,*,#6080,.F.);
#8245=ORIENTED_EDGE('',*,*,#5621,.T.);
#8246=ORIENTED_EDGE('',*,*,#6080,.T.);
#8247=ORIENTED_EDGE('',*,*,#6081,.F.);
#8248=ORIENTED_EDGE('',*,*,#6074,.F.);
#8249=ORIENTED_EDGE('',*,*,#5626,.T.);
#8250=ORIENTED_EDGE('',*,*,#6082,.T.);
#8251=ORIENTED_EDGE('',*,*,#6083,.F.);
#8252=ORIENTED_EDGE('',*,*,#6084,.F.);
#8253=ORIENTED_EDGE('',*,*,#5627,.T.);
#8254=ORIENTED_EDGE('',*,*,#6084,.T.);
#8255=ORIENTED_EDGE('',*,*,#6085,.F.);
#8256=ORIENTED_EDGE('',*,*,#6086,.F.);
#8257=ORIENTED_EDGE('',*,*,#5628,.T.);
#8258=ORIENTED_EDGE('',*,*,#6086,.T.);
#8259=ORIENTED_EDGE('',*,*,#6087,.F.);
#8260=ORIENTED_EDGE('',*,*,#6088,.F.);
#8261=ORIENTED_EDGE('',*,*,#5625,.T.);
#8262=ORIENTED_EDGE('',*,*,#6088,.T.);
#8263=ORIENTED_EDGE('',*,*,#6089,.F.);
#8264=ORIENTED_EDGE('',*,*,#6082,.F.);
#8265=ORIENTED_EDGE('',*,*,#5630,.T.);
#8266=ORIENTED_EDGE('',*,*,#6090,.T.);
#8267=ORIENTED_EDGE('',*,*,#6091,.F.);
#8268=ORIENTED_EDGE('',*,*,#6092,.F.);
#8269=ORIENTED_EDGE('',*,*,#5631,.T.);
#8270=ORIENTED_EDGE('',*,*,#6092,.T.);
#8271=ORIENTED_EDGE('',*,*,#6093,.F.);
#8272=ORIENTED_EDGE('',*,*,#6094,.F.);
#8273=ORIENTED_EDGE('',*,*,#5632,.T.);
#8274=ORIENTED_EDGE('',*,*,#6094,.T.);
#8275=ORIENTED_EDGE('',*,*,#6095,.F.);
#8276=ORIENTED_EDGE('',*,*,#6096,.F.);
#8277=ORIENTED_EDGE('',*,*,#5629,.T.);
#8278=ORIENTED_EDGE('',*,*,#6096,.T.);
#8279=ORIENTED_EDGE('',*,*,#6097,.F.);
#8280=ORIENTED_EDGE('',*,*,#6090,.F.);
#8281=ORIENTED_EDGE('',*,*,#5634,.T.);
#8282=ORIENTED_EDGE('',*,*,#6098,.T.);
#8283=ORIENTED_EDGE('',*,*,#6099,.F.);
#8284=ORIENTED_EDGE('',*,*,#6100,.F.);
#8285=ORIENTED_EDGE('',*,*,#5635,.T.);
#8286=ORIENTED_EDGE('',*,*,#6100,.T.);
#8287=ORIENTED_EDGE('',*,*,#6101,.F.);
#8288=ORIENTED_EDGE('',*,*,#6102,.F.);
#8289=ORIENTED_EDGE('',*,*,#5636,.T.);
#8290=ORIENTED_EDGE('',*,*,#6102,.T.);
#8291=ORIENTED_EDGE('',*,*,#6103,.F.);
#8292=ORIENTED_EDGE('',*,*,#6104,.F.);
#8293=ORIENTED_EDGE('',*,*,#5633,.T.);
#8294=ORIENTED_EDGE('',*,*,#6104,.T.);
#8295=ORIENTED_EDGE('',*,*,#6105,.F.);
#8296=ORIENTED_EDGE('',*,*,#6098,.F.);
#8297=ORIENTED_EDGE('',*,*,#5638,.T.);
#8298=ORIENTED_EDGE('',*,*,#6106,.T.);
#8299=ORIENTED_EDGE('',*,*,#6107,.F.);
#8300=ORIENTED_EDGE('',*,*,#6108,.F.);
#8301=ORIENTED_EDGE('',*,*,#5639,.T.);
#8302=ORIENTED_EDGE('',*,*,#6108,.T.);
#8303=ORIENTED_EDGE('',*,*,#6109,.F.);
#8304=ORIENTED_EDGE('',*,*,#6110,.F.);
#8305=ORIENTED_EDGE('',*,*,#5640,.T.);
#8306=ORIENTED_EDGE('',*,*,#6110,.T.);
#8307=ORIENTED_EDGE('',*,*,#6111,.F.);
#8308=ORIENTED_EDGE('',*,*,#6112,.F.);
#8309=ORIENTED_EDGE('',*,*,#5637,.T.);
#8310=ORIENTED_EDGE('',*,*,#6112,.T.);
#8311=ORIENTED_EDGE('',*,*,#6113,.F.);
#8312=ORIENTED_EDGE('',*,*,#6106,.F.);
#8313=ORIENTED_EDGE('',*,*,#5642,.T.);
#8314=ORIENTED_EDGE('',*,*,#6114,.T.);
#8315=ORIENTED_EDGE('',*,*,#6115,.F.);
#8316=ORIENTED_EDGE('',*,*,#6116,.F.);
#8317=ORIENTED_EDGE('',*,*,#5643,.T.);
#8318=ORIENTED_EDGE('',*,*,#6116,.T.);
#8319=ORIENTED_EDGE('',*,*,#6117,.F.);
#8320=ORIENTED_EDGE('',*,*,#6118,.F.);
#8321=ORIENTED_EDGE('',*,*,#5644,.T.);
#8322=ORIENTED_EDGE('',*,*,#6118,.T.);
#8323=ORIENTED_EDGE('',*,*,#6119,.F.);
#8324=ORIENTED_EDGE('',*,*,#6120,.F.);
#8325=ORIENTED_EDGE('',*,*,#5641,.T.);
#8326=ORIENTED_EDGE('',*,*,#6120,.T.);
#8327=ORIENTED_EDGE('',*,*,#6121,.F.);
#8328=ORIENTED_EDGE('',*,*,#6114,.F.);
#8329=ORIENTED_EDGE('',*,*,#5646,.T.);
#8330=ORIENTED_EDGE('',*,*,#6122,.T.);
#8331=ORIENTED_EDGE('',*,*,#6123,.F.);
#8332=ORIENTED_EDGE('',*,*,#6124,.F.);
#8333=ORIENTED_EDGE('',*,*,#5647,.T.);
#8334=ORIENTED_EDGE('',*,*,#6124,.T.);
#8335=ORIENTED_EDGE('',*,*,#6125,.F.);
#8336=ORIENTED_EDGE('',*,*,#6126,.F.);
#8337=ORIENTED_EDGE('',*,*,#5648,.T.);
#8338=ORIENTED_EDGE('',*,*,#6126,.T.);
#8339=ORIENTED_EDGE('',*,*,#6127,.F.);
#8340=ORIENTED_EDGE('',*,*,#6128,.F.);
#8341=ORIENTED_EDGE('',*,*,#5645,.T.);
#8342=ORIENTED_EDGE('',*,*,#6128,.T.);
#8343=ORIENTED_EDGE('',*,*,#6129,.F.);
#8344=ORIENTED_EDGE('',*,*,#6122,.F.);
#8345=ORIENTED_EDGE('',*,*,#5650,.T.);
#8346=ORIENTED_EDGE('',*,*,#6130,.T.);
#8347=ORIENTED_EDGE('',*,*,#6131,.F.);
#8348=ORIENTED_EDGE('',*,*,#6132,.F.);
#8349=ORIENTED_EDGE('',*,*,#5651,.T.);
#8350=ORIENTED_EDGE('',*,*,#6132,.T.);
#8351=ORIENTED_EDGE('',*,*,#6133,.F.);
#8352=ORIENTED_EDGE('',*,*,#6134,.F.);
#8353=ORIENTED_EDGE('',*,*,#5652,.T.);
#8354=ORIENTED_EDGE('',*,*,#6134,.T.);
#8355=ORIENTED_EDGE('',*,*,#6135,.F.);
#8356=ORIENTED_EDGE('',*,*,#6136,.F.);
#8357=ORIENTED_EDGE('',*,*,#5649,.T.);
#8358=ORIENTED_EDGE('',*,*,#6136,.T.);
#8359=ORIENTED_EDGE('',*,*,#6137,.F.);
#8360=ORIENTED_EDGE('',*,*,#6130,.F.);
#8361=ORIENTED_EDGE('',*,*,#5910,.T.);
#8362=ORIENTED_EDGE('',*,*,#5912,.T.);
#8363=ORIENTED_EDGE('',*,*,#5960,.T.);
#8364=ORIENTED_EDGE('',*,*,#5958,.T.);
#8365=ORIENTED_EDGE('',*,*,#5450,.T.);
#8366=ORIENTED_EDGE('',*,*,#5453,.T.);
#8367=ORIENTED_EDGE('',*,*,#5468,.T.);
#8368=ORIENTED_EDGE('',*,*,#5998,.T.);
#8369=ORIENTED_EDGE('',*,*,#5999,.T.);
#8370=ORIENTED_EDGE('',*,*,#6001,.T.);
#8371=ORIENTED_EDGE('',*,*,#5991,.T.);
#8372=ORIENTED_EDGE('',*,*,#5989,.T.);
#8373=ORIENTED_EDGE('',*,*,#5987,.T.);
#8374=ORIENTED_EDGE('',*,*,#5985,.T.);
#8375=ORIENTED_EDGE('',*,*,#5983,.T.);
#8376=ORIENTED_EDGE('',*,*,#5981,.T.);
#8377=ORIENTED_EDGE('',*,*,#5979,.T.);
#8378=ORIENTED_EDGE('',*,*,#5977,.T.);
#8379=ORIENTED_EDGE('',*,*,#5975,.T.);
#8380=ORIENTED_EDGE('',*,*,#5973,.T.);
#8381=ORIENTED_EDGE('',*,*,#5971,.T.);
#8382=ORIENTED_EDGE('',*,*,#5969,.T.);
#8383=ORIENTED_EDGE('',*,*,#5967,.T.);
#8384=ORIENTED_EDGE('',*,*,#5965,.T.);
#8385=ORIENTED_EDGE('',*,*,#5963,.T.);
#8386=ORIENTED_EDGE('',*,*,#5916,.T.);
#8387=ORIENTED_EDGE('',*,*,#5920,.T.);
#8388=ORIENTED_EDGE('',*,*,#5924,.T.);
#8389=ORIENTED_EDGE('',*,*,#6137,.T.);
#8390=ORIENTED_EDGE('',*,*,#6135,.T.);
#8391=ORIENTED_EDGE('',*,*,#6133,.T.);
#8392=ORIENTED_EDGE('',*,*,#6131,.T.);
#8393=ORIENTED_EDGE('',*,*,#6129,.T.);
#8394=ORIENTED_EDGE('',*,*,#6127,.T.);
#8395=ORIENTED_EDGE('',*,*,#6125,.T.);
#8396=ORIENTED_EDGE('',*,*,#6123,.T.);
#8397=ORIENTED_EDGE('',*,*,#6121,.T.);
#8398=ORIENTED_EDGE('',*,*,#6119,.T.);
#8399=ORIENTED_EDGE('',*,*,#6117,.T.);
#8400=ORIENTED_EDGE('',*,*,#6115,.T.);
#8401=ORIENTED_EDGE('',*,*,#6113,.T.);
#8402=ORIENTED_EDGE('',*,*,#6111,.T.);
#8403=ORIENTED_EDGE('',*,*,#6109,.T.);
#8404=ORIENTED_EDGE('',*,*,#6107,.T.);
#8405=ORIENTED_EDGE('',*,*,#6105,.T.);
#8406=ORIENTED_EDGE('',*,*,#6103,.T.);
#8407=ORIENTED_EDGE('',*,*,#6101,.T.);
#8408=ORIENTED_EDGE('',*,*,#6099,.T.);
#8409=ORIENTED_EDGE('',*,*,#6097,.T.);
#8410=ORIENTED_EDGE('',*,*,#6095,.T.);
#8411=ORIENTED_EDGE('',*,*,#6093,.T.);
#8412=ORIENTED_EDGE('',*,*,#6091,.T.);
#8413=ORIENTED_EDGE('',*,*,#6089,.T.);
#8414=ORIENTED_EDGE('',*,*,#6087,.T.);
#8415=ORIENTED_EDGE('',*,*,#6085,.T.);
#8416=ORIENTED_EDGE('',*,*,#6083,.T.);
#8417=ORIENTED_EDGE('',*,*,#6081,.T.);
#8418=ORIENTED_EDGE('',*,*,#6079,.T.);
#8419=ORIENTED_EDGE('',*,*,#6077,.T.);
#8420=ORIENTED_EDGE('',*,*,#6075,.T.);
#8421=ORIENTED_EDGE('',*,*,#6073,.T.);
#8422=ORIENTED_EDGE('',*,*,#6071,.T.);
#8423=ORIENTED_EDGE('',*,*,#6069,.T.);
#8424=ORIENTED_EDGE('',*,*,#6067,.T.);
#8425=ORIENTED_EDGE('',*,*,#6065,.T.);
#8426=ORIENTED_EDGE('',*,*,#6063,.T.);
#8427=ORIENTED_EDGE('',*,*,#6061,.T.);
#8428=ORIENTED_EDGE('',*,*,#6059,.T.);
#8429=ORIENTED_EDGE('',*,*,#6057,.T.);
#8430=ORIENTED_EDGE('',*,*,#6055,.T.);
#8431=ORIENTED_EDGE('',*,*,#6053,.T.);
#8432=ORIENTED_EDGE('',*,*,#6051,.T.);
#8433=ORIENTED_EDGE('',*,*,#6049,.T.);
#8434=ORIENTED_EDGE('',*,*,#6047,.T.);
#8435=ORIENTED_EDGE('',*,*,#6045,.T.);
#8436=ORIENTED_EDGE('',*,*,#6043,.T.);
#8437=ORIENTED_EDGE('',*,*,#6041,.T.);
#8438=ORIENTED_EDGE('',*,*,#6039,.T.);
#8439=ORIENTED_EDGE('',*,*,#6037,.T.);
#8440=ORIENTED_EDGE('',*,*,#6035,.T.);
#8441=ORIENTED_EDGE('',*,*,#6033,.T.);
#8442=ORIENTED_EDGE('',*,*,#6031,.T.);
#8443=ORIENTED_EDGE('',*,*,#6029,.T.);
#8444=ORIENTED_EDGE('',*,*,#6027,.T.);
#8445=ORIENTED_EDGE('',*,*,#6025,.T.);
#8446=ORIENTED_EDGE('',*,*,#6023,.T.);
#8447=ORIENTED_EDGE('',*,*,#6021,.T.);
#8448=ORIENTED_EDGE('',*,*,#6019,.T.);
#8449=ORIENTED_EDGE('',*,*,#6017,.T.);
#8450=ORIENTED_EDGE('',*,*,#6015,.T.);
#8451=ORIENTED_EDGE('',*,*,#6013,.T.);
#8452=ORIENTED_EDGE('',*,*,#6011,.T.);
#8453=ORIENTED_EDGE('',*,*,#6009,.T.);
#8454=ORIENTED_EDGE('',*,*,#6007,.T.);
#8455=ORIENTED_EDGE('',*,*,#6005,.T.);
#8456=ORIENTED_EDGE('',*,*,#6003,.T.);
#8457=ORIENTED_EDGE('',*,*,#6138,.F.);
#8458=ORIENTED_EDGE('',*,*,#6139,.F.);
#8459=ORIENTED_EDGE('',*,*,#6140,.F.);
#8460=ORIENTED_EDGE('',*,*,#6141,.F.);
#8461=ORIENTED_EDGE('',*,*,#6142,.F.);
#8462=ORIENTED_EDGE('',*,*,#6143,.F.);
#8463=ORIENTED_EDGE('',*,*,#6144,.F.);
#8464=ORIENTED_EDGE('',*,*,#6145,.F.);
#8465=ORIENTED_EDGE('',*,*,#6146,.F.);
#8466=ORIENTED_EDGE('',*,*,#6147,.F.);
#8467=ORIENTED_EDGE('',*,*,#6148,.F.);
#8468=ORIENTED_EDGE('',*,*,#6149,.F.);
#8469=ORIENTED_EDGE('',*,*,#6150,.F.);
#8470=ORIENTED_EDGE('',*,*,#6151,.F.);
#8471=ORIENTED_EDGE('',*,*,#6152,.F.);
#8472=ORIENTED_EDGE('',*,*,#6153,.F.);
#8473=ORIENTED_EDGE('',*,*,#6154,.F.);
#8474=ORIENTED_EDGE('',*,*,#6155,.F.);
#8475=ORIENTED_EDGE('',*,*,#6156,.F.);
#8476=ORIENTED_EDGE('',*,*,#6157,.F.);
#8477=ORIENTED_EDGE('',*,*,#6158,.F.);
#8478=ORIENTED_EDGE('',*,*,#6159,.F.);
#8479=ORIENTED_EDGE('',*,*,#6160,.F.);
#8480=ORIENTED_EDGE('',*,*,#6161,.F.);
#8481=ORIENTED_EDGE('',*,*,#6162,.F.);
#8482=ORIENTED_EDGE('',*,*,#6163,.F.);
#8483=ORIENTED_EDGE('',*,*,#6164,.T.);
#8484=ORIENTED_EDGE('',*,*,#6165,.T.);
#8485=ORIENTED_EDGE('',*,*,#6166,.T.);
#8486=ORIENTED_EDGE('',*,*,#6167,.T.);
#8487=ORIENTED_EDGE('',*,*,#6168,.T.);
#8488=ORIENTED_EDGE('',*,*,#6169,.T.);
#8489=ORIENTED_EDGE('',*,*,#6170,.T.);
#8490=ORIENTED_EDGE('',*,*,#6171,.T.);
#8491=ORIENTED_EDGE('',*,*,#6172,.T.);
#8492=ORIENTED_EDGE('',*,*,#6173,.T.);
#8493=ORIENTED_EDGE('',*,*,#6174,.T.);
#8494=ORIENTED_EDGE('',*,*,#6175,.T.);
#8495=ORIENTED_EDGE('',*,*,#6176,.T.);
#8496=ORIENTED_EDGE('',*,*,#6177,.T.);
#8497=ORIENTED_EDGE('',*,*,#6178,.T.);
#8498=ORIENTED_EDGE('',*,*,#6179,.T.);
#8499=ORIENTED_EDGE('',*,*,#6142,.T.);
#8500=ORIENTED_EDGE('',*,*,#6180,.T.);
#8501=ORIENTED_EDGE('',*,*,#6181,.T.);
#8502=ORIENTED_EDGE('',*,*,#6182,.T.);
#8503=ORIENTED_EDGE('',*,*,#6183,.T.);
#8504=ORIENTED_EDGE('',*,*,#6138,.T.);
#8505=ORIENTED_EDGE('',*,*,#6179,.F.);
#8506=ORIENTED_EDGE('',*,*,#6184,.F.);
#8507=ORIENTED_EDGE('',*,*,#6185,.F.);
#8508=ORIENTED_EDGE('',*,*,#6186,.T.);
#8509=ORIENTED_EDGE('',*,*,#6139,.T.);
#8510=ORIENTED_EDGE('',*,*,#6186,.F.);
#8511=ORIENTED_EDGE('',*,*,#6187,.F.);
#8512=ORIENTED_EDGE('',*,*,#6188,.F.);
#8513=ORIENTED_EDGE('',*,*,#6189,.F.);
#8514=ORIENTED_EDGE('',*,*,#6164,.F.);
#8515=ORIENTED_EDGE('',*,*,#6190,.F.);
#8516=ORIENTED_EDGE('',*,*,#6191,.F.);
#8517=ORIENTED_EDGE('',*,*,#6192,.F.);
#8518=ORIENTED_EDGE('',*,*,#6175,.F.);
#8519=ORIENTED_EDGE('',*,*,#6193,.F.);
#8520=ORIENTED_EDGE('',*,*,#6176,.F.);
#8521=ORIENTED_EDGE('',*,*,#6192,.T.);
#8522=ORIENTED_EDGE('',*,*,#6194,.F.);
#8523=ORIENTED_EDGE('',*,*,#6195,.F.);
#8524=ORIENTED_EDGE('',*,*,#6177,.F.);
#8525=ORIENTED_EDGE('',*,*,#6195,.T.);
#8526=ORIENTED_EDGE('',*,*,#6196,.F.);
#8527=ORIENTED_EDGE('',*,*,#6197,.F.);
#8528=ORIENTED_EDGE('',*,*,#6178,.F.);
#8529=ORIENTED_EDGE('',*,*,#6197,.T.);
#8530=ORIENTED_EDGE('',*,*,#6198,.F.);
#8531=ORIENTED_EDGE('',*,*,#6184,.T.);
#8532=ORIENTED_EDGE('',*,*,#6193,.T.);
#8533=ORIENTED_EDGE('',*,*,#6174,.F.);
#8534=ORIENTED_EDGE('',*,*,#6199,.F.);
#8535=ORIENTED_EDGE('',*,*,#6200,.F.);
#8536=ORIENTED_EDGE('',*,*,#6201,.F.);
#8537=ORIENTED_EDGE('',*,*,#6202,.F.);
#8538=ORIENTED_EDGE('',*,*,#6199,.T.);
#8539=ORIENTED_EDGE('',*,*,#6173,.F.);
#8540=ORIENTED_EDGE('',*,*,#6201,.T.);
#8541=ORIENTED_EDGE('',*,*,#6172,.F.);
#8542=ORIENTED_EDGE('',*,*,#6203,.F.);
#8543=ORIENTED_EDGE('',*,*,#6204,.F.);
#8544=ORIENTED_EDGE('',*,*,#6205,.F.);
#8545=ORIENTED_EDGE('',*,*,#6206,.F.);
#8546=ORIENTED_EDGE('',*,*,#6203,.T.);
#8547=ORIENTED_EDGE('',*,*,#6171,.F.);
#8548=ORIENTED_EDGE('',*,*,#6205,.T.);
#8549=ORIENTED_EDGE('',*,*,#6170,.F.);
#8550=ORIENTED_EDGE('',*,*,#6207,.F.);
#8551=ORIENTED_EDGE('',*,*,#6208,.F.);
#8552=ORIENTED_EDGE('',*,*,#6209,.F.);
#8553=ORIENTED_EDGE('',*,*,#6210,.F.);
#8554=ORIENTED_EDGE('',*,*,#6207,.T.);
#8555=ORIENTED_EDGE('',*,*,#6169,.F.);
#8556=ORIENTED_EDGE('',*,*,#6209,.T.);
#8557=ORIENTED_EDGE('',*,*,#6168,.F.);
#8558=ORIENTED_EDGE('',*,*,#6211,.F.);
#8559=ORIENTED_EDGE('',*,*,#6212,.F.);
#8560=ORIENTED_EDGE('',*,*,#6213,.F.);
#8561=ORIENTED_EDGE('',*,*,#6214,.F.);
#8562=ORIENTED_EDGE('',*,*,#6215,.F.);
#8563=ORIENTED_EDGE('',*,*,#6216,.F.);
#8564=ORIENTED_EDGE('',*,*,#6211,.T.);
#8565=ORIENTED_EDGE('',*,*,#6167,.F.);
#8566=ORIENTED_EDGE('',*,*,#6217,.F.);
#8567=ORIENTED_EDGE('',*,*,#6218,.F.);
#8568=ORIENTED_EDGE('',*,*,#6217,.T.);
#8569=ORIENTED_EDGE('',*,*,#6166,.F.);
#8570=ORIENTED_EDGE('',*,*,#6219,.F.);
#8571=ORIENTED_EDGE('',*,*,#6220,.F.);
#8572=ORIENTED_EDGE('',*,*,#6165,.F.);
#8573=ORIENTED_EDGE('',*,*,#6189,.T.);
#8574=ORIENTED_EDGE('',*,*,#6221,.F.);
#8575=ORIENTED_EDGE('',*,*,#6219,.T.);
#8576=ORIENTED_EDGE('',*,*,#6190,.T.);
#8577=ORIENTED_EDGE('',*,*,#6163,.T.);
#8578=ORIENTED_EDGE('',*,*,#6222,.F.);
#8579=ORIENTED_EDGE('',*,*,#6223,.T.);
#8580=ORIENTED_EDGE('',*,*,#6224,.T.);
#8581=ORIENTED_EDGE('',*,*,#6188,.T.);
#8582=ORIENTED_EDGE('',*,*,#6224,.F.);
#8583=ORIENTED_EDGE('',*,*,#6225,.T.);
#8584=ORIENTED_EDGE('',*,*,#6226,.T.);
#8585=ORIENTED_EDGE('',*,*,#6220,.T.);
#8586=ORIENTED_EDGE('',*,*,#6227,.F.);
#8587=ORIENTED_EDGE('',*,*,#6228,.F.);
#8588=ORIENTED_EDGE('',*,*,#6229,.F.);
#8589=ORIENTED_EDGE('',*,*,#6218,.T.);
#8590=ORIENTED_EDGE('',*,*,#6229,.T.);
#8591=ORIENTED_EDGE('',*,*,#6230,.T.);
#8592=ORIENTED_EDGE('',*,*,#6231,.T.);
#8593=ORIENTED_EDGE('',*,*,#6216,.T.);
#8594=ORIENTED_EDGE('',*,*,#6232,.T.);
#8595=ORIENTED_EDGE('',*,*,#6233,.T.);
#8596=ORIENTED_EDGE('',*,*,#6234,.T.);
#8597=ORIENTED_EDGE('',*,*,#6213,.T.);
#8598=ORIENTED_EDGE('',*,*,#6234,.F.);
#8599=ORIENTED_EDGE('',*,*,#6235,.T.);
#8600=ORIENTED_EDGE('',*,*,#6236,.F.);
#8601=ORIENTED_EDGE('',*,*,#6237,.T.);
#8602=ORIENTED_EDGE('',*,*,#6214,.T.);
#8603=ORIENTED_EDGE('',*,*,#6237,.F.);
#8604=ORIENTED_EDGE('',*,*,#6238,.F.);
#8605=ORIENTED_EDGE('',*,*,#6239,.F.);
#8606=ORIENTED_EDGE('',*,*,#6187,.T.);
#8607=ORIENTED_EDGE('',*,*,#6240,.T.);
#8608=ORIENTED_EDGE('',*,*,#6241,.T.);
#8609=ORIENTED_EDGE('',*,*,#6227,.T.);
#8610=ORIENTED_EDGE('',*,*,#6221,.T.);
#8611=ORIENTED_EDGE('',*,*,#6226,.F.);
#8612=ORIENTED_EDGE('',*,*,#6242,.T.);
#8613=ORIENTED_EDGE('',*,*,#6243,.T.);
#8614=ORIENTED_EDGE('',*,*,#6244,.T.);
#8615=ORIENTED_EDGE('',*,*,#6245,.T.);
#8616=ORIENTED_EDGE('',*,*,#6246,.T.);
#8617=ORIENTED_EDGE('',*,*,#6247,.T.);
#8618=ORIENTED_EDGE('',*,*,#6228,.T.);
#8619=ORIENTED_EDGE('',*,*,#6241,.F.);
#8620=ORIENTED_EDGE('',*,*,#6248,.T.);
#8621=ORIENTED_EDGE('',*,*,#6249,.F.);
#8622=ORIENTED_EDGE('',*,*,#6250,.F.);
#8623=ORIENTED_EDGE('',*,*,#6251,.F.);
#8624=ORIENTED_EDGE('',*,*,#6252,.F.);
#8625=ORIENTED_EDGE('',*,*,#6253,.T.);
#8626=ORIENTED_EDGE('',*,*,#6254,.F.);
#8627=ORIENTED_EDGE('',*,*,#6255,.T.);
#8628=ORIENTED_EDGE('',*,*,#6256,.F.);
#8629=ORIENTED_EDGE('',*,*,#6257,.T.);
#8630=ORIENTED_EDGE('',*,*,#6258,.F.);
#8631=ORIENTED_EDGE('',*,*,#6259,.T.);
#8632=ORIENTED_EDGE('',*,*,#6230,.F.);
#8633=ORIENTED_EDGE('',*,*,#6260,.F.);
#8634=ORIENTED_EDGE('',*,*,#6261,.T.);
#8635=ORIENTED_EDGE('',*,*,#6262,.F.);
#8636=ORIENTED_EDGE('',*,*,#6263,.T.);
#8637=ORIENTED_EDGE('',*,*,#6264,.F.);
#8638=ORIENTED_EDGE('',*,*,#6265,.T.);
#8639=ORIENTED_EDGE('',*,*,#6266,.F.);
#8640=ORIENTED_EDGE('',*,*,#6267,.T.);
#8641=ORIENTED_EDGE('',*,*,#6268,.F.);
#8642=ORIENTED_EDGE('',*,*,#6269,.T.);
#8643=ORIENTED_EDGE('',*,*,#6270,.F.);
#8644=ORIENTED_EDGE('',*,*,#6271,.F.);
#8645=ORIENTED_EDGE('',*,*,#6272,.F.);
#8646=ORIENTED_EDGE('',*,*,#6273,.F.);
#8647=ORIENTED_EDGE('',*,*,#6274,.T.);
#8648=ORIENTED_EDGE('',*,*,#6200,.T.);
#8649=ORIENTED_EDGE('',*,*,#6275,.F.);
#8650=ORIENTED_EDGE('',*,*,#6253,.F.);
#8651=ORIENTED_EDGE('',*,*,#6276,.F.);
#8652=ORIENTED_EDGE('',*,*,#6191,.T.);
#8653=ORIENTED_EDGE('',*,*,#6276,.T.);
#8654=ORIENTED_EDGE('',*,*,#6252,.T.);
#8655=ORIENTED_EDGE('',*,*,#6277,.T.);
#8656=ORIENTED_EDGE('',*,*,#6204,.T.);
#8657=ORIENTED_EDGE('',*,*,#6278,.F.);
#8658=ORIENTED_EDGE('',*,*,#6255,.F.);
#8659=ORIENTED_EDGE('',*,*,#6279,.F.);
#8660=ORIENTED_EDGE('',*,*,#6206,.T.);
#8661=ORIENTED_EDGE('',*,*,#6280,.T.);
#8662=ORIENTED_EDGE('',*,*,#6256,.T.);
#8663=ORIENTED_EDGE('',*,*,#6278,.T.);
#8664=ORIENTED_EDGE('',*,*,#6208,.T.);
#8665=ORIENTED_EDGE('',*,*,#6281,.F.);
#8666=ORIENTED_EDGE('',*,*,#6257,.F.);
#8667=ORIENTED_EDGE('',*,*,#6280,.F.);
#8668=ORIENTED_EDGE('',*,*,#6210,.T.);
#8669=ORIENTED_EDGE('',*,*,#6282,.T.);
#8670=ORIENTED_EDGE('',*,*,#6258,.T.);
#8671=ORIENTED_EDGE('',*,*,#6281,.T.);
#8672=ORIENTED_EDGE('',*,*,#6212,.T.);
#8673=ORIENTED_EDGE('',*,*,#6231,.F.);
#8674=ORIENTED_EDGE('',*,*,#6259,.F.);
#8675=ORIENTED_EDGE('',*,*,#6282,.F.);
#8676=ORIENTED_EDGE('',*,*,#6185,.T.);
#8677=ORIENTED_EDGE('',*,*,#6283,.F.);
#8678=ORIENTED_EDGE('',*,*,#6248,.F.);
#8679=ORIENTED_EDGE('',*,*,#6240,.F.);
#8680=ORIENTED_EDGE('',*,*,#6284,.T.);
#8681=ORIENTED_EDGE('',*,*,#6285,.F.);
#8682=ORIENTED_EDGE('',*,*,#6274,.F.);
#8683=ORIENTED_EDGE('',*,*,#6286,.F.);
#8684=ORIENTED_EDGE('',*,*,#6284,.F.);
#8685=ORIENTED_EDGE('',*,*,#6287,.F.);
#8686=ORIENTED_EDGE('',*,*,#6288,.F.);
#8687=ORIENTED_EDGE('',*,*,#6289,.F.);
#8688=ORIENTED_EDGE('',*,*,#6290,.F.);
#8689=ORIENTED_EDGE('',*,*,#6291,.F.);
#8690=ORIENTED_EDGE('',*,*,#6292,.F.);
#8691=ORIENTED_EDGE('',*,*,#6293,.F.);
#8692=ORIENTED_EDGE('',*,*,#6294,.F.);
#8693=ORIENTED_EDGE('',*,*,#6295,.F.);
#8694=ORIENTED_EDGE('',*,*,#6296,.F.);
#8695=ORIENTED_EDGE('',*,*,#6297,.F.);
#8696=ORIENTED_EDGE('',*,*,#6298,.F.);
#8697=ORIENTED_EDGE('',*,*,#6299,.F.);
#8698=ORIENTED_EDGE('',*,*,#6300,.F.);
#8699=ORIENTED_EDGE('',*,*,#6301,.F.);
#8700=ORIENTED_EDGE('',*,*,#6302,.F.);
#8701=ORIENTED_EDGE('',*,*,#6303,.F.);
#8702=ORIENTED_EDGE('',*,*,#6304,.F.);
#8703=ORIENTED_EDGE('',*,*,#6305,.T.);
#8704=ORIENTED_EDGE('',*,*,#6306,.F.);
#8705=ORIENTED_EDGE('',*,*,#6307,.T.);
#8706=ORIENTED_EDGE('',*,*,#6308,.F.);
#8707=ORIENTED_EDGE('',*,*,#6309,.T.);
#8708=ORIENTED_EDGE('',*,*,#6310,.F.);
#8709=ORIENTED_EDGE('',*,*,#6311,.T.);
#8710=ORIENTED_EDGE('',*,*,#6312,.F.);
#8711=ORIENTED_EDGE('',*,*,#6313,.T.);
#8712=ORIENTED_EDGE('',*,*,#6314,.F.);
#8713=ORIENTED_EDGE('',*,*,#6315,.F.);
#8714=ORIENTED_EDGE('',*,*,#6316,.F.);
#8715=ORIENTED_EDGE('',*,*,#6317,.F.);
#8716=ORIENTED_EDGE('',*,*,#6318,.T.);
#8717=ORIENTED_EDGE('',*,*,#6319,.F.);
#8718=ORIENTED_EDGE('',*,*,#6285,.T.);
#8719=ORIENTED_EDGE('',*,*,#6300,.T.);
#8720=ORIENTED_EDGE('',*,*,#6320,.T.);
#8721=ORIENTED_EDGE('',*,*,#6260,.T.);
#8722=ORIENTED_EDGE('',*,*,#6299,.T.);
#8723=ORIENTED_EDGE('',*,*,#6321,.F.);
#8724=ORIENTED_EDGE('',*,*,#6261,.F.);
#8725=ORIENTED_EDGE('',*,*,#6320,.F.);
#8726=ORIENTED_EDGE('',*,*,#6297,.T.);
#8727=ORIENTED_EDGE('',*,*,#6322,.F.);
#8728=ORIENTED_EDGE('',*,*,#6263,.F.);
#8729=ORIENTED_EDGE('',*,*,#6323,.F.);
#8730=ORIENTED_EDGE('',*,*,#6322,.T.);
#8731=ORIENTED_EDGE('',*,*,#6296,.T.);
#8732=ORIENTED_EDGE('',*,*,#6324,.T.);
#8733=ORIENTED_EDGE('',*,*,#6264,.T.);
#8734=ORIENTED_EDGE('',*,*,#6295,.T.);
#8735=ORIENTED_EDGE('',*,*,#6325,.F.);
#8736=ORIENTED_EDGE('',*,*,#6265,.F.);
#8737=ORIENTED_EDGE('',*,*,#6324,.F.);
#8738=ORIENTED_EDGE('',*,*,#6293,.T.);
#8739=ORIENTED_EDGE('',*,*,#6326,.F.);
#8740=ORIENTED_EDGE('',*,*,#6267,.F.);
#8741=ORIENTED_EDGE('',*,*,#6327,.F.);
#8742=ORIENTED_EDGE('',*,*,#6326,.T.);
#8743=ORIENTED_EDGE('',*,*,#6292,.T.);
#8744=ORIENTED_EDGE('',*,*,#6328,.T.);
#8745=ORIENTED_EDGE('',*,*,#6268,.T.);
#8746=ORIENTED_EDGE('',*,*,#6291,.T.);
#8747=ORIENTED_EDGE('',*,*,#6329,.T.);
#8748=ORIENTED_EDGE('',*,*,#6269,.F.);
#8749=ORIENTED_EDGE('',*,*,#6328,.F.);
#8750=ORIENTED_EDGE('',*,*,#6330,.T.);
#8751=ORIENTED_EDGE('',*,*,#6331,.F.);
#8752=ORIENTED_EDGE('',*,*,#6318,.F.);
#8753=ORIENTED_EDGE('',*,*,#6332,.F.);
#8754=ORIENTED_EDGE('',*,*,#6330,.F.);
#8755=ORIENTED_EDGE('',*,*,#6333,.F.);
#8756=ORIENTED_EDGE('',*,*,#6334,.F.);
#8757=ORIENTED_EDGE('',*,*,#6335,.T.);
#8758=ORIENTED_EDGE('',*,*,#6336,.T.);
#8759=ORIENTED_EDGE('',*,*,#6337,.T.);
#8760=ORIENTED_EDGE('',*,*,#6338,.T.);
#8761=ORIENTED_EDGE('',*,*,#6339,.F.);
#8762=ORIENTED_EDGE('',*,*,#6340,.F.);
#8763=ORIENTED_EDGE('',*,*,#6341,.F.);
#8764=ORIENTED_EDGE('',*,*,#6342,.F.);
#8765=ORIENTED_EDGE('',*,*,#6343,.F.);
#8766=ORIENTED_EDGE('',*,*,#6344,.F.);
#8767=ORIENTED_EDGE('',*,*,#6345,.F.);
#8768=ORIENTED_EDGE('',*,*,#6346,.F.);
#8769=ORIENTED_EDGE('',*,*,#6347,.F.);
#8770=ORIENTED_EDGE('',*,*,#6348,.F.);
#8771=ORIENTED_EDGE('',*,*,#6349,.T.);
#8772=ORIENTED_EDGE('',*,*,#6350,.T.);
#8773=ORIENTED_EDGE('',*,*,#6351,.T.);
#8774=ORIENTED_EDGE('',*,*,#6352,.T.);
#8775=ORIENTED_EDGE('',*,*,#6353,.T.);
#8776=ORIENTED_EDGE('',*,*,#6354,.T.);
#8777=ORIENTED_EDGE('',*,*,#6355,.T.);
#8778=ORIENTED_EDGE('',*,*,#6356,.T.);
#8779=ORIENTED_EDGE('',*,*,#6357,.F.);
#8780=ORIENTED_EDGE('',*,*,#6358,.T.);
#8781=ORIENTED_EDGE('',*,*,#6359,.T.);
#8782=ORIENTED_EDGE('',*,*,#6360,.T.);
#8783=ORIENTED_EDGE('',*,*,#6361,.T.);
#8784=ORIENTED_EDGE('',*,*,#6362,.T.);
#8785=ORIENTED_EDGE('',*,*,#6363,.T.);
#8786=ORIENTED_EDGE('',*,*,#6364,.T.);
#8787=ORIENTED_EDGE('',*,*,#6365,.T.);
#8788=ORIENTED_EDGE('',*,*,#6366,.T.);
#8789=ORIENTED_EDGE('',*,*,#6367,.T.);
#8790=ORIENTED_EDGE('',*,*,#6368,.T.);
#8791=ORIENTED_EDGE('',*,*,#6369,.T.);
#8792=ORIENTED_EDGE('',*,*,#6370,.T.);
#8793=ORIENTED_EDGE('',*,*,#6371,.T.);
#8794=ORIENTED_EDGE('',*,*,#6372,.T.);
#8795=ORIENTED_EDGE('',*,*,#6373,.T.);
#8796=ORIENTED_EDGE('',*,*,#6374,.T.);
#8797=ORIENTED_EDGE('',*,*,#6375,.T.);
#8798=ORIENTED_EDGE('',*,*,#6376,.T.);
#8799=ORIENTED_EDGE('',*,*,#6377,.T.);
#8800=ORIENTED_EDGE('',*,*,#6378,.T.);
#8801=ORIENTED_EDGE('',*,*,#6379,.T.);
#8802=ORIENTED_EDGE('',*,*,#6380,.T.);
#8803=ORIENTED_EDGE('',*,*,#6381,.T.);
#8804=ORIENTED_EDGE('',*,*,#6382,.T.);
#8805=ORIENTED_EDGE('',*,*,#6383,.T.);
#8806=ORIENTED_EDGE('',*,*,#6384,.T.);
#8807=ORIENTED_EDGE('',*,*,#6385,.T.);
#8808=ORIENTED_EDGE('',*,*,#6386,.T.);
#8809=ORIENTED_EDGE('',*,*,#6387,.T.);
#8810=ORIENTED_EDGE('',*,*,#6388,.T.);
#8811=ORIENTED_EDGE('',*,*,#6389,.T.);
#8812=ORIENTED_EDGE('',*,*,#6390,.T.);
#8813=ORIENTED_EDGE('',*,*,#6391,.T.);
#8814=ORIENTED_EDGE('',*,*,#6392,.T.);
#8815=ORIENTED_EDGE('',*,*,#6393,.T.);
#8816=ORIENTED_EDGE('',*,*,#6394,.T.);
#8817=ORIENTED_EDGE('',*,*,#6395,.T.);
#8818=ORIENTED_EDGE('',*,*,#6396,.T.);
#8819=ORIENTED_EDGE('',*,*,#6397,.T.);
#8820=ORIENTED_EDGE('',*,*,#6398,.T.);
#8821=ORIENTED_EDGE('',*,*,#6399,.T.);
#8822=ORIENTED_EDGE('',*,*,#6400,.T.);
#8823=ORIENTED_EDGE('',*,*,#6401,.T.);
#8824=ORIENTED_EDGE('',*,*,#6402,.T.);
#8825=ORIENTED_EDGE('',*,*,#6403,.T.);
#8826=ORIENTED_EDGE('',*,*,#6404,.T.);
#8827=ORIENTED_EDGE('',*,*,#6405,.T.);
#8828=ORIENTED_EDGE('',*,*,#6406,.T.);
#8829=ORIENTED_EDGE('',*,*,#6407,.T.);
#8830=ORIENTED_EDGE('',*,*,#6408,.T.);
#8831=ORIENTED_EDGE('',*,*,#6409,.T.);
#8832=ORIENTED_EDGE('',*,*,#6410,.T.);
#8833=ORIENTED_EDGE('',*,*,#6411,.T.);
#8834=ORIENTED_EDGE('',*,*,#6412,.T.);
#8835=ORIENTED_EDGE('',*,*,#6413,.T.);
#8836=ORIENTED_EDGE('',*,*,#6414,.T.);
#8837=ORIENTED_EDGE('',*,*,#6415,.T.);
#8838=ORIENTED_EDGE('',*,*,#6416,.T.);
#8839=ORIENTED_EDGE('',*,*,#6417,.T.);
#8840=ORIENTED_EDGE('',*,*,#6418,.T.);
#8841=ORIENTED_EDGE('',*,*,#6419,.T.);
#8842=ORIENTED_EDGE('',*,*,#6420,.T.);
#8843=ORIENTED_EDGE('',*,*,#6421,.T.);
#8844=ORIENTED_EDGE('',*,*,#6422,.T.);
#8845=ORIENTED_EDGE('',*,*,#6423,.T.);
#8846=ORIENTED_EDGE('',*,*,#6424,.T.);
#8847=ORIENTED_EDGE('',*,*,#6425,.T.);
#8848=ORIENTED_EDGE('',*,*,#6426,.F.);
#8849=ORIENTED_EDGE('',*,*,#6427,.F.);
#8850=ORIENTED_EDGE('',*,*,#6428,.F.);
#8851=ORIENTED_EDGE('',*,*,#6429,.F.);
#8852=ORIENTED_EDGE('',*,*,#6331,.T.);
#8853=ORIENTED_EDGE('',*,*,#6357,.T.);
#8854=ORIENTED_EDGE('',*,*,#6430,.T.);
#8855=ORIENTED_EDGE('',*,*,#6431,.F.);
#8856=ORIENTED_EDGE('',*,*,#6432,.T.);
#8857=ORIENTED_EDGE('',*,*,#6304,.T.);
#8858=ORIENTED_EDGE('',*,*,#6433,.F.);
#8859=ORIENTED_EDGE('',*,*,#6434,.F.);
#8860=ORIENTED_EDGE('',*,*,#6435,.F.);
#8861=ORIENTED_EDGE('',*,*,#6436,.F.);
#8862=ORIENTED_EDGE('',*,*,#6437,.F.);
#8863=ORIENTED_EDGE('',*,*,#6319,.T.);
#8864=ORIENTED_EDGE('',*,*,#6438,.T.);
#8865=ORIENTED_EDGE('',*,*,#6439,.F.);
#8866=ORIENTED_EDGE('',*,*,#6305,.F.);
#8867=ORIENTED_EDGE('',*,*,#6432,.F.);
#8868=ORIENTED_EDGE('',*,*,#6347,.T.);
#8869=ORIENTED_EDGE('',*,*,#6440,.F.);
#8870=ORIENTED_EDGE('',*,*,#6307,.F.);
#8871=ORIENTED_EDGE('',*,*,#6441,.F.);
#8872=ORIENTED_EDGE('',*,*,#6440,.T.);
#8873=ORIENTED_EDGE('',*,*,#6346,.T.);
#8874=ORIENTED_EDGE('',*,*,#6442,.T.);
#8875=ORIENTED_EDGE('',*,*,#6308,.T.);
#8876=ORIENTED_EDGE('',*,*,#6345,.T.);
#8877=ORIENTED_EDGE('',*,*,#6443,.F.);
#8878=ORIENTED_EDGE('',*,*,#6309,.F.);
#8879=ORIENTED_EDGE('',*,*,#6442,.F.);
#8880=ORIENTED_EDGE('',*,*,#6343,.T.);
#8881=ORIENTED_EDGE('',*,*,#6444,.F.);
#8882=ORIENTED_EDGE('',*,*,#6311,.F.);
#8883=ORIENTED_EDGE('',*,*,#6445,.F.);
#8884=ORIENTED_EDGE('',*,*,#6444,.T.);
#8885=ORIENTED_EDGE('',*,*,#6342,.T.);
#8886=ORIENTED_EDGE('',*,*,#6446,.T.);
#8887=ORIENTED_EDGE('',*,*,#6312,.T.);
#8888=ORIENTED_EDGE('',*,*,#6341,.T.);
#8889=ORIENTED_EDGE('',*,*,#6447,.T.);
#8890=ORIENTED_EDGE('',*,*,#6313,.F.);
#8891=ORIENTED_EDGE('',*,*,#6446,.F.);
#8892=ORIENTED_EDGE('',*,*,#6448,.F.);
#8893=ORIENTED_EDGE('',*,*,#6449,.F.);
#8894=ORIENTED_EDGE('',*,*,#6450,.F.);
#8895=ORIENTED_EDGE('',*,*,#6451,.F.);
#8896=ORIENTED_EDGE('',*,*,#6452,.F.);
#8897=ORIENTED_EDGE('',*,*,#6449,.T.);
#8898=ORIENTED_EDGE('',*,*,#6453,.F.);
#8899=ORIENTED_EDGE('',*,*,#6454,.F.);
#8900=ORIENTED_EDGE('',*,*,#6455,.F.);
#8901=ORIENTED_EDGE('',*,*,#6454,.T.);
#8902=ORIENTED_EDGE('',*,*,#6456,.F.);
#8903=ORIENTED_EDGE('',*,*,#6457,.F.);
#8904=ORIENTED_EDGE('',*,*,#6458,.F.);
#8905=ORIENTED_EDGE('',*,*,#6457,.T.);
#8906=ORIENTED_EDGE('',*,*,#6459,.F.);
#8907=ORIENTED_EDGE('',*,*,#6460,.F.);
#8908=ORIENTED_EDGE('',*,*,#6461,.F.);
#8909=ORIENTED_EDGE('',*,*,#6460,.T.);
#8910=ORIENTED_EDGE('',*,*,#6462,.F.);
#8911=ORIENTED_EDGE('',*,*,#6463,.F.);
#8912=ORIENTED_EDGE('',*,*,#6464,.F.);
#8913=ORIENTED_EDGE('',*,*,#6463,.T.);
#8914=ORIENTED_EDGE('',*,*,#6465,.F.);
#8915=ORIENTED_EDGE('',*,*,#6466,.F.);
#8916=ORIENTED_EDGE('',*,*,#6194,.T.);
#8917=ORIENTED_EDGE('',*,*,#6277,.F.);
#8918=ORIENTED_EDGE('',*,*,#6251,.T.);
#8919=ORIENTED_EDGE('',*,*,#6467,.T.);
#8920=ORIENTED_EDGE('',*,*,#6464,.T.);
#8921=ORIENTED_EDGE('',*,*,#6468,.F.);
#8922=ORIENTED_EDGE('',*,*,#6469,.T.);
#8923=ORIENTED_EDGE('',*,*,#6470,.T.);
#8924=ORIENTED_EDGE('',*,*,#6471,.T.);
#8925=ORIENTED_EDGE('',*,*,#6472,.F.);
#8926=ORIENTED_EDGE('',*,*,#6473,.T.);
#8927=ORIENTED_EDGE('',*,*,#6474,.T.);
#8928=ORIENTED_EDGE('',*,*,#6475,.T.);
#8929=ORIENTED_EDGE('',*,*,#6476,.T.);
#8930=ORIENTED_EDGE('',*,*,#6477,.T.);
#8931=ORIENTED_EDGE('',*,*,#6478,.T.);
#8932=ORIENTED_EDGE('',*,*,#6479,.F.);
#8933=ORIENTED_EDGE('',*,*,#6480,.T.);
#8934=ORIENTED_EDGE('',*,*,#6481,.T.);
#8935=ORIENTED_EDGE('',*,*,#6482,.T.);
#8936=ORIENTED_EDGE('',*,*,#6483,.F.);
#8937=ORIENTED_EDGE('',*,*,#6450,.T.);
#8938=ORIENTED_EDGE('',*,*,#6452,.T.);
#8939=ORIENTED_EDGE('',*,*,#6455,.T.);
#8940=ORIENTED_EDGE('',*,*,#6458,.T.);
#8941=ORIENTED_EDGE('',*,*,#6461,.T.);
#8942=ORIENTED_EDGE('',*,*,#6451,.T.);
#8943=ORIENTED_EDGE('',*,*,#6483,.T.);
#8944=ORIENTED_EDGE('',*,*,#6484,.T.);
#8945=ORIENTED_EDGE('',*,*,#6485,.T.);
#8946=ORIENTED_EDGE('',*,*,#6486,.F.);
#8947=ORIENTED_EDGE('',*,*,#6487,.F.);
#8948=ORIENTED_EDGE('',*,*,#6488,.F.);
#8949=ORIENTED_EDGE('',*,*,#6489,.F.);
#8950=ORIENTED_EDGE('',*,*,#6480,.F.);
#8951=ORIENTED_EDGE('',*,*,#6490,.F.);
#8952=ORIENTED_EDGE('',*,*,#6491,.F.);
#8953=ORIENTED_EDGE('',*,*,#6492,.F.);
#8954=ORIENTED_EDGE('',*,*,#6481,.F.);
#8955=ORIENTED_EDGE('',*,*,#6489,.T.);
#8956=ORIENTED_EDGE('',*,*,#6482,.F.);
#8957=ORIENTED_EDGE('',*,*,#6492,.T.);
#8958=ORIENTED_EDGE('',*,*,#6493,.F.);
#8959=ORIENTED_EDGE('',*,*,#6484,.F.);
#8960=ORIENTED_EDGE('',*,*,#6494,.F.);
#8961=ORIENTED_EDGE('',*,*,#6495,.F.);
#8962=ORIENTED_EDGE('',*,*,#6469,.F.);
#8963=ORIENTED_EDGE('',*,*,#6496,.F.);
#8964=ORIENTED_EDGE('',*,*,#6470,.F.);
#8965=ORIENTED_EDGE('',*,*,#6495,.T.);
#8966=ORIENTED_EDGE('',*,*,#6497,.F.);
#8967=ORIENTED_EDGE('',*,*,#6498,.F.);
#8968=ORIENTED_EDGE('',*,*,#6471,.F.);
#8969=ORIENTED_EDGE('',*,*,#6498,.T.);
#8970=ORIENTED_EDGE('',*,*,#6499,.F.);
#8971=ORIENTED_EDGE('',*,*,#6500,.F.);
#8972=ORIENTED_EDGE('',*,*,#6500,.T.);
#8973=ORIENTED_EDGE('',*,*,#6501,.T.);
#8974=ORIENTED_EDGE('',*,*,#6502,.F.);
#8975=ORIENTED_EDGE('',*,*,#6503,.F.);
#8976=ORIENTED_EDGE('',*,*,#6504,.T.);
#8977=ORIENTED_EDGE('',*,*,#6472,.T.);
#8978=ORIENTED_EDGE('',*,*,#6505,.F.);
#8979=ORIENTED_EDGE('',*,*,#6506,.F.);
#8980=ORIENTED_EDGE('',*,*,#6473,.F.);
#8981=ORIENTED_EDGE('',*,*,#6504,.F.);
#8982=ORIENTED_EDGE('',*,*,#6474,.F.);
#8983=ORIENTED_EDGE('',*,*,#6506,.T.);
#8984=ORIENTED_EDGE('',*,*,#6507,.F.);
#8985=ORIENTED_EDGE('',*,*,#6508,.F.);
#8986=ORIENTED_EDGE('',*,*,#6509,.F.);
#8987=ORIENTED_EDGE('',*,*,#6510,.F.);
#8988=ORIENTED_EDGE('',*,*,#6475,.F.);
#8989=ORIENTED_EDGE('',*,*,#6508,.T.);
#8990=ORIENTED_EDGE('',*,*,#6511,.F.);
#8991=ORIENTED_EDGE('',*,*,#6512,.F.);
#8992=ORIENTED_EDGE('',*,*,#6476,.F.);
#8993=ORIENTED_EDGE('',*,*,#6510,.T.);
#8994=ORIENTED_EDGE('',*,*,#6513,.F.);
#8995=ORIENTED_EDGE('',*,*,#6514,.F.);
#8996=ORIENTED_EDGE('',*,*,#6477,.F.);
#8997=ORIENTED_EDGE('',*,*,#6512,.T.);
#8998=ORIENTED_EDGE('',*,*,#6478,.F.);
#8999=ORIENTED_EDGE('',*,*,#6514,.T.);
#9000=ORIENTED_EDGE('',*,*,#6515,.F.);
#9001=ORIENTED_EDGE('',*,*,#6516,.F.);
#9002=ORIENTED_EDGE('',*,*,#6517,.F.);
#9003=ORIENTED_EDGE('',*,*,#6518,.F.);
#9004=ORIENTED_EDGE('',*,*,#6519,.F.);
#9005=ORIENTED_EDGE('',*,*,#6520,.F.);
#9006=ORIENTED_EDGE('',*,*,#6521,.F.);
#9007=ORIENTED_EDGE('',*,*,#6518,.T.);
#9008=ORIENTED_EDGE('',*,*,#6522,.F.);
#9009=ORIENTED_EDGE('',*,*,#6523,.F.);
#9010=ORIENTED_EDGE('',*,*,#6524,.F.);
#9011=ORIENTED_EDGE('',*,*,#6523,.T.);
#9012=ORIENTED_EDGE('',*,*,#6525,.F.);
#9013=ORIENTED_EDGE('',*,*,#6526,.F.);
#9014=ORIENTED_EDGE('',*,*,#6527,.F.);
#9015=ORIENTED_EDGE('',*,*,#6526,.T.);
#9016=ORIENTED_EDGE('',*,*,#6528,.F.);
#9017=ORIENTED_EDGE('',*,*,#6529,.F.);
#9018=ORIENTED_EDGE('',*,*,#6530,.F.);
#9019=ORIENTED_EDGE('',*,*,#6529,.T.);
#9020=ORIENTED_EDGE('',*,*,#6531,.F.);
#9021=ORIENTED_EDGE('',*,*,#6532,.F.);
#9022=ORIENTED_EDGE('',*,*,#6533,.F.);
#9023=ORIENTED_EDGE('',*,*,#6532,.T.);
#9024=ORIENTED_EDGE('',*,*,#6534,.F.);
#9025=ORIENTED_EDGE('',*,*,#6535,.F.);
#9026=ORIENTED_EDGE('',*,*,#6535,.T.);
#9027=ORIENTED_EDGE('',*,*,#6536,.T.);
#9028=ORIENTED_EDGE('',*,*,#6537,.F.);
#9029=ORIENTED_EDGE('',*,*,#6538,.F.);
#9030=ORIENTED_EDGE('',*,*,#6539,.T.);
#9031=ORIENTED_EDGE('',*,*,#6540,.T.);
#9032=ORIENTED_EDGE('',*,*,#6196,.T.);
#9033=ORIENTED_EDGE('',*,*,#6467,.F.);
#9034=ORIENTED_EDGE('',*,*,#6250,.T.);
#9035=ORIENTED_EDGE('',*,*,#6541,.T.);
#9036=ORIENTED_EDGE('',*,*,#6542,.F.);
#9037=ORIENTED_EDGE('',*,*,#6543,.F.);
#9038=ORIENTED_EDGE('',*,*,#6544,.F.);
#9039=ORIENTED_EDGE('',*,*,#6545,.F.);
#9040=ORIENTED_EDGE('',*,*,#6533,.T.);
#9041=ORIENTED_EDGE('',*,*,#6540,.F.);
#9042=ORIENTED_EDGE('',*,*,#6546,.T.);
#9043=ORIENTED_EDGE('',*,*,#6547,.T.);
#9044=ORIENTED_EDGE('',*,*,#6548,.T.);
#9045=ORIENTED_EDGE('',*,*,#6549,.T.);
#9046=ORIENTED_EDGE('',*,*,#6550,.T.);
#9047=ORIENTED_EDGE('',*,*,#6551,.T.);
#9048=ORIENTED_EDGE('',*,*,#6552,.F.);
#9049=ORIENTED_EDGE('',*,*,#6519,.T.);
#9050=ORIENTED_EDGE('',*,*,#6521,.T.);
#9051=ORIENTED_EDGE('',*,*,#6524,.T.);
#9052=ORIENTED_EDGE('',*,*,#6527,.T.);
#9053=ORIENTED_EDGE('',*,*,#6530,.T.);
#9054=ORIENTED_EDGE('',*,*,#6553,.F.);
#9055=ORIENTED_EDGE('',*,*,#6554,.F.);
#9056=ORIENTED_EDGE('',*,*,#6546,.F.);
#9057=ORIENTED_EDGE('',*,*,#6539,.F.);
#9058=ORIENTED_EDGE('',*,*,#6547,.F.);
#9059=ORIENTED_EDGE('',*,*,#6554,.T.);
#9060=ORIENTED_EDGE('',*,*,#6555,.F.);
#9061=ORIENTED_EDGE('',*,*,#6556,.F.);
#9062=ORIENTED_EDGE('',*,*,#6548,.F.);
#9063=ORIENTED_EDGE('',*,*,#6556,.T.);
#9064=ORIENTED_EDGE('',*,*,#6557,.F.);
#9065=ORIENTED_EDGE('',*,*,#6558,.F.);
#9066=ORIENTED_EDGE('',*,*,#6559,.F.);
#9067=ORIENTED_EDGE('',*,*,#6560,.F.);
#9068=ORIENTED_EDGE('',*,*,#6549,.F.);
#9069=ORIENTED_EDGE('',*,*,#6558,.T.);
#9070=ORIENTED_EDGE('',*,*,#6561,.F.);
#9071=ORIENTED_EDGE('',*,*,#6562,.F.);
#9072=ORIENTED_EDGE('',*,*,#6550,.F.);
#9073=ORIENTED_EDGE('',*,*,#6560,.T.);
#9074=ORIENTED_EDGE('',*,*,#6551,.F.);
#9075=ORIENTED_EDGE('',*,*,#6562,.T.);
#9076=ORIENTED_EDGE('',*,*,#6563,.F.);
#9077=ORIENTED_EDGE('',*,*,#6564,.F.);
#9078=ORIENTED_EDGE('',*,*,#6565,.T.);
#9079=ORIENTED_EDGE('',*,*,#6566,.F.);
#9080=ORIENTED_EDGE('',*,*,#6542,.T.);
#9081=ORIENTED_EDGE('',*,*,#6567,.T.);
#9082=ORIENTED_EDGE('',*,*,#6568,.T.);
#9083=ORIENTED_EDGE('',*,*,#6569,.F.);
#9084=ORIENTED_EDGE('',*,*,#6543,.T.);
#9085=ORIENTED_EDGE('',*,*,#6566,.T.);
#9086=ORIENTED_EDGE('',*,*,#6570,.T.);
#9087=ORIENTED_EDGE('',*,*,#6571,.F.);
#9088=ORIENTED_EDGE('',*,*,#6544,.T.);
#9089=ORIENTED_EDGE('',*,*,#6569,.T.);
#9090=ORIENTED_EDGE('',*,*,#6572,.T.);
#9091=ORIENTED_EDGE('',*,*,#6567,.F.);
#9092=ORIENTED_EDGE('',*,*,#6545,.T.);
#9093=ORIENTED_EDGE('',*,*,#6571,.T.);
#9094=ORIENTED_EDGE('',*,*,#6553,.T.);
#9095=ORIENTED_EDGE('',*,*,#6538,.T.);
#9096=ORIENTED_EDGE('',*,*,#6573,.F.);
#9097=ORIENTED_EDGE('',*,*,#6574,.F.);
#9098=ORIENTED_EDGE('',*,*,#6555,.T.);
#9099=ORIENTED_EDGE('',*,*,#6574,.T.);
#9100=ORIENTED_EDGE('',*,*,#6575,.F.);
#9101=ORIENTED_EDGE('',*,*,#6576,.F.);
#9102=ORIENTED_EDGE('',*,*,#6557,.T.);
#9103=ORIENTED_EDGE('',*,*,#6576,.T.);
#9104=ORIENTED_EDGE('',*,*,#6577,.F.);
#9105=ORIENTED_EDGE('',*,*,#6578,.F.);
#9106=ORIENTED_EDGE('',*,*,#6559,.T.);
#9107=ORIENTED_EDGE('',*,*,#6578,.T.);
#9108=ORIENTED_EDGE('',*,*,#6579,.F.);
#9109=ORIENTED_EDGE('',*,*,#6580,.F.);
#9110=ORIENTED_EDGE('',*,*,#6561,.T.);
#9111=ORIENTED_EDGE('',*,*,#6580,.T.);
#9112=ORIENTED_EDGE('',*,*,#6581,.F.);
#9113=ORIENTED_EDGE('',*,*,#6582,.F.);
#9114=ORIENTED_EDGE('',*,*,#6563,.T.);
#9115=ORIENTED_EDGE('',*,*,#6582,.T.);
#9116=ORIENTED_EDGE('',*,*,#6583,.F.);
#9117=ORIENTED_EDGE('',*,*,#6584,.F.);
#9118=ORIENTED_EDGE('',*,*,#6520,.T.);
#9119=ORIENTED_EDGE('',*,*,#6552,.T.);
#9120=ORIENTED_EDGE('',*,*,#6564,.T.);
#9121=ORIENTED_EDGE('',*,*,#6584,.T.);
#9122=ORIENTED_EDGE('',*,*,#6585,.F.);
#9123=ORIENTED_EDGE('',*,*,#6586,.F.);
#9124=ORIENTED_EDGE('',*,*,#6517,.T.);
#9125=ORIENTED_EDGE('',*,*,#6586,.T.);
#9126=ORIENTED_EDGE('',*,*,#6587,.F.);
#9127=ORIENTED_EDGE('',*,*,#6588,.F.);
#9128=ORIENTED_EDGE('',*,*,#6522,.T.);
#9129=ORIENTED_EDGE('',*,*,#6588,.T.);
#9130=ORIENTED_EDGE('',*,*,#6589,.F.);
#9131=ORIENTED_EDGE('',*,*,#6590,.F.);
#9132=ORIENTED_EDGE('',*,*,#6525,.T.);
#9133=ORIENTED_EDGE('',*,*,#6590,.T.);
#9134=ORIENTED_EDGE('',*,*,#6591,.F.);
#9135=ORIENTED_EDGE('',*,*,#6592,.F.);
#9136=ORIENTED_EDGE('',*,*,#6528,.T.);
#9137=ORIENTED_EDGE('',*,*,#6592,.T.);
#9138=ORIENTED_EDGE('',*,*,#6593,.F.);
#9139=ORIENTED_EDGE('',*,*,#6594,.F.);
#9140=ORIENTED_EDGE('',*,*,#6531,.T.);
#9141=ORIENTED_EDGE('',*,*,#6594,.T.);
#9142=ORIENTED_EDGE('',*,*,#6595,.F.);
#9143=ORIENTED_EDGE('',*,*,#6596,.F.);
#9144=ORIENTED_EDGE('',*,*,#6534,.T.);
#9145=ORIENTED_EDGE('',*,*,#6596,.T.);
#9146=ORIENTED_EDGE('',*,*,#6597,.F.);
#9147=ORIENTED_EDGE('',*,*,#6536,.F.);
#9148=ORIENTED_EDGE('',*,*,#6597,.T.);
#9149=ORIENTED_EDGE('',*,*,#6595,.T.);
#9150=ORIENTED_EDGE('',*,*,#6593,.T.);
#9151=ORIENTED_EDGE('',*,*,#6591,.T.);
#9152=ORIENTED_EDGE('',*,*,#6589,.T.);
#9153=ORIENTED_EDGE('',*,*,#6587,.T.);
#9154=ORIENTED_EDGE('',*,*,#6585,.T.);
#9155=ORIENTED_EDGE('',*,*,#6583,.T.);
#9156=ORIENTED_EDGE('',*,*,#6581,.T.);
#9157=ORIENTED_EDGE('',*,*,#6579,.T.);
#9158=ORIENTED_EDGE('',*,*,#6577,.T.);
#9159=ORIENTED_EDGE('',*,*,#6575,.T.);
#9160=ORIENTED_EDGE('',*,*,#6573,.T.);
#9161=ORIENTED_EDGE('',*,*,#6537,.T.);
#9162=ORIENTED_EDGE('',*,*,#6466,.T.);
#9163=ORIENTED_EDGE('',*,*,#6598,.T.);
#9164=ORIENTED_EDGE('',*,*,#6599,.F.);
#9165=ORIENTED_EDGE('',*,*,#6600,.F.);
#9166=ORIENTED_EDGE('',*,*,#6496,.T.);
#9167=ORIENTED_EDGE('',*,*,#6468,.T.);
#9168=ORIENTED_EDGE('',*,*,#6494,.T.);
#9169=ORIENTED_EDGE('',*,*,#6600,.T.);
#9170=ORIENTED_EDGE('',*,*,#6601,.F.);
#9171=ORIENTED_EDGE('',*,*,#6602,.F.);
#9172=ORIENTED_EDGE('',*,*,#6497,.T.);
#9173=ORIENTED_EDGE('',*,*,#6602,.T.);
#9174=ORIENTED_EDGE('',*,*,#6603,.F.);
#9175=ORIENTED_EDGE('',*,*,#6604,.F.);
#9176=ORIENTED_EDGE('',*,*,#6499,.T.);
#9177=ORIENTED_EDGE('',*,*,#6604,.T.);
#9178=ORIENTED_EDGE('',*,*,#6605,.F.);
#9179=ORIENTED_EDGE('',*,*,#6501,.F.);
#9180=ORIENTED_EDGE('',*,*,#6505,.T.);
#9181=ORIENTED_EDGE('',*,*,#6503,.T.);
#9182=ORIENTED_EDGE('',*,*,#6606,.F.);
#9183=ORIENTED_EDGE('',*,*,#6607,.F.);
#9184=ORIENTED_EDGE('',*,*,#6507,.T.);
#9185=ORIENTED_EDGE('',*,*,#6607,.T.);
#9186=ORIENTED_EDGE('',*,*,#6608,.F.);
#9187=ORIENTED_EDGE('',*,*,#6609,.F.);
#9188=ORIENTED_EDGE('',*,*,#6509,.T.);
#9189=ORIENTED_EDGE('',*,*,#6609,.T.);
#9190=ORIENTED_EDGE('',*,*,#6610,.F.);
#9191=ORIENTED_EDGE('',*,*,#6611,.F.);
#9192=ORIENTED_EDGE('',*,*,#6511,.T.);
#9193=ORIENTED_EDGE('',*,*,#6611,.T.);
#9194=ORIENTED_EDGE('',*,*,#6612,.F.);
#9195=ORIENTED_EDGE('',*,*,#6613,.F.);
#9196=ORIENTED_EDGE('',*,*,#6513,.T.);
#9197=ORIENTED_EDGE('',*,*,#6613,.T.);
#9198=ORIENTED_EDGE('',*,*,#6614,.F.);
#9199=ORIENTED_EDGE('',*,*,#6615,.F.);
#9200=ORIENTED_EDGE('',*,*,#6515,.T.);
#9201=ORIENTED_EDGE('',*,*,#6615,.T.);
#9202=ORIENTED_EDGE('',*,*,#6616,.F.);
#9203=ORIENTED_EDGE('',*,*,#6617,.F.);
#9204=ORIENTED_EDGE('',*,*,#6490,.T.);
#9205=ORIENTED_EDGE('',*,*,#6479,.T.);
#9206=ORIENTED_EDGE('',*,*,#6516,.T.);
#9207=ORIENTED_EDGE('',*,*,#6617,.T.);
#9208=ORIENTED_EDGE('',*,*,#6618,.F.);
#9209=ORIENTED_EDGE('',*,*,#6619,.F.);
#9210=ORIENTED_EDGE('',*,*,#6488,.T.);
#9211=ORIENTED_EDGE('',*,*,#6619,.T.);
#9212=ORIENTED_EDGE('',*,*,#6620,.F.);
#9213=ORIENTED_EDGE('',*,*,#6621,.F.);
#9214=ORIENTED_EDGE('',*,*,#6491,.T.);
#9215=ORIENTED_EDGE('',*,*,#6621,.T.);
#9216=ORIENTED_EDGE('',*,*,#6622,.F.);
#9217=ORIENTED_EDGE('',*,*,#6623,.F.);
#9218=ORIENTED_EDGE('',*,*,#6493,.T.);
#9219=ORIENTED_EDGE('',*,*,#6623,.T.);
#9220=ORIENTED_EDGE('',*,*,#6624,.F.);
#9221=ORIENTED_EDGE('',*,*,#6485,.F.);
#9222=ORIENTED_EDGE('',*,*,#6448,.T.);
#9223=ORIENTED_EDGE('',*,*,#6487,.T.);
#9224=ORIENTED_EDGE('',*,*,#6625,.F.);
#9225=ORIENTED_EDGE('',*,*,#6626,.F.);
#9226=ORIENTED_EDGE('',*,*,#6453,.T.);
#9227=ORIENTED_EDGE('',*,*,#6626,.T.);
#9228=ORIENTED_EDGE('',*,*,#6627,.F.);
#9229=ORIENTED_EDGE('',*,*,#6628,.F.);
#9230=ORIENTED_EDGE('',*,*,#6456,.T.);
#9231=ORIENTED_EDGE('',*,*,#6628,.T.);
#9232=ORIENTED_EDGE('',*,*,#6629,.F.);
#9233=ORIENTED_EDGE('',*,*,#6630,.F.);
#9234=ORIENTED_EDGE('',*,*,#6459,.T.);
#9235=ORIENTED_EDGE('',*,*,#6630,.T.);
#9236=ORIENTED_EDGE('',*,*,#6631,.F.);
#9237=ORIENTED_EDGE('',*,*,#6632,.F.);
#9238=ORIENTED_EDGE('',*,*,#6462,.T.);
#9239=ORIENTED_EDGE('',*,*,#6632,.T.);
#9240=ORIENTED_EDGE('',*,*,#6633,.F.);
#9241=ORIENTED_EDGE('',*,*,#6634,.F.);
#9242=ORIENTED_EDGE('',*,*,#6465,.T.);
#9243=ORIENTED_EDGE('',*,*,#6634,.T.);
#9244=ORIENTED_EDGE('',*,*,#6635,.F.);
#9245=ORIENTED_EDGE('',*,*,#6598,.F.);
#9246=ORIENTED_EDGE('',*,*,#6635,.T.);
#9247=ORIENTED_EDGE('',*,*,#6633,.T.);
#9248=ORIENTED_EDGE('',*,*,#6631,.T.);
#9249=ORIENTED_EDGE('',*,*,#6629,.T.);
#9250=ORIENTED_EDGE('',*,*,#6627,.T.);
#9251=ORIENTED_EDGE('',*,*,#6625,.T.);
#9252=ORIENTED_EDGE('',*,*,#6486,.T.);
#9253=ORIENTED_EDGE('',*,*,#6624,.T.);
#9254=ORIENTED_EDGE('',*,*,#6622,.T.);
#9255=ORIENTED_EDGE('',*,*,#6620,.T.);
#9256=ORIENTED_EDGE('',*,*,#6618,.T.);
#9257=ORIENTED_EDGE('',*,*,#6616,.T.);
#9258=ORIENTED_EDGE('',*,*,#6614,.T.);
#9259=ORIENTED_EDGE('',*,*,#6612,.T.);
#9260=ORIENTED_EDGE('',*,*,#6610,.T.);
#9261=ORIENTED_EDGE('',*,*,#6608,.T.);
#9262=ORIENTED_EDGE('',*,*,#6606,.T.);
#9263=ORIENTED_EDGE('',*,*,#6502,.T.);
#9264=ORIENTED_EDGE('',*,*,#6605,.T.);
#9265=ORIENTED_EDGE('',*,*,#6603,.T.);
#9266=ORIENTED_EDGE('',*,*,#6601,.T.);
#9267=ORIENTED_EDGE('',*,*,#6599,.T.);
#9268=ORIENTED_EDGE('',*,*,#6182,.F.);
#9269=ORIENTED_EDGE('',*,*,#6636,.T.);
#9270=ORIENTED_EDGE('',*,*,#6637,.F.);
#9271=ORIENTED_EDGE('',*,*,#6638,.F.);
#9272=ORIENTED_EDGE('',*,*,#6180,.F.);
#9273=ORIENTED_EDGE('',*,*,#6639,.F.);
#9274=ORIENTED_EDGE('',*,*,#6640,.F.);
#9275=ORIENTED_EDGE('',*,*,#6641,.F.);
#9276=ORIENTED_EDGE('',*,*,#6642,.F.);
#9277=ORIENTED_EDGE('',*,*,#6636,.F.);
#9278=ORIENTED_EDGE('',*,*,#6181,.F.);
#9279=ORIENTED_EDGE('',*,*,#6641,.T.);
#9280=ORIENTED_EDGE('',*,*,#6183,.F.);
#9281=ORIENTED_EDGE('',*,*,#6638,.T.);
#9282=ORIENTED_EDGE('',*,*,#6643,.F.);
#9283=ORIENTED_EDGE('',*,*,#6639,.T.);
#9284=ORIENTED_EDGE('',*,*,#6643,.T.);
#9285=ORIENTED_EDGE('',*,*,#6644,.T.);
#9286=ORIENTED_EDGE('',*,*,#6645,.T.);
#9287=ORIENTED_EDGE('',*,*,#6646,.F.);
#9288=ORIENTED_EDGE('',*,*,#6640,.T.);
#9289=ORIENTED_EDGE('',*,*,#6646,.T.);
#9290=ORIENTED_EDGE('',*,*,#6647,.T.);
#9291=ORIENTED_EDGE('',*,*,#6648,.F.);
#9292=ORIENTED_EDGE('',*,*,#6642,.T.);
#9293=ORIENTED_EDGE('',*,*,#6648,.T.);
#9294=ORIENTED_EDGE('',*,*,#6649,.T.);
#9295=ORIENTED_EDGE('',*,*,#6650,.F.);
#9296=ORIENTED_EDGE('',*,*,#6637,.T.);
#9297=ORIENTED_EDGE('',*,*,#6650,.T.);
#9298=ORIENTED_EDGE('',*,*,#6651,.T.);
#9299=ORIENTED_EDGE('',*,*,#6644,.F.);
#9300=ORIENTED_EDGE('',*,*,#6652,.F.);
#9301=ORIENTED_EDGE('',*,*,#6653,.F.);
#9302=ORIENTED_EDGE('',*,*,#6654,.F.);
#9303=ORIENTED_EDGE('',*,*,#6244,.F.);
#9304=ORIENTED_EDGE('',*,*,#6655,.F.);
#9305=ORIENTED_EDGE('',*,*,#6656,.F.);
#9306=ORIENTED_EDGE('',*,*,#6652,.T.);
#9307=ORIENTED_EDGE('',*,*,#6247,.F.);
#9308=ORIENTED_EDGE('',*,*,#6657,.F.);
#9309=ORIENTED_EDGE('',*,*,#6658,.F.);
#9310=ORIENTED_EDGE('',*,*,#6655,.T.);
#9311=ORIENTED_EDGE('',*,*,#6246,.F.);
#9312=ORIENTED_EDGE('',*,*,#6654,.T.);
#9313=ORIENTED_EDGE('',*,*,#6659,.F.);
#9314=ORIENTED_EDGE('',*,*,#6657,.T.);
#9315=ORIENTED_EDGE('',*,*,#6245,.F.);
#9316=ORIENTED_EDGE('',*,*,#6656,.T.);
#9317=ORIENTED_EDGE('',*,*,#6660,.T.);
#9318=ORIENTED_EDGE('',*,*,#6661,.T.);
#9319=ORIENTED_EDGE('',*,*,#6436,.T.);
#9320=ORIENTED_EDGE('',*,*,#6662,.F.);
#9321=ORIENTED_EDGE('',*,*,#6653,.T.);
#9322=ORIENTED_EDGE('',*,*,#6662,.T.);
#9323=ORIENTED_EDGE('',*,*,#6435,.T.);
#9324=ORIENTED_EDGE('',*,*,#6663,.F.);
#9325=ORIENTED_EDGE('',*,*,#6303,.T.);
#9326=ORIENTED_EDGE('',*,*,#6664,.F.);
#9327=ORIENTED_EDGE('',*,*,#6665,.T.);
#9328=ORIENTED_EDGE('',*,*,#6433,.T.);
#9329=ORIENTED_EDGE('',*,*,#6302,.T.);
#9330=ORIENTED_EDGE('',*,*,#6666,.F.);
#9331=ORIENTED_EDGE('',*,*,#6667,.T.);
#9332=ORIENTED_EDGE('',*,*,#6664,.T.);
#9333=ORIENTED_EDGE('',*,*,#6301,.T.);
#9334=ORIENTED_EDGE('',*,*,#6437,.T.);
#9335=ORIENTED_EDGE('',*,*,#6661,.F.);
#9336=ORIENTED_EDGE('',*,*,#6666,.T.);
#9337=ORIENTED_EDGE('',*,*,#6658,.T.);
#9338=ORIENTED_EDGE('',*,*,#6668,.T.);
#9339=ORIENTED_EDGE('',*,*,#6667,.F.);
#9340=ORIENTED_EDGE('',*,*,#6660,.F.);
#9341=ORIENTED_EDGE('',*,*,#6659,.T.);
#9342=ORIENTED_EDGE('',*,*,#6663,.T.);
#9343=ORIENTED_EDGE('',*,*,#6434,.T.);
#9344=ORIENTED_EDGE('',*,*,#6665,.F.);
#9345=ORIENTED_EDGE('',*,*,#6668,.F.);
#9346=ORIENTED_EDGE('',*,*,#6233,.F.);
#9347=ORIENTED_EDGE('',*,*,#6669,.T.);
#9348=ORIENTED_EDGE('',*,*,#6670,.F.);
#9349=ORIENTED_EDGE('',*,*,#6235,.F.);
#9350=ORIENTED_EDGE('',*,*,#6215,.T.);
#9351=ORIENTED_EDGE('',*,*,#6239,.T.);
#9352=ORIENTED_EDGE('',*,*,#6671,.F.);
#9353=ORIENTED_EDGE('',*,*,#6669,.F.);
#9354=ORIENTED_EDGE('',*,*,#6232,.F.);
#9355=ORIENTED_EDGE('',*,*,#6236,.T.);
#9356=ORIENTED_EDGE('',*,*,#6672,.T.);
#9357=ORIENTED_EDGE('',*,*,#6673,.T.);
#9358=ORIENTED_EDGE('',*,*,#6674,.T.);
#9359=ORIENTED_EDGE('',*,*,#6675,.F.);
#9360=ORIENTED_EDGE('',*,*,#6238,.T.);
#9361=ORIENTED_EDGE('',*,*,#6675,.T.);
#9362=ORIENTED_EDGE('',*,*,#6676,.T.);
#9363=ORIENTED_EDGE('',*,*,#6677,.F.);
#9364=ORIENTED_EDGE('',*,*,#6678,.F.);
#9365=ORIENTED_EDGE('',*,*,#6679,.F.);
#9366=ORIENTED_EDGE('',*,*,#6676,.F.);
#9367=ORIENTED_EDGE('',*,*,#6674,.F.);
#9368=ORIENTED_EDGE('',*,*,#6671,.T.);
#9369=ORIENTED_EDGE('',*,*,#6677,.T.);
#9370=ORIENTED_EDGE('',*,*,#6679,.T.);
#9371=ORIENTED_EDGE('',*,*,#6680,.T.);
#9372=ORIENTED_EDGE('',*,*,#6681,.F.);
#9373=ORIENTED_EDGE('',*,*,#6670,.T.);
#9374=ORIENTED_EDGE('',*,*,#6681,.T.);
#9375=ORIENTED_EDGE('',*,*,#6682,.T.);
#9376=ORIENTED_EDGE('',*,*,#6672,.F.);
#9377=ORIENTED_EDGE('',*,*,#6683,.T.);
#9378=ORIENTED_EDGE('',*,*,#6684,.T.);
#9379=ORIENTED_EDGE('',*,*,#6685,.F.);
#9380=ORIENTED_EDGE('',*,*,#6684,.F.);
#9381=ORIENTED_EDGE('',*,*,#6686,.T.);
#9382=ORIENTED_EDGE('',*,*,#6687,.F.);
#9383=ORIENTED_EDGE('',*,*,#6685,.T.);
#9384=ORIENTED_EDGE('',*,*,#6688,.T.);
#9385=ORIENTED_EDGE('',*,*,#6429,.T.);
#9386=ORIENTED_EDGE('',*,*,#6688,.F.);
#9387=ORIENTED_EDGE('',*,*,#6689,.T.);
#9388=ORIENTED_EDGE('',*,*,#6690,.T.);
#9389=ORIENTED_EDGE('',*,*,#6691,.F.);
#9390=ORIENTED_EDGE('',*,*,#6690,.F.);
#9391=ORIENTED_EDGE('',*,*,#6691,.T.);
#9392=ORIENTED_EDGE('',*,*,#6692,.T.);
#9393=ORIENTED_EDGE('',*,*,#6428,.T.);
#9394=ORIENTED_EDGE('',*,*,#6692,.F.);
#9395=ORIENTED_EDGE('',*,*,#6693,.T.);
#9396=ORIENTED_EDGE('',*,*,#6694,.T.);
#9397=ORIENTED_EDGE('',*,*,#6695,.F.);
#9398=ORIENTED_EDGE('',*,*,#6694,.F.);
#9399=ORIENTED_EDGE('',*,*,#6695,.T.);
#9400=ORIENTED_EDGE('',*,*,#6696,.T.);
#9401=ORIENTED_EDGE('',*,*,#6427,.T.);
#9402=ORIENTED_EDGE('',*,*,#6696,.F.);
#9403=ORIENTED_EDGE('',*,*,#6697,.T.);
#9404=ORIENTED_EDGE('',*,*,#6698,.T.);
#9405=ORIENTED_EDGE('',*,*,#6699,.F.);
#9406=ORIENTED_EDGE('',*,*,#6698,.F.);
#9407=ORIENTED_EDGE('',*,*,#6699,.T.);
#9408=ORIENTED_EDGE('',*,*,#6700,.T.);
#9409=ORIENTED_EDGE('',*,*,#6426,.T.);
#9410=ORIENTED_EDGE('',*,*,#6700,.F.);
#9411=ORIENTED_EDGE('',*,*,#6325,.T.);
#9412=ORIENTED_EDGE('',*,*,#6294,.T.);
#9413=ORIENTED_EDGE('',*,*,#6327,.T.);
#9414=ORIENTED_EDGE('',*,*,#6266,.T.);
#9415=ORIENTED_EDGE('',*,*,#6321,.T.);
#9416=ORIENTED_EDGE('',*,*,#6298,.T.);
#9417=ORIENTED_EDGE('',*,*,#6323,.T.);
#9418=ORIENTED_EDGE('',*,*,#6262,.T.);
#9419=ORIENTED_EDGE('',*,*,#6290,.T.);
#9420=ORIENTED_EDGE('',*,*,#6701,.T.);
#9421=ORIENTED_EDGE('',*,*,#6270,.T.);
#9422=ORIENTED_EDGE('',*,*,#6329,.F.);
#9423=ORIENTED_EDGE('',*,*,#6289,.T.);
#9424=ORIENTED_EDGE('',*,*,#6702,.T.);
#9425=ORIENTED_EDGE('',*,*,#6271,.T.);
#9426=ORIENTED_EDGE('',*,*,#6701,.F.);
#9427=ORIENTED_EDGE('',*,*,#6288,.T.);
#9428=ORIENTED_EDGE('',*,*,#6703,.T.);
#9429=ORIENTED_EDGE('',*,*,#6272,.T.);
#9430=ORIENTED_EDGE('',*,*,#6702,.F.);
#9431=ORIENTED_EDGE('',*,*,#6286,.T.);
#9432=ORIENTED_EDGE('',*,*,#6273,.T.);
#9433=ORIENTED_EDGE('',*,*,#6703,.F.);
#9434=ORIENTED_EDGE('',*,*,#6287,.T.);
#9435=ORIENTED_EDGE('',*,*,#6340,.T.);
#9436=ORIENTED_EDGE('',*,*,#6704,.T.);
#9437=ORIENTED_EDGE('',*,*,#6314,.T.);
#9438=ORIENTED_EDGE('',*,*,#6447,.F.);
#9439=ORIENTED_EDGE('',*,*,#6339,.T.);
#9440=ORIENTED_EDGE('',*,*,#6705,.T.);
#9441=ORIENTED_EDGE('',*,*,#6315,.T.);
#9442=ORIENTED_EDGE('',*,*,#6704,.F.);
#9443=ORIENTED_EDGE('',*,*,#6332,.T.);
#9444=ORIENTED_EDGE('',*,*,#6317,.T.);
#9445=ORIENTED_EDGE('',*,*,#6706,.F.);
#9446=ORIENTED_EDGE('',*,*,#6333,.T.);
#9447=ORIENTED_EDGE('',*,*,#6443,.T.);
#9448=ORIENTED_EDGE('',*,*,#6344,.T.);
#9449=ORIENTED_EDGE('',*,*,#6445,.T.);
#9450=ORIENTED_EDGE('',*,*,#6310,.T.);
#9451=ORIENTED_EDGE('',*,*,#6707,.T.);
#9452=ORIENTED_EDGE('',*,*,#6708,.T.);
#9453=ORIENTED_EDGE('',*,*,#6709,.T.);
#9454=ORIENTED_EDGE('',*,*,#6710,.T.);
#9455=ORIENTED_EDGE('',*,*,#6711,.T.);
#9456=ORIENTED_EDGE('',*,*,#6710,.F.);
#9457=ORIENTED_EDGE('',*,*,#6712,.F.);
#9458=ORIENTED_EDGE('',*,*,#6334,.T.);
#9459=ORIENTED_EDGE('',*,*,#6706,.T.);
#9460=ORIENTED_EDGE('',*,*,#6316,.T.);
#9461=ORIENTED_EDGE('',*,*,#6705,.F.);
#9462=ORIENTED_EDGE('',*,*,#6713,.T.);
#9463=ORIENTED_EDGE('',*,*,#6565,.F.);
#9464=ORIENTED_EDGE('',*,*,#6572,.F.);
#9465=ORIENTED_EDGE('',*,*,#6570,.F.);
#9466=ORIENTED_EDGE('',*,*,#6568,.F.);
#9467=ORIENTED_EDGE('',*,*,#6711,.F.);
#9468=ORIENTED_EDGE('',*,*,#6713,.F.);
#9469=ORIENTED_EDGE('',*,*,#6338,.F.);
#9470=ORIENTED_EDGE('',*,*,#6714,.T.);
#9471=ORIENTED_EDGE('',*,*,#6707,.F.);
#9472=ORIENTED_EDGE('',*,*,#6714,.F.);
#9473=ORIENTED_EDGE('',*,*,#6337,.F.);
#9474=ORIENTED_EDGE('',*,*,#6715,.T.);
#9475=ORIENTED_EDGE('',*,*,#6438,.F.);
#9476=ORIENTED_EDGE('',*,*,#6431,.T.);
#9477=ORIENTED_EDGE('',*,*,#6716,.T.);
#9478=ORIENTED_EDGE('',*,*,#6717,.T.);
#9479=ORIENTED_EDGE('',*,*,#6718,.T.);
#9480=ORIENTED_EDGE('',*,*,#6719,.T.);
#9481=ORIENTED_EDGE('',*,*,#6720,.T.);
#9482=ORIENTED_EDGE('',*,*,#6721,.T.);
#9483=ORIENTED_EDGE('',*,*,#6722,.T.);
#9484=ORIENTED_EDGE('',*,*,#6723,.T.);
#9485=ORIENTED_EDGE('',*,*,#6724,.T.);
#9486=ORIENTED_EDGE('',*,*,#6678,.T.);
#9487=ORIENTED_EDGE('',*,*,#6725,.T.);
#9488=ORIENTED_EDGE('',*,*,#6647,.F.);
#9489=ORIENTED_EDGE('',*,*,#6645,.F.);
#9490=ORIENTED_EDGE('',*,*,#6651,.F.);
#9491=ORIENTED_EDGE('',*,*,#6649,.F.);
#9492=ORIENTED_EDGE('',*,*,#6720,.F.);
#9493=ORIENTED_EDGE('',*,*,#6726,.F.);
#9494=ORIENTED_EDGE('',*,*,#6352,.F.);
#9495=ORIENTED_EDGE('',*,*,#6727,.T.);
#9496=ORIENTED_EDGE('',*,*,#6721,.F.);
#9497=ORIENTED_EDGE('',*,*,#6727,.F.);
#9498=ORIENTED_EDGE('',*,*,#6351,.F.);
#9499=ORIENTED_EDGE('',*,*,#6728,.T.);
#9500=ORIENTED_EDGE('',*,*,#6722,.F.);
#9501=ORIENTED_EDGE('',*,*,#6728,.F.);
#9502=ORIENTED_EDGE('',*,*,#6350,.F.);
#9503=ORIENTED_EDGE('',*,*,#6729,.T.);
#9504=ORIENTED_EDGE('',*,*,#6723,.F.);
#9505=ORIENTED_EDGE('',*,*,#6729,.F.);
#9506=ORIENTED_EDGE('',*,*,#6349,.F.);
#9507=ORIENTED_EDGE('',*,*,#6730,.T.);
#9508=ORIENTED_EDGE('',*,*,#6439,.T.);
#9509=ORIENTED_EDGE('',*,*,#6725,.F.);
#9510=ORIENTED_EDGE('',*,*,#6673,.F.);
#9511=ORIENTED_EDGE('',*,*,#6682,.F.);
#9512=ORIENTED_EDGE('',*,*,#6680,.F.);
#9513=ORIENTED_EDGE('',*,*,#6724,.F.);
#9514=ORIENTED_EDGE('',*,*,#6730,.F.);
#9515=ORIENTED_EDGE('',*,*,#6348,.T.);
#9516=ORIENTED_EDGE('',*,*,#6441,.T.);
#9517=ORIENTED_EDGE('',*,*,#6306,.T.);
#9518=ORIENTED_EDGE('',*,*,#6731,.T.);
#9519=ORIENTED_EDGE('',*,*,#6222,.T.);
#9520=ORIENTED_EDGE('',*,*,#6162,.T.);
#9521=ORIENTED_EDGE('',*,*,#6732,.F.);
#9522=ORIENTED_EDGE('',*,*,#6733,.T.);
#9523=ORIENTED_EDGE('',*,*,#6732,.T.);
#9524=ORIENTED_EDGE('',*,*,#6161,.T.);
#9525=ORIENTED_EDGE('',*,*,#6734,.F.);
#9526=ORIENTED_EDGE('',*,*,#6687,.T.);
#9527=ORIENTED_EDGE('',*,*,#6734,.T.);
#9528=ORIENTED_EDGE('',*,*,#6160,.T.);
#9529=ORIENTED_EDGE('',*,*,#6735,.F.);
#9530=ORIENTED_EDGE('',*,*,#6736,.T.);
#9531=ORIENTED_EDGE('',*,*,#6735,.T.);
#9532=ORIENTED_EDGE('',*,*,#6159,.T.);
#9533=ORIENTED_EDGE('',*,*,#6737,.F.);
#9534=ORIENTED_EDGE('',*,*,#6738,.T.);
#9535=ORIENTED_EDGE('',*,*,#6737,.T.);
#9536=ORIENTED_EDGE('',*,*,#6158,.T.);
#9537=ORIENTED_EDGE('',*,*,#6739,.F.);
#9538=ORIENTED_EDGE('',*,*,#6740,.T.);
#9539=ORIENTED_EDGE('',*,*,#6739,.T.);
#9540=ORIENTED_EDGE('',*,*,#6157,.T.);
#9541=ORIENTED_EDGE('',*,*,#6741,.F.);
#9542=ORIENTED_EDGE('',*,*,#6742,.T.);
#9543=ORIENTED_EDGE('',*,*,#6741,.T.);
#9544=ORIENTED_EDGE('',*,*,#6156,.T.);
#9545=ORIENTED_EDGE('',*,*,#6743,.F.);
#9546=ORIENTED_EDGE('',*,*,#6744,.T.);
#9547=ORIENTED_EDGE('',*,*,#6743,.T.);
#9548=ORIENTED_EDGE('',*,*,#6155,.T.);
#9549=ORIENTED_EDGE('',*,*,#6745,.F.);
#9550=ORIENTED_EDGE('',*,*,#6746,.T.);
#9551=ORIENTED_EDGE('',*,*,#6745,.T.);
#9552=ORIENTED_EDGE('',*,*,#6154,.T.);
#9553=ORIENTED_EDGE('',*,*,#6747,.F.);
#9554=ORIENTED_EDGE('',*,*,#6748,.T.);
#9555=ORIENTED_EDGE('',*,*,#6747,.T.);
#9556=ORIENTED_EDGE('',*,*,#6153,.T.);
#9557=ORIENTED_EDGE('',*,*,#6749,.F.);
#9558=ORIENTED_EDGE('',*,*,#6750,.T.);
#9559=ORIENTED_EDGE('',*,*,#6749,.T.);
#9560=ORIENTED_EDGE('',*,*,#6152,.T.);
#9561=ORIENTED_EDGE('',*,*,#6751,.F.);
#9562=ORIENTED_EDGE('',*,*,#6752,.T.);
#9563=ORIENTED_EDGE('',*,*,#6751,.T.);
#9564=ORIENTED_EDGE('',*,*,#6151,.T.);
#9565=ORIENTED_EDGE('',*,*,#6753,.F.);
#9566=ORIENTED_EDGE('',*,*,#6754,.T.);
#9567=ORIENTED_EDGE('',*,*,#6753,.T.);
#9568=ORIENTED_EDGE('',*,*,#6150,.T.);
#9569=ORIENTED_EDGE('',*,*,#6755,.F.);
#9570=ORIENTED_EDGE('',*,*,#6756,.T.);
#9571=ORIENTED_EDGE('',*,*,#6755,.T.);
#9572=ORIENTED_EDGE('',*,*,#6149,.T.);
#9573=ORIENTED_EDGE('',*,*,#6757,.F.);
#9574=ORIENTED_EDGE('',*,*,#6758,.T.);
#9575=ORIENTED_EDGE('',*,*,#6757,.T.);
#9576=ORIENTED_EDGE('',*,*,#6148,.T.);
#9577=ORIENTED_EDGE('',*,*,#6759,.F.);
#9578=ORIENTED_EDGE('',*,*,#6760,.T.);
#9579=ORIENTED_EDGE('',*,*,#6759,.T.);
#9580=ORIENTED_EDGE('',*,*,#6147,.T.);
#9581=ORIENTED_EDGE('',*,*,#6761,.F.);
#9582=ORIENTED_EDGE('',*,*,#6762,.T.);
#9583=ORIENTED_EDGE('',*,*,#6761,.T.);
#9584=ORIENTED_EDGE('',*,*,#6146,.T.);
#9585=ORIENTED_EDGE('',*,*,#6763,.F.);
#9586=ORIENTED_EDGE('',*,*,#6764,.T.);
#9587=ORIENTED_EDGE('',*,*,#6763,.T.);
#9588=ORIENTED_EDGE('',*,*,#6145,.T.);
#9589=ORIENTED_EDGE('',*,*,#6765,.F.);
#9590=ORIENTED_EDGE('',*,*,#6716,.F.);
#9591=ORIENTED_EDGE('',*,*,#6430,.F.);
#9592=ORIENTED_EDGE('',*,*,#6356,.F.);
#9593=ORIENTED_EDGE('',*,*,#6766,.T.);
#9594=ORIENTED_EDGE('',*,*,#6717,.F.);
#9595=ORIENTED_EDGE('',*,*,#6766,.F.);
#9596=ORIENTED_EDGE('',*,*,#6355,.F.);
#9597=ORIENTED_EDGE('',*,*,#6767,.T.);
#9598=ORIENTED_EDGE('',*,*,#6718,.F.);
#9599=ORIENTED_EDGE('',*,*,#6767,.F.);
#9600=ORIENTED_EDGE('',*,*,#6354,.F.);
#9601=ORIENTED_EDGE('',*,*,#6768,.T.);
#9602=ORIENTED_EDGE('',*,*,#6719,.F.);
#9603=ORIENTED_EDGE('',*,*,#6768,.F.);
#9604=ORIENTED_EDGE('',*,*,#6353,.F.);
#9605=ORIENTED_EDGE('',*,*,#6726,.T.);
#9606=ORIENTED_EDGE('',*,*,#6708,.F.);
#9607=ORIENTED_EDGE('',*,*,#6715,.F.);
#9608=ORIENTED_EDGE('',*,*,#6336,.F.);
#9609=ORIENTED_EDGE('',*,*,#6769,.T.);
#9610=ORIENTED_EDGE('',*,*,#6709,.F.);
#9611=ORIENTED_EDGE('',*,*,#6769,.F.);
#9612=ORIENTED_EDGE('',*,*,#6335,.F.);
#9613=ORIENTED_EDGE('',*,*,#6712,.T.);
#9614=ORIENTED_EDGE('',*,*,#6202,.T.);
#9615=ORIENTED_EDGE('',*,*,#6279,.T.);
#9616=ORIENTED_EDGE('',*,*,#6254,.T.);
#9617=ORIENTED_EDGE('',*,*,#6275,.T.);
#9618=ORIENTED_EDGE('',*,*,#6198,.T.);
#9619=ORIENTED_EDGE('',*,*,#6541,.F.);
#9620=ORIENTED_EDGE('',*,*,#6249,.T.);
#9621=ORIENTED_EDGE('',*,*,#6283,.T.);
#9622=ORIENTED_EDGE('',*,*,#6140,.T.);
#9623=ORIENTED_EDGE('',*,*,#6243,.F.);
#9624=ORIENTED_EDGE('',*,*,#6770,.T.);
#9625=ORIENTED_EDGE('',*,*,#6771,.T.);
#9626=ORIENTED_EDGE('',*,*,#6772,.T.);
#9627=ORIENTED_EDGE('',*,*,#6773,.T.);
#9628=ORIENTED_EDGE('',*,*,#6143,.T.);
#9629=ORIENTED_EDGE('',*,*,#6141,.T.);
#9630=ORIENTED_EDGE('',*,*,#6771,.F.);
#9631=ORIENTED_EDGE('',*,*,#6774,.T.);
#9632=ORIENTED_EDGE('',*,*,#6765,.T.);
#9633=ORIENTED_EDGE('',*,*,#6144,.T.);
#9634=ORIENTED_EDGE('',*,*,#6773,.F.);
#9635=ORIENTED_EDGE('',*,*,#6361,.F.);
#9636=ORIENTED_EDGE('',*,*,#6775,.T.);
#9637=ORIENTED_EDGE('',*,*,#6776,.T.);
#9638=ORIENTED_EDGE('',*,*,#6777,.F.);
#9639=ORIENTED_EDGE('',*,*,#6360,.F.);
#9640=ORIENTED_EDGE('',*,*,#6778,.T.);
#9641=ORIENTED_EDGE('',*,*,#6779,.T.);
#9642=ORIENTED_EDGE('',*,*,#6775,.F.);
#9643=ORIENTED_EDGE('',*,*,#6359,.F.);
#9644=ORIENTED_EDGE('',*,*,#6780,.T.);
#9645=ORIENTED_EDGE('',*,*,#6781,.T.);
#9646=ORIENTED_EDGE('',*,*,#6778,.F.);
#9647=ORIENTED_EDGE('',*,*,#6358,.F.);
#9648=ORIENTED_EDGE('',*,*,#6777,.T.);
#9649=ORIENTED_EDGE('',*,*,#6782,.T.);
#9650=ORIENTED_EDGE('',*,*,#6780,.F.);
#9651=ORIENTED_EDGE('',*,*,#6365,.F.);
#9652=ORIENTED_EDGE('',*,*,#6783,.T.);
#9653=ORIENTED_EDGE('',*,*,#6784,.T.);
#9654=ORIENTED_EDGE('',*,*,#6785,.F.);
#9655=ORIENTED_EDGE('',*,*,#6364,.F.);
#9656=ORIENTED_EDGE('',*,*,#6786,.T.);
#9657=ORIENTED_EDGE('',*,*,#6787,.T.);
#9658=ORIENTED_EDGE('',*,*,#6783,.F.);
#9659=ORIENTED_EDGE('',*,*,#6363,.F.);
#9660=ORIENTED_EDGE('',*,*,#6788,.T.);
#9661=ORIENTED_EDGE('',*,*,#6789,.T.);
#9662=ORIENTED_EDGE('',*,*,#6786,.F.);
#9663=ORIENTED_EDGE('',*,*,#6362,.F.);
#9664=ORIENTED_EDGE('',*,*,#6785,.T.);
#9665=ORIENTED_EDGE('',*,*,#6790,.T.);
#9666=ORIENTED_EDGE('',*,*,#6788,.F.);
#9667=ORIENTED_EDGE('',*,*,#6369,.F.);
#9668=ORIENTED_EDGE('',*,*,#6791,.T.);
#9669=ORIENTED_EDGE('',*,*,#6792,.T.);
#9670=ORIENTED_EDGE('',*,*,#6793,.F.);
#9671=ORIENTED_EDGE('',*,*,#6368,.F.);
#9672=ORIENTED_EDGE('',*,*,#6794,.T.);
#9673=ORIENTED_EDGE('',*,*,#6795,.T.);
#9674=ORIENTED_EDGE('',*,*,#6791,.F.);
#9675=ORIENTED_EDGE('',*,*,#6367,.F.);
#9676=ORIENTED_EDGE('',*,*,#6796,.T.);
#9677=ORIENTED_EDGE('',*,*,#6797,.T.);
#9678=ORIENTED_EDGE('',*,*,#6794,.F.);
#9679=ORIENTED_EDGE('',*,*,#6366,.F.);
#9680=ORIENTED_EDGE('',*,*,#6793,.T.);
#9681=ORIENTED_EDGE('',*,*,#6798,.T.);
#9682=ORIENTED_EDGE('',*,*,#6796,.F.);
#9683=ORIENTED_EDGE('',*,*,#6373,.F.);
#9684=ORIENTED_EDGE('',*,*,#6799,.T.);
#9685=ORIENTED_EDGE('',*,*,#6800,.T.);
#9686=ORIENTED_EDGE('',*,*,#6801,.F.);
#9687=ORIENTED_EDGE('',*,*,#6372,.F.);
#9688=ORIENTED_EDGE('',*,*,#6802,.T.);
#9689=ORIENTED_EDGE('',*,*,#6803,.T.);
#9690=ORIENTED_EDGE('',*,*,#6799,.F.);
#9691=ORIENTED_EDGE('',*,*,#6371,.F.);
#9692=ORIENTED_EDGE('',*,*,#6804,.T.);
#9693=ORIENTED_EDGE('',*,*,#6805,.T.);
#9694=ORIENTED_EDGE('',*,*,#6802,.F.);
#9695=ORIENTED_EDGE('',*,*,#6370,.F.);
#9696=ORIENTED_EDGE('',*,*,#6801,.T.);
#9697=ORIENTED_EDGE('',*,*,#6806,.T.);
#9698=ORIENTED_EDGE('',*,*,#6804,.F.);
#9699=ORIENTED_EDGE('',*,*,#6377,.F.);
#9700=ORIENTED_EDGE('',*,*,#6807,.T.);
#9701=ORIENTED_EDGE('',*,*,#6808,.T.);
#9702=ORIENTED_EDGE('',*,*,#6809,.F.);
#9703=ORIENTED_EDGE('',*,*,#6376,.F.);
#9704=ORIENTED_EDGE('',*,*,#6810,.T.);
#9705=ORIENTED_EDGE('',*,*,#6811,.T.);
#9706=ORIENTED_EDGE('',*,*,#6807,.F.);
#9707=ORIENTED_EDGE('',*,*,#6375,.F.);
#9708=ORIENTED_EDGE('',*,*,#6812,.T.);
#9709=ORIENTED_EDGE('',*,*,#6813,.T.);
#9710=ORIENTED_EDGE('',*,*,#6810,.F.);
#9711=ORIENTED_EDGE('',*,*,#6374,.F.);
#9712=ORIENTED_EDGE('',*,*,#6809,.T.);
#9713=ORIENTED_EDGE('',*,*,#6814,.T.);
#9714=ORIENTED_EDGE('',*,*,#6812,.F.);
#9715=ORIENTED_EDGE('',*,*,#6381,.F.);
#9716=ORIENTED_EDGE('',*,*,#6815,.T.);
#9717=ORIENTED_EDGE('',*,*,#6816,.T.);
#9718=ORIENTED_EDGE('',*,*,#6817,.F.);
#9719=ORIENTED_EDGE('',*,*,#6380,.F.);
#9720=ORIENTED_EDGE('',*,*,#6818,.T.);
#9721=ORIENTED_EDGE('',*,*,#6819,.T.);
#9722=ORIENTED_EDGE('',*,*,#6815,.F.);
#9723=ORIENTED_EDGE('',*,*,#6379,.F.);
#9724=ORIENTED_EDGE('',*,*,#6820,.T.);
#9725=ORIENTED_EDGE('',*,*,#6821,.T.);
#9726=ORIENTED_EDGE('',*,*,#6818,.F.);
#9727=ORIENTED_EDGE('',*,*,#6378,.F.);
#9728=ORIENTED_EDGE('',*,*,#6817,.T.);
#9729=ORIENTED_EDGE('',*,*,#6822,.T.);
#9730=ORIENTED_EDGE('',*,*,#6820,.F.);
#9731=ORIENTED_EDGE('',*,*,#6385,.F.);
#9732=ORIENTED_EDGE('',*,*,#6823,.T.);
#9733=ORIENTED_EDGE('',*,*,#6824,.T.);
#9734=ORIENTED_EDGE('',*,*,#6825,.F.);
#9735=ORIENTED_EDGE('',*,*,#6384,.F.);
#9736=ORIENTED_EDGE('',*,*,#6826,.T.);
#9737=ORIENTED_EDGE('',*,*,#6827,.T.);
#9738=ORIENTED_EDGE('',*,*,#6823,.F.);
#9739=ORIENTED_EDGE('',*,*,#6383,.F.);
#9740=ORIENTED_EDGE('',*,*,#6828,.T.);
#9741=ORIENTED_EDGE('',*,*,#6829,.T.);
#9742=ORIENTED_EDGE('',*,*,#6826,.F.);
#9743=ORIENTED_EDGE('',*,*,#6382,.F.);
#9744=ORIENTED_EDGE('',*,*,#6825,.T.);
#9745=ORIENTED_EDGE('',*,*,#6830,.T.);
#9746=ORIENTED_EDGE('',*,*,#6828,.F.);
#9747=ORIENTED_EDGE('',*,*,#6389,.F.);
#9748=ORIENTED_EDGE('',*,*,#6831,.T.);
#9749=ORIENTED_EDGE('',*,*,#6832,.T.);
#9750=ORIENTED_EDGE('',*,*,#6833,.F.);
#9751=ORIENTED_EDGE('',*,*,#6388,.F.);
#9752=ORIENTED_EDGE('',*,*,#6834,.T.);
#9753=ORIENTED_EDGE('',*,*,#6835,.T.);
#9754=ORIENTED_EDGE('',*,*,#6831,.F.);
#9755=ORIENTED_EDGE('',*,*,#6387,.F.);
#9756=ORIENTED_EDGE('',*,*,#6836,.T.);
#9757=ORIENTED_EDGE('',*,*,#6837,.T.);
#9758=ORIENTED_EDGE('',*,*,#6834,.F.);
#9759=ORIENTED_EDGE('',*,*,#6386,.F.);
#9760=ORIENTED_EDGE('',*,*,#6833,.T.);
#9761=ORIENTED_EDGE('',*,*,#6838,.T.);
#9762=ORIENTED_EDGE('',*,*,#6836,.F.);
#9763=ORIENTED_EDGE('',*,*,#6393,.F.);
#9764=ORIENTED_EDGE('',*,*,#6839,.T.);
#9765=ORIENTED_EDGE('',*,*,#6840,.T.);
#9766=ORIENTED_EDGE('',*,*,#6841,.F.);
#9767=ORIENTED_EDGE('',*,*,#6392,.F.);
#9768=ORIENTED_EDGE('',*,*,#6842,.T.);
#9769=ORIENTED_EDGE('',*,*,#6843,.T.);
#9770=ORIENTED_EDGE('',*,*,#6839,.F.);
#9771=ORIENTED_EDGE('',*,*,#6391,.F.);
#9772=ORIENTED_EDGE('',*,*,#6844,.T.);
#9773=ORIENTED_EDGE('',*,*,#6845,.T.);
#9774=ORIENTED_EDGE('',*,*,#6842,.F.);
#9775=ORIENTED_EDGE('',*,*,#6390,.F.);
#9776=ORIENTED_EDGE('',*,*,#6841,.T.);
#9777=ORIENTED_EDGE('',*,*,#6846,.T.);
#9778=ORIENTED_EDGE('',*,*,#6844,.F.);
#9779=ORIENTED_EDGE('',*,*,#6397,.F.);
#9780=ORIENTED_EDGE('',*,*,#6847,.T.);
#9781=ORIENTED_EDGE('',*,*,#6848,.T.);
#9782=ORIENTED_EDGE('',*,*,#6849,.F.);
#9783=ORIENTED_EDGE('',*,*,#6396,.F.);
#9784=ORIENTED_EDGE('',*,*,#6850,.T.);
#9785=ORIENTED_EDGE('',*,*,#6851,.T.);
#9786=ORIENTED_EDGE('',*,*,#6847,.F.);
#9787=ORIENTED_EDGE('',*,*,#6395,.F.);
#9788=ORIENTED_EDGE('',*,*,#6852,.T.);
#9789=ORIENTED_EDGE('',*,*,#6853,.T.);
#9790=ORIENTED_EDGE('',*,*,#6850,.F.);
#9791=ORIENTED_EDGE('',*,*,#6394,.F.);
#9792=ORIENTED_EDGE('',*,*,#6849,.T.);
#9793=ORIENTED_EDGE('',*,*,#6854,.T.);
#9794=ORIENTED_EDGE('',*,*,#6852,.F.);
#9795=ORIENTED_EDGE('',*,*,#6401,.F.);
#9796=ORIENTED_EDGE('',*,*,#6855,.T.);
#9797=ORIENTED_EDGE('',*,*,#6856,.T.);
#9798=ORIENTED_EDGE('',*,*,#6857,.F.);
#9799=ORIENTED_EDGE('',*,*,#6400,.F.);
#9800=ORIENTED_EDGE('',*,*,#6858,.T.);
#9801=ORIENTED_EDGE('',*,*,#6859,.T.);
#9802=ORIENTED_EDGE('',*,*,#6855,.F.);
#9803=ORIENTED_EDGE('',*,*,#6399,.F.);
#9804=ORIENTED_EDGE('',*,*,#6860,.T.);
#9805=ORIENTED_EDGE('',*,*,#6861,.T.);
#9806=ORIENTED_EDGE('',*,*,#6858,.F.);
#9807=ORIENTED_EDGE('',*,*,#6398,.F.);
#9808=ORIENTED_EDGE('',*,*,#6857,.T.);
#9809=ORIENTED_EDGE('',*,*,#6862,.T.);
#9810=ORIENTED_EDGE('',*,*,#6860,.F.);
#9811=ORIENTED_EDGE('',*,*,#6405,.F.);
#9812=ORIENTED_EDGE('',*,*,#6863,.T.);
#9813=ORIENTED_EDGE('',*,*,#6864,.T.);
#9814=ORIENTED_EDGE('',*,*,#6865,.F.);
#9815=ORIENTED_EDGE('',*,*,#6404,.F.);
#9816=ORIENTED_EDGE('',*,*,#6866,.T.);
#9817=ORIENTED_EDGE('',*,*,#6867,.T.);
#9818=ORIENTED_EDGE('',*,*,#6863,.F.);
#9819=ORIENTED_EDGE('',*,*,#6403,.F.);
#9820=ORIENTED_EDGE('',*,*,#6868,.T.);
#9821=ORIENTED_EDGE('',*,*,#6869,.T.);
#9822=ORIENTED_EDGE('',*,*,#6866,.F.);
#9823=ORIENTED_EDGE('',*,*,#6402,.F.);
#9824=ORIENTED_EDGE('',*,*,#6865,.T.);
#9825=ORIENTED_EDGE('',*,*,#6870,.T.);
#9826=ORIENTED_EDGE('',*,*,#6868,.F.);
#9827=ORIENTED_EDGE('',*,*,#6409,.F.);
#9828=ORIENTED_EDGE('',*,*,#6871,.T.);
#9829=ORIENTED_EDGE('',*,*,#6872,.T.);
#9830=ORIENTED_EDGE('',*,*,#6873,.F.);
#9831=ORIENTED_EDGE('',*,*,#6408,.F.);
#9832=ORIENTED_EDGE('',*,*,#6874,.T.);
#9833=ORIENTED_EDGE('',*,*,#6875,.T.);
#9834=ORIENTED_EDGE('',*,*,#6871,.F.);
#9835=ORIENTED_EDGE('',*,*,#6407,.F.);
#9836=ORIENTED_EDGE('',*,*,#6876,.T.);
#9837=ORIENTED_EDGE('',*,*,#6877,.T.);
#9838=ORIENTED_EDGE('',*,*,#6874,.F.);
#9839=ORIENTED_EDGE('',*,*,#6406,.F.);
#9840=ORIENTED_EDGE('',*,*,#6873,.T.);
#9841=ORIENTED_EDGE('',*,*,#6878,.T.);
#9842=ORIENTED_EDGE('',*,*,#6876,.F.);
#9843=ORIENTED_EDGE('',*,*,#6413,.F.);
#9844=ORIENTED_EDGE('',*,*,#6879,.T.);
#9845=ORIENTED_EDGE('',*,*,#6880,.T.);
#9846=ORIENTED_EDGE('',*,*,#6881,.F.);
#9847=ORIENTED_EDGE('',*,*,#6412,.F.);
#9848=ORIENTED_EDGE('',*,*,#6882,.T.);
#9849=ORIENTED_EDGE('',*,*,#6883,.T.);
#9850=ORIENTED_EDGE('',*,*,#6879,.F.);
#9851=ORIENTED_EDGE('',*,*,#6411,.F.);
#9852=ORIENTED_EDGE('',*,*,#6884,.T.);
#9853=ORIENTED_EDGE('',*,*,#6885,.T.);
#9854=ORIENTED_EDGE('',*,*,#6882,.F.);
#9855=ORIENTED_EDGE('',*,*,#6410,.F.);
#9856=ORIENTED_EDGE('',*,*,#6881,.T.);
#9857=ORIENTED_EDGE('',*,*,#6886,.T.);
#9858=ORIENTED_EDGE('',*,*,#6884,.F.);
#9859=ORIENTED_EDGE('',*,*,#6417,.F.);
#9860=ORIENTED_EDGE('',*,*,#6887,.T.);
#9861=ORIENTED_EDGE('',*,*,#6888,.T.);
#9862=ORIENTED_EDGE('',*,*,#6889,.F.);
#9863=ORIENTED_EDGE('',*,*,#6416,.F.);
#9864=ORIENTED_EDGE('',*,*,#6890,.T.);
#9865=ORIENTED_EDGE('',*,*,#6891,.T.);
#9866=ORIENTED_EDGE('',*,*,#6887,.F.);
#9867=ORIENTED_EDGE('',*,*,#6415,.F.);
#9868=ORIENTED_EDGE('',*,*,#6892,.T.);
#9869=ORIENTED_EDGE('',*,*,#6893,.T.);
#9870=ORIENTED_EDGE('',*,*,#6890,.F.);
#9871=ORIENTED_EDGE('',*,*,#6414,.F.);
#9872=ORIENTED_EDGE('',*,*,#6889,.T.);
#9873=ORIENTED_EDGE('',*,*,#6894,.T.);
#9874=ORIENTED_EDGE('',*,*,#6892,.F.);
#9875=ORIENTED_EDGE('',*,*,#6421,.F.);
#9876=ORIENTED_EDGE('',*,*,#6895,.T.);
#9877=ORIENTED_EDGE('',*,*,#6896,.T.);
#9878=ORIENTED_EDGE('',*,*,#6897,.F.);
#9879=ORIENTED_EDGE('',*,*,#6420,.F.);
#9880=ORIENTED_EDGE('',*,*,#6898,.T.);
#9881=ORIENTED_EDGE('',*,*,#6899,.T.);
#9882=ORIENTED_EDGE('',*,*,#6895,.F.);
#9883=ORIENTED_EDGE('',*,*,#6419,.F.);
#9884=ORIENTED_EDGE('',*,*,#6900,.T.);
#9885=ORIENTED_EDGE('',*,*,#6901,.T.);
#9886=ORIENTED_EDGE('',*,*,#6898,.F.);
#9887=ORIENTED_EDGE('',*,*,#6418,.F.);
#9888=ORIENTED_EDGE('',*,*,#6897,.T.);
#9889=ORIENTED_EDGE('',*,*,#6902,.T.);
#9890=ORIENTED_EDGE('',*,*,#6900,.F.);
#9891=ORIENTED_EDGE('',*,*,#6425,.F.);
#9892=ORIENTED_EDGE('',*,*,#6903,.T.);
#9893=ORIENTED_EDGE('',*,*,#6904,.T.);
#9894=ORIENTED_EDGE('',*,*,#6905,.F.);
#9895=ORIENTED_EDGE('',*,*,#6424,.F.);
#9896=ORIENTED_EDGE('',*,*,#6906,.T.);
#9897=ORIENTED_EDGE('',*,*,#6907,.T.);
#9898=ORIENTED_EDGE('',*,*,#6903,.F.);
#9899=ORIENTED_EDGE('',*,*,#6423,.F.);
#9900=ORIENTED_EDGE('',*,*,#6908,.T.);
#9901=ORIENTED_EDGE('',*,*,#6909,.T.);
#9902=ORIENTED_EDGE('',*,*,#6906,.F.);
#9903=ORIENTED_EDGE('',*,*,#6422,.F.);
#9904=ORIENTED_EDGE('',*,*,#6905,.T.);
#9905=ORIENTED_EDGE('',*,*,#6910,.T.);
#9906=ORIENTED_EDGE('',*,*,#6908,.F.);
#9907=ORIENTED_EDGE('',*,*,#6683,.F.);
#9908=ORIENTED_EDGE('',*,*,#6736,.F.);
#9909=ORIENTED_EDGE('',*,*,#6738,.F.);
#9910=ORIENTED_EDGE('',*,*,#6740,.F.);
#9911=ORIENTED_EDGE('',*,*,#6742,.F.);
#9912=ORIENTED_EDGE('',*,*,#6744,.F.);
#9913=ORIENTED_EDGE('',*,*,#6746,.F.);
#9914=ORIENTED_EDGE('',*,*,#6748,.F.);
#9915=ORIENTED_EDGE('',*,*,#6750,.F.);
#9916=ORIENTED_EDGE('',*,*,#6752,.F.);
#9917=ORIENTED_EDGE('',*,*,#6754,.F.);
#9918=ORIENTED_EDGE('',*,*,#6756,.F.);
#9919=ORIENTED_EDGE('',*,*,#6758,.F.);
#9920=ORIENTED_EDGE('',*,*,#6760,.F.);
#9921=ORIENTED_EDGE('',*,*,#6762,.F.);
#9922=ORIENTED_EDGE('',*,*,#6764,.F.);
#9923=ORIENTED_EDGE('',*,*,#6774,.F.);
#9924=ORIENTED_EDGE('',*,*,#6772,.F.);
#9925=ORIENTED_EDGE('',*,*,#6770,.F.);
#9926=ORIENTED_EDGE('',*,*,#6242,.F.);
#9927=ORIENTED_EDGE('',*,*,#6225,.F.);
#9928=ORIENTED_EDGE('',*,*,#6223,.F.);
#9929=ORIENTED_EDGE('',*,*,#6731,.F.);
#9930=ORIENTED_EDGE('',*,*,#6733,.F.);
#9931=ORIENTED_EDGE('',*,*,#6686,.F.);
#9932=ORIENTED_EDGE('',*,*,#6689,.F.);
#9933=ORIENTED_EDGE('',*,*,#6693,.F.);
#9934=ORIENTED_EDGE('',*,*,#6697,.F.);
#9935=ORIENTED_EDGE('',*,*,#6910,.F.);
#9936=ORIENTED_EDGE('',*,*,#6904,.F.);
#9937=ORIENTED_EDGE('',*,*,#6907,.F.);
#9938=ORIENTED_EDGE('',*,*,#6909,.F.);
#9939=ORIENTED_EDGE('',*,*,#6902,.F.);
#9940=ORIENTED_EDGE('',*,*,#6896,.F.);
#9941=ORIENTED_EDGE('',*,*,#6899,.F.);
#9942=ORIENTED_EDGE('',*,*,#6901,.F.);
#9943=ORIENTED_EDGE('',*,*,#6894,.F.);
#9944=ORIENTED_EDGE('',*,*,#6888,.F.);
#9945=ORIENTED_EDGE('',*,*,#6891,.F.);
#9946=ORIENTED_EDGE('',*,*,#6893,.F.);
#9947=ORIENTED_EDGE('',*,*,#6886,.F.);
#9948=ORIENTED_EDGE('',*,*,#6880,.F.);
#9949=ORIENTED_EDGE('',*,*,#6883,.F.);
#9950=ORIENTED_EDGE('',*,*,#6885,.F.);
#9951=ORIENTED_EDGE('',*,*,#6878,.F.);
#9952=ORIENTED_EDGE('',*,*,#6872,.F.);
#9953=ORIENTED_EDGE('',*,*,#6875,.F.);
#9954=ORIENTED_EDGE('',*,*,#6877,.F.);
#9955=ORIENTED_EDGE('',*,*,#6870,.F.);
#9956=ORIENTED_EDGE('',*,*,#6864,.F.);
#9957=ORIENTED_EDGE('',*,*,#6867,.F.);
#9958=ORIENTED_EDGE('',*,*,#6869,.F.);
#9959=ORIENTED_EDGE('',*,*,#6862,.F.);
#9960=ORIENTED_EDGE('',*,*,#6856,.F.);
#9961=ORIENTED_EDGE('',*,*,#6859,.F.);
#9962=ORIENTED_EDGE('',*,*,#6861,.F.);
#9963=ORIENTED_EDGE('',*,*,#6854,.F.);
#9964=ORIENTED_EDGE('',*,*,#6848,.F.);
#9965=ORIENTED_EDGE('',*,*,#6851,.F.);
#9966=ORIENTED_EDGE('',*,*,#6853,.F.);
#9967=ORIENTED_EDGE('',*,*,#6846,.F.);
#9968=ORIENTED_EDGE('',*,*,#6840,.F.);
#9969=ORIENTED_EDGE('',*,*,#6843,.F.);
#9970=ORIENTED_EDGE('',*,*,#6845,.F.);
#9971=ORIENTED_EDGE('',*,*,#6838,.F.);
#9972=ORIENTED_EDGE('',*,*,#6832,.F.);
#9973=ORIENTED_EDGE('',*,*,#6835,.F.);
#9974=ORIENTED_EDGE('',*,*,#6837,.F.);
#9975=ORIENTED_EDGE('',*,*,#6830,.F.);
#9976=ORIENTED_EDGE('',*,*,#6824,.F.);
#9977=ORIENTED_EDGE('',*,*,#6827,.F.);
#9978=ORIENTED_EDGE('',*,*,#6829,.F.);
#9979=ORIENTED_EDGE('',*,*,#6822,.F.);
#9980=ORIENTED_EDGE('',*,*,#6816,.F.);
#9981=ORIENTED_EDGE('',*,*,#6819,.F.);
#9982=ORIENTED_EDGE('',*,*,#6821,.F.);
#9983=ORIENTED_EDGE('',*,*,#6814,.F.);
#9984=ORIENTED_EDGE('',*,*,#6808,.F.);
#9985=ORIENTED_EDGE('',*,*,#6811,.F.);
#9986=ORIENTED_EDGE('',*,*,#6813,.F.);
#9987=ORIENTED_EDGE('',*,*,#6806,.F.);
#9988=ORIENTED_EDGE('',*,*,#6800,.F.);
#9989=ORIENTED_EDGE('',*,*,#6803,.F.);
#9990=ORIENTED_EDGE('',*,*,#6805,.F.);
#9991=ORIENTED_EDGE('',*,*,#6798,.F.);
#9992=ORIENTED_EDGE('',*,*,#6792,.F.);
#9993=ORIENTED_EDGE('',*,*,#6795,.F.);
#9994=ORIENTED_EDGE('',*,*,#6797,.F.);
#9995=ORIENTED_EDGE('',*,*,#6790,.F.);
#9996=ORIENTED_EDGE('',*,*,#6784,.F.);
#9997=ORIENTED_EDGE('',*,*,#6787,.F.);
#9998=ORIENTED_EDGE('',*,*,#6789,.F.);
#9999=ORIENTED_EDGE('',*,*,#6782,.F.);
#10000=ORIENTED_EDGE('',*,*,#6776,.F.);
#10001=ORIENTED_EDGE('',*,*,#6779,.F.);
#10002=ORIENTED_EDGE('',*,*,#6781,.F.);
#10003=PLANE('',#11066);
#10004=PLANE('',#11067);
#10005=PLANE('',#11077);
#10006=PLANE('',#11078);
#10007=PLANE('',#11079);
#10008=PLANE('',#11080);
#10009=PLANE('',#11081);
#10010=PLANE('',#11082);
#10011=PLANE('',#11085);
#10012=PLANE('',#11088);
#10013=PLANE('',#11091);
#10014=PLANE('',#11094);
#10015=PLANE('',#11097);
#10016=PLANE('',#11098);
#10017=PLANE('',#11099);
#10018=PLANE('',#11102);
#10019=PLANE('',#11103);
#10020=PLANE('',#11104);
#10021=PLANE('',#11105);
#10022=PLANE('',#11108);
#10023=PLANE('',#11121);
#10024=PLANE('',#11123);
#10025=PLANE('',#11125);
#10026=PLANE('',#11130);
#10027=PLANE('',#11142);
#10028=PLANE('',#11145);
#10029=PLANE('',#11148);
#10030=PLANE('',#11152);
#10031=PLANE('',#11162);
#10032=PLANE('',#11168);
#10033=PLANE('',#11171);
#10034=PLANE('',#11173);
#10035=PLANE('',#11174);
#10036=PLANE('',#11175);
#10037=PLANE('',#11176);
#10038=PLANE('',#11177);
#10039=PLANE('',#11178);
#10040=PLANE('',#11179);
#10041=PLANE('',#11180);
#10042=PLANE('',#11181);
#10043=PLANE('',#11182);
#10044=PLANE('',#11183);
#10045=PLANE('',#11184);
#10046=PLANE('',#11185);
#10047=PLANE('',#11186);
#10048=PLANE('',#11187);
#10049=PLANE('',#11188);
#10050=PLANE('',#11189);
#10051=PLANE('',#11190);
#10052=PLANE('',#11191);
#10053=PLANE('',#11192);
#10054=PLANE('',#11193);
#10055=PLANE('',#11194);
#10056=PLANE('',#11195);
#10057=PLANE('',#11196);
#10058=PLANE('',#11197);
#10059=PLANE('',#11198);
#10060=PLANE('',#11199);
#10061=PLANE('',#11200);
#10062=PLANE('',#11201);
#10063=PLANE('',#11202);
#10064=PLANE('',#11203);
#10065=PLANE('',#11204);
#10066=PLANE('',#11205);
#10067=PLANE('',#11206);
#10068=PLANE('',#11207);
#10069=PLANE('',#11208);
#10070=PLANE('',#11209);
#10071=PLANE('',#11210);
#10072=PLANE('',#11211);
#10073=PLANE('',#11212);
#10074=PLANE('',#11213);
#10075=PLANE('',#11214);
#10076=PLANE('',#11215);
#10077=PLANE('',#11216);
#10078=PLANE('',#11217);
#10079=PLANE('',#11218);
#10080=PLANE('',#11219);
#10081=PLANE('',#11220);
#10082=PLANE('',#11221);
#10083=PLANE('',#11222);
#10084=PLANE('',#11223);
#10085=PLANE('',#11224);
#10086=PLANE('',#11225);
#10087=PLANE('',#11226);
#10088=PLANE('',#11227);
#10089=PLANE('',#11228);
#10090=PLANE('',#11229);
#10091=PLANE('',#11230);
#10092=PLANE('',#11231);
#10093=PLANE('',#11232);
#10094=PLANE('',#11233);
#10095=PLANE('',#11234);
#10096=PLANE('',#11235);
#10097=PLANE('',#11236);
#10098=PLANE('',#11237);
#10099=PLANE('',#11238);
#10100=PLANE('',#11239);
#10101=PLANE('',#11240);
#10102=PLANE('',#11241);
#10103=PLANE('',#11242);
#10104=PLANE('',#11243);
#10105=PLANE('',#11244);
#10106=PLANE('',#11245);
#10107=PLANE('',#11246);
#10108=PLANE('',#11247);
#10109=PLANE('',#11248);
#10110=PLANE('',#11249);
#10111=PLANE('',#11250);
#10112=PLANE('',#11251);
#10113=PLANE('',#11252);
#10114=PLANE('',#11253);
#10115=PLANE('',#11254);
#10116=PLANE('',#11255);
#10117=PLANE('',#11258);
#10118=PLANE('',#11262);
#10119=PLANE('',#11263);
#10120=PLANE('',#11264);
#10121=PLANE('',#11265);
#10122=PLANE('',#11266);
#10123=PLANE('',#11268);
#10124=PLANE('',#11269);
#10125=PLANE('',#11270);
#10126=PLANE('',#11271);
#10127=PLANE('',#11272);
#10128=PLANE('',#11273);
#10129=PLANE('',#11274);
#10130=PLANE('',#11293);
#10131=PLANE('',#11294);
#10132=PLANE('',#11295);
#10133=PLANE('',#11296);
#10134=PLANE('',#11297);
#10135=PLANE('',#11298);
#10136=PLANE('',#11299);
#10137=PLANE('',#11300);
#10138=PLANE('',#11301);
#10139=PLANE('',#11302);
#10140=PLANE('',#11303);
#10141=PLANE('',#11304);
#10142=PLANE('',#11305);
#10143=PLANE('',#11306);
#10144=PLANE('',#11307);
#10145=PLANE('',#11310);
#10146=PLANE('',#11311);
#10147=PLANE('',#11312);
#10148=PLANE('',#11313);
#10149=PLANE('',#11314);
#10150=PLANE('',#11315);
#10151=PLANE('',#11317);
#10152=PLANE('',#11318);
#10153=PLANE('',#11319);
#10154=PLANE('',#11320);
#10155=PLANE('',#11321);
#10156=PLANE('',#11322);
#10157=PLANE('',#11323);
#10158=PLANE('',#11324);
#10159=PLANE('',#11325);
#10160=PLANE('',#11326);
#10161=PLANE('',#11327);
#10162=PLANE('',#11328);
#10163=PLANE('',#11329);
#10164=PLANE('',#11330);
#10165=PLANE('',#11331);
#10166=PLANE('',#11332);
#10167=PLANE('',#11333);
#10168=PLANE('',#11334);
#10169=PLANE('',#11335);
#10170=PLANE('',#11336);
#10171=PLANE('',#11337);
#10172=PLANE('',#11338);
#10173=PLANE('',#11339);
#10174=PLANE('',#11340);
#10175=PLANE('',#11341);
#10176=PLANE('',#11342);
#10177=PLANE('',#11343);
#10178=PLANE('',#11344);
#10179=PLANE('',#11345);
#10180=PLANE('',#11346);
#10181=PLANE('',#11347);
#10182=PLANE('',#11348);
#10183=PLANE('',#11349);
#10184=PLANE('',#11350);
#10185=PLANE('',#11351);
#10186=PLANE('',#11352);
#10187=PLANE('',#11353);
#10188=PLANE('',#11354);
#10189=PLANE('',#11355);
#10190=PLANE('',#11356);
#10191=PLANE('',#11357);
#10192=PLANE('',#11358);
#10193=PLANE('',#11359);
#10194=PLANE('',#11360);
#10195=PLANE('',#11361);
#10196=PLANE('',#11362);
#10197=PLANE('',#11363);
#10198=PLANE('',#11364);
#10199=PLANE('',#11365);
#10200=PLANE('',#11366);
#10201=PLANE('',#11367);
#10202=PLANE('',#11368);
#10203=PLANE('',#11369);
#10204=PLANE('',#11370);
#10205=PLANE('',#11371);
#10206=PLANE('',#11372);
#10207=PLANE('',#11373);
#10208=PLANE('',#11374);
#10209=PLANE('',#11375);
#10210=PLANE('',#11376);
#10211=PLANE('',#11377);
#10212=PLANE('',#11378);
#10213=PLANE('',#11379);
#10214=PLANE('',#11380);
#10215=PLANE('',#11381);
#10216=PLANE('',#11382);
#10217=PLANE('',#11383);
#10218=PLANE('',#11384);
#10219=PLANE('',#11385);
#10220=PLANE('',#11386);
#10221=PLANE('',#11387);
#10222=PLANE('',#11388);
#10223=PLANE('',#11389);
#10224=PLANE('',#11390);
#10225=PLANE('',#11391);
#10226=PLANE('',#11392);
#10227=PLANE('',#11393);
#10228=PLANE('',#11394);
#10229=PLANE('',#11395);
#10230=PLANE('',#11396);
#10231=PLANE('',#11397);
#10232=PLANE('',#11398);
#10233=PLANE('',#11399);
#10234=PLANE('',#11400);
#10235=PLANE('',#11401);
#10236=PLANE('',#11402);
#10237=PLANE('',#11403);
#10238=PLANE('',#11404);
#10239=PLANE('',#11405);
#10240=PLANE('',#11406);
#10241=PLANE('',#11407);
#10242=PLANE('',#11408);
#10243=PLANE('',#11409);
#10244=PLANE('',#11410);
#10245=PLANE('',#11411);
#10246=PLANE('',#11412);
#10247=PLANE('',#11413);
#10248=PLANE('',#11423);
#10249=PLANE('',#11424);
#10250=PLANE('',#11425);
#10251=PLANE('',#11426);
#10252=PLANE('',#11427);
#10253=PLANE('',#11428);
#10254=PLANE('',#11431);
#10255=PLANE('',#11434);
#10256=PLANE('',#11437);
#10257=PLANE('',#11440);
#10258=PLANE('',#11443);
#10259=PLANE('',#11444);
#10260=PLANE('',#11445);
#10261=PLANE('',#11448);
#10262=PLANE('',#11449);
#10263=PLANE('',#11450);
#10264=PLANE('',#11451);
#10265=PLANE('',#11454);
#10266=PLANE('',#11467);
#10267=PLANE('',#11469);
#10268=PLANE('',#11471);
#10269=PLANE('',#11476);
#10270=PLANE('',#11488);
#10271=PLANE('',#11491);
#10272=PLANE('',#11494);
#10273=PLANE('',#11498);
#10274=PLANE('',#11508);
#10275=PLANE('',#11514);
#10276=PLANE('',#11517);
#10277=PLANE('',#11519);
#10278=PLANE('',#11520);
#10279=PLANE('',#11521);
#10280=PLANE('',#11522);
#10281=PLANE('',#11523);
#10282=PLANE('',#11524);
#10283=PLANE('',#11525);
#10284=PLANE('',#11526);
#10285=PLANE('',#11527);
#10286=PLANE('',#11528);
#10287=PLANE('',#11529);
#10288=PLANE('',#11530);
#10289=PLANE('',#11531);
#10290=PLANE('',#11532);
#10291=PLANE('',#11533);
#10292=PLANE('',#11534);
#10293=PLANE('',#11535);
#10294=PLANE('',#11536);
#10295=PLANE('',#11537);
#10296=PLANE('',#11538);
#10297=PLANE('',#11539);
#10298=PLANE('',#11540);
#10299=PLANE('',#11541);
#10300=PLANE('',#11542);
#10301=PLANE('',#11543);
#10302=PLANE('',#11544);
#10303=PLANE('',#11545);
#10304=PLANE('',#11546);
#10305=PLANE('',#11547);
#10306=PLANE('',#11548);
#10307=PLANE('',#11549);
#10308=PLANE('',#11550);
#10309=PLANE('',#11551);
#10310=PLANE('',#11552);
#10311=PLANE('',#11553);
#10312=PLANE('',#11554);
#10313=PLANE('',#11555);
#10314=PLANE('',#11556);
#10315=PLANE('',#11557);
#10316=PLANE('',#11558);
#10317=PLANE('',#11559);
#10318=PLANE('',#11560);
#10319=PLANE('',#11561);
#10320=PLANE('',#11562);
#10321=PLANE('',#11563);
#10322=PLANE('',#11564);
#10323=PLANE('',#11565);
#10324=PLANE('',#11566);
#10325=PLANE('',#11567);
#10326=PLANE('',#11568);
#10327=PLANE('',#11569);
#10328=PLANE('',#11570);
#10329=PLANE('',#11571);
#10330=PLANE('',#11572);
#10331=PLANE('',#11573);
#10332=PLANE('',#11574);
#10333=PLANE('',#11575);
#10334=PLANE('',#11576);
#10335=PLANE('',#11577);
#10336=PLANE('',#11578);
#10337=PLANE('',#11579);
#10338=PLANE('',#11580);
#10339=PLANE('',#11581);
#10340=PLANE('',#11582);
#10341=PLANE('',#11583);
#10342=PLANE('',#11584);
#10343=PLANE('',#11585);
#10344=PLANE('',#11586);
#10345=PLANE('',#11587);
#10346=PLANE('',#11588);
#10347=PLANE('',#11589);
#10348=PLANE('',#11590);
#10349=PLANE('',#11591);
#10350=PLANE('',#11592);
#10351=PLANE('',#11593);
#10352=PLANE('',#11594);
#10353=PLANE('',#11595);
#10354=PLANE('',#11596);
#10355=PLANE('',#11597);
#10356=PLANE('',#11598);
#10357=PLANE('',#11599);
#10358=PLANE('',#11600);
#10359=PLANE('',#11601);
#10360=PLANE('',#11604);
#10361=PLANE('',#11608);
#10362=PLANE('',#11609);
#10363=PLANE('',#11610);
#10364=PLANE('',#11611);
#10365=PLANE('',#11612);
#10366=PLANE('',#11614);
#10367=PLANE('',#11615);
#10368=PLANE('',#11616);
#10369=PLANE('',#11617);
#10370=PLANE('',#11618);
#10371=PLANE('',#11619);
#10372=PLANE('',#11620);
#10373=PLANE('',#11639);
#10374=PLANE('',#11640);
#10375=PLANE('',#11641);
#10376=PLANE('',#11642);
#10377=PLANE('',#11643);
#10378=PLANE('',#11644);
#10379=PLANE('',#11645);
#10380=PLANE('',#11646);
#10381=PLANE('',#11647);
#10382=PLANE('',#11648);
#10383=PLANE('',#11649);
#10384=PLANE('',#11650);
#10385=PLANE('',#11651);
#10386=PLANE('',#11652);
#10387=PLANE('',#11653);
#10388=PLANE('',#11656);
#10389=PLANE('',#11657);
#10390=PLANE('',#11658);
#10391=PLANE('',#11659);
#10392=PLANE('',#11660);
#10393=PLANE('',#11661);
#10394=PLANE('',#11663);
#10395=PLANE('',#11664);
#10396=PLANE('',#11665);
#10397=PLANE('',#11666);
#10398=PLANE('',#11667);
#10399=PLANE('',#11668);
#10400=PLANE('',#11669);
#10401=PLANE('',#11670);
#10402=PLANE('',#11671);
#10403=PLANE('',#11672);
#10404=PLANE('',#11673);
#10405=PLANE('',#11674);
#10406=PLANE('',#11675);
#10407=PLANE('',#11676);
#10408=PLANE('',#11677);
#10409=PLANE('',#11678);
#10410=PLANE('',#11679);
#10411=PLANE('',#11680);
#10412=PLANE('',#11681);
#10413=PLANE('',#11682);
#10414=PLANE('',#11683);
#10415=PLANE('',#11684);
#10416=PLANE('',#11685);
#10417=PLANE('',#11686);
#10418=PLANE('',#11687);
#10419=PLANE('',#11688);
#10420=PLANE('',#11689);
#10421=PLANE('',#11690);
#10422=PLANE('',#11691);
#10423=PLANE('',#11692);
#10424=PLANE('',#11693);
#10425=PLANE('',#11694);
#10426=PLANE('',#11695);
#10427=PLANE('',#11696);
#10428=PLANE('',#11697);
#10429=PLANE('',#11698);
#10430=PLANE('',#11699);
#10431=PLANE('',#11700);
#10432=PLANE('',#11701);
#10433=PLANE('',#11702);
#10434=PLANE('',#11703);
#10435=PLANE('',#11704);
#10436=PLANE('',#11705);
#10437=PLANE('',#11706);
#10438=PLANE('',#11707);
#10439=PLANE('',#11708);
#10440=PLANE('',#11709);
#10441=PLANE('',#11710);
#10442=PLANE('',#11711);
#10443=PLANE('',#11712);
#10444=PLANE('',#11713);
#10445=PLANE('',#11714);
#10446=PLANE('',#11715);
#10447=PLANE('',#11716);
#10448=PLANE('',#11717);
#10449=PLANE('',#11718);
#10450=PLANE('',#11719);
#10451=PLANE('',#11720);
#10452=PLANE('',#11721);
#10453=PLANE('',#11722);
#10454=PLANE('',#11723);
#10455=PLANE('',#11724);
#10456=PLANE('',#11725);
#10457=PLANE('',#11726);
#10458=PLANE('',#11727);
#10459=PLANE('',#11728);
#10460=PLANE('',#11729);
#10461=PLANE('',#11730);
#10462=PLANE('',#11731);
#10463=PLANE('',#11732);
#10464=PLANE('',#11733);
#10465=PLANE('',#11734);
#10466=PLANE('',#11735);
#10467=PLANE('',#11736);
#10468=PLANE('',#11737);
#10469=PLANE('',#11738);
#10470=PLANE('',#11739);
#10471=PLANE('',#11740);
#10472=PLANE('',#11741);
#10473=PLANE('',#11742);
#10474=PLANE('',#11743);
#10475=PLANE('',#11744);
#10476=PLANE('',#11745);
#10477=PLANE('',#11746);
#10478=PLANE('',#11747);
#10479=PLANE('',#11748);
#10480=PLANE('',#11749);
#10481=PLANE('',#11750);
#10482=PLANE('',#11751);
#10483=PLANE('',#11752);
#10484=PLANE('',#11753);
#10485=PLANE('',#11754);
#10486=PLANE('',#11755);
#10487=PLANE('',#11756);
#10488=PLANE('',#11757);
#10489=ADVANCED_FACE('',(#323),#10003,.T.);
#10490=ADVANCED_FACE('',(#324,#93),#10004,.T.);
#10491=ADVANCED_FACE('',(#325),#69,.T.);
#10492=ADVANCED_FACE('',(#326),#10005,.T.);
#10493=ADVANCED_FACE('',(#327),#10006,.T.);
#10494=ADVANCED_FACE('',(#328),#10007,.T.);
#10495=ADVANCED_FACE('',(#329),#10008,.T.);
#10496=ADVANCED_FACE('',(#330),#10009,.T.);
#10497=ADVANCED_FACE('',(#331),#10010,.T.);
#10498=ADVANCED_FACE('',(#332),#70,.T.);
#10499=ADVANCED_FACE('',(#333),#10011,.T.);
#10500=ADVANCED_FACE('',(#334),#71,.T.);
#10501=ADVANCED_FACE('',(#335),#10012,.T.);
#10502=ADVANCED_FACE('',(#336),#72,.T.);
#10503=ADVANCED_FACE('',(#337),#10013,.T.);
#10504=ADVANCED_FACE('',(#338),#73,.T.);
#10505=ADVANCED_FACE('',(#339),#10014,.T.);
#10506=ADVANCED_FACE('',(#340),#74,.T.);
#10507=ADVANCED_FACE('',(#341),#10015,.T.);
#10508=ADVANCED_FACE('',(#342),#10016,.T.);
#10509=ADVANCED_FACE('',(#343),#10017,.T.);
#10510=ADVANCED_FACE('',(#344),#17,.T.);
#10511=ADVANCED_FACE('',(#345),#10018,.T.);
#10512=ADVANCED_FACE('',(#346),#10019,.T.);
#10513=ADVANCED_FACE('',(#347),#10020,.T.);
#10514=ADVANCED_FACE('',(#348,#94),#10021,.T.);
#10515=ADVANCED_FACE('',(#349,#95),#10022,.T.);
#10516=ADVANCED_FACE('',(#350),#18,.T.);
#10517=ADVANCED_FACE('',(#351),#10023,.T.);
#10518=ADVANCED_FACE('',(#352),#19,.T.);
#10519=ADVANCED_FACE('',(#353),#10024,.T.);
#10520=ADVANCED_FACE('',(#354),#20,.T.);
#10521=ADVANCED_FACE('',(#355),#10025,.T.);
#10522=ADVANCED_FACE('',(#356),#21,.T.);
#10523=ADVANCED_FACE('',(#357),#22,.T.);
#10524=ADVANCED_FACE('',(#358),#23,.F.);
#10525=ADVANCED_FACE('',(#359,#96),#10026,.T.);
#10526=ADVANCED_FACE('',(#360),#10027,.T.);
#10527=ADVANCED_FACE('',(#361),#24,.F.);
#10528=ADVANCED_FACE('',(#362),#25,.F.);
#10529=ADVANCED_FACE('',(#363),#10028,.T.);
#10530=ADVANCED_FACE('',(#364),#26,.F.);
#10531=ADVANCED_FACE('',(#365),#27,.F.);
#10532=ADVANCED_FACE('',(#366),#10029,.T.);
#10533=ADVANCED_FACE('',(#367),#28,.F.);
#10534=ADVANCED_FACE('',(#368),#29,.F.);
#10535=ADVANCED_FACE('',(#369,#97,#98,#99,#100,#101,#102,#103,#104,#105,
#106,#107,#108,#109,#110,#111,#112,#113,#114,#115,#116,#117),#10030,.F.);
#10536=ADVANCED_FACE('',(#370),#10031,.T.);
#10537=ADVANCED_FACE('',(#371),#30,.F.);
#10538=ADVANCED_FACE('',(#372),#31,.F.);
#10539=ADVANCED_FACE('',(#373),#10032,.T.);
#10540=ADVANCED_FACE('',(#374),#32,.F.);
#10541=ADVANCED_FACE('',(#375),#33,.F.);
#10542=ADVANCED_FACE('',(#376),#10033,.T.);
#10543=ADVANCED_FACE('',(#377),#34,.F.);
#10544=ADVANCED_FACE('',(#378),#10034,.T.);
#10545=ADVANCED_FACE('',(#379),#10035,.T.);
#10546=ADVANCED_FACE('',(#380),#10036,.T.);
#10547=ADVANCED_FACE('',(#381),#10037,.T.);
#10548=ADVANCED_FACE('',(#382),#10038,.T.);
#10549=ADVANCED_FACE('',(#383),#10039,.T.);
#10550=ADVANCED_FACE('',(#384,#118),#10040,.T.);
#10551=ADVANCED_FACE('',(#385),#10041,.F.);
#10552=ADVANCED_FACE('',(#386),#10042,.T.);
#10553=ADVANCED_FACE('',(#387),#10043,.T.);
#10554=ADVANCED_FACE('',(#388),#10044,.T.);
#10555=ADVANCED_FACE('',(#389),#10045,.T.);
#10556=ADVANCED_FACE('',(#390),#10046,.T.);
#10557=ADVANCED_FACE('',(#391),#10047,.T.);
#10558=ADVANCED_FACE('',(#392),#10048,.F.);
#10559=ADVANCED_FACE('',(#393),#10049,.T.);
#10560=ADVANCED_FACE('',(#394),#10050,.T.);
#10561=ADVANCED_FACE('',(#395),#10051,.T.);
#10562=ADVANCED_FACE('',(#396),#10052,.T.);
#10563=ADVANCED_FACE('',(#397),#10053,.T.);
#10564=ADVANCED_FACE('',(#398),#10054,.T.);
#10565=ADVANCED_FACE('',(#399),#10055,.T.);
#10566=ADVANCED_FACE('',(#400),#10056,.T.);
#10567=ADVANCED_FACE('',(#401),#10057,.T.);
#10568=ADVANCED_FACE('',(#402),#10058,.T.);
#10569=ADVANCED_FACE('',(#403),#10059,.T.);
#10570=ADVANCED_FACE('',(#404),#10060,.T.);
#10571=ADVANCED_FACE('',(#405),#10061,.F.);
#10572=ADVANCED_FACE('',(#406,#119,#120),#10062,.T.);
#10573=ADVANCED_FACE('',(#407),#10063,.T.);
#10574=ADVANCED_FACE('',(#408),#10064,.T.);
#10575=ADVANCED_FACE('',(#409),#10065,.T.);
#10576=ADVANCED_FACE('',(#410),#10066,.T.);
#10577=ADVANCED_FACE('',(#411),#10067,.T.);
#10578=ADVANCED_FACE('',(#412),#10068,.T.);
#10579=ADVANCED_FACE('',(#413),#10069,.F.);
#10580=ADVANCED_FACE('',(#414),#10070,.F.);
#10581=ADVANCED_FACE('',(#415),#10071,.F.);
#10582=ADVANCED_FACE('',(#416),#10072,.F.);
#10583=ADVANCED_FACE('',(#417),#10073,.F.);
#10584=ADVANCED_FACE('',(#418),#10074,.F.);
#10585=ADVANCED_FACE('',(#419),#10075,.F.);
#10586=ADVANCED_FACE('',(#420),#10076,.F.);
#10587=ADVANCED_FACE('',(#421),#10077,.F.);
#10588=ADVANCED_FACE('',(#422),#10078,.F.);
#10589=ADVANCED_FACE('',(#423),#10079,.F.);
#10590=ADVANCED_FACE('',(#424),#10080,.F.);
#10591=ADVANCED_FACE('',(#425),#10081,.F.);
#10592=ADVANCED_FACE('',(#426),#10082,.F.);
#10593=ADVANCED_FACE('',(#427),#10083,.F.);
#10594=ADVANCED_FACE('',(#428),#10084,.F.);
#10595=ADVANCED_FACE('',(#429),#10085,.F.);
#10596=ADVANCED_FACE('',(#430),#10086,.F.);
#10597=ADVANCED_FACE('',(#431),#10087,.F.);
#10598=ADVANCED_FACE('',(#432),#10088,.F.);
#10599=ADVANCED_FACE('',(#433),#10089,.F.);
#10600=ADVANCED_FACE('',(#434),#10090,.F.);
#10601=ADVANCED_FACE('',(#435),#10091,.F.);
#10602=ADVANCED_FACE('',(#436),#10092,.F.);
#10603=ADVANCED_FACE('',(#437),#10093,.F.);
#10604=ADVANCED_FACE('',(#438),#10094,.F.);
#10605=ADVANCED_FACE('',(#439),#10095,.F.);
#10606=ADVANCED_FACE('',(#440),#10096,.F.);
#10607=ADVANCED_FACE('',(#441),#10097,.F.);
#10608=ADVANCED_FACE('',(#442),#10098,.F.);
#10609=ADVANCED_FACE('',(#443),#10099,.F.);
#10610=ADVANCED_FACE('',(#444),#10100,.F.);
#10611=ADVANCED_FACE('',(#445),#10101,.F.);
#10612=ADVANCED_FACE('',(#446),#10102,.F.);
#10613=ADVANCED_FACE('',(#447),#10103,.F.);
#10614=ADVANCED_FACE('',(#448),#10104,.F.);
#10615=ADVANCED_FACE('',(#449),#10105,.F.);
#10616=ADVANCED_FACE('',(#450),#10106,.F.);
#10617=ADVANCED_FACE('',(#451),#10107,.F.);
#10618=ADVANCED_FACE('',(#452),#10108,.T.);
#10619=ADVANCED_FACE('',(#453),#10109,.T.);
#10620=ADVANCED_FACE('',(#454),#10110,.T.);
#10621=ADVANCED_FACE('',(#455),#10111,.T.);
#10622=ADVANCED_FACE('',(#456),#10112,.F.);
#10623=ADVANCED_FACE('',(#457),#10113,.F.);
#10624=ADVANCED_FACE('',(#458),#10114,.F.);
#10625=ADVANCED_FACE('',(#459),#10115,.F.);
#10626=ADVANCED_FACE('',(#460),#10116,.T.);
#10627=ADVANCED_FACE('',(#461),#75,.F.);
#10628=ADVANCED_FACE('',(#462),#10117,.T.);
#10629=ADVANCED_FACE('',(#463),#76,.F.);
#10630=ADVANCED_FACE('',(#464),#35,.F.);
#10631=ADVANCED_FACE('',(#465),#10118,.F.);
#10632=ADVANCED_FACE('',(#466),#10119,.F.);
#10633=ADVANCED_FACE('',(#467),#10120,.F.);
#10634=ADVANCED_FACE('',(#468),#10121,.F.);
#10635=ADVANCED_FACE('',(#469),#10122,.F.);
#10636=ADVANCED_FACE('',(#470),#36,.F.);
#10637=ADVANCED_FACE('',(#471),#10123,.T.);
#10638=ADVANCED_FACE('',(#472),#10124,.T.);
#10639=ADVANCED_FACE('',(#473),#10125,.F.);
#10640=ADVANCED_FACE('',(#474),#10126,.F.);
#10641=ADVANCED_FACE('',(#475),#10127,.F.);
#10642=ADVANCED_FACE('',(#476),#10128,.F.);
#10643=ADVANCED_FACE('',(#477),#10129,.F.);
#10644=ADVANCED_FACE('',(#478),#77,.F.);
#10645=ADVANCED_FACE('',(#479),#37,.F.);
#10646=ADVANCED_FACE('',(#480),#78,.F.);
#10647=ADVANCED_FACE('',(#481),#38,.F.);
#10648=ADVANCED_FACE('',(#482),#79,.F.);
#10649=ADVANCED_FACE('',(#483),#39,.F.);
#10650=ADVANCED_FACE('',(#484),#80,.F.);
#10651=ADVANCED_FACE('',(#485),#40,.F.);
#10652=ADVANCED_FACE('',(#486),#10130,.T.);
#10653=ADVANCED_FACE('',(#487),#10131,.T.);
#10654=ADVANCED_FACE('',(#488),#10132,.T.);
#10655=ADVANCED_FACE('',(#489),#10133,.T.);
#10656=ADVANCED_FACE('',(#490),#10134,.T.);
#10657=ADVANCED_FACE('',(#491),#10135,.T.);
#10658=ADVANCED_FACE('',(#492),#10136,.T.);
#10659=ADVANCED_FACE('',(#493),#10137,.T.);
#10660=ADVANCED_FACE('',(#494),#10138,.T.);
#10661=ADVANCED_FACE('',(#495),#10139,.T.);
#10662=ADVANCED_FACE('',(#496),#10140,.F.);
#10663=ADVANCED_FACE('',(#497,#121),#10141,.T.);
#10664=ADVANCED_FACE('',(#498),#10142,.T.);
#10665=ADVANCED_FACE('',(#499),#10143,.T.);
#10666=ADVANCED_FACE('',(#500,#122),#10144,.F.);
#10667=ADVANCED_FACE('',(#501),#41,.T.);
#10668=ADVANCED_FACE('',(#502),#10145,.T.);
#10669=ADVANCED_FACE('',(#503),#10146,.T.);
#10670=ADVANCED_FACE('',(#504),#10147,.T.);
#10671=ADVANCED_FACE('',(#505),#10148,.T.);
#10672=ADVANCED_FACE('',(#506),#10149,.T.);
#10673=ADVANCED_FACE('',(#507),#10150,.T.);
#10674=ADVANCED_FACE('',(#508),#42,.F.);
#10675=ADVANCED_FACE('',(#509),#10151,.T.);
#10676=ADVANCED_FACE('',(#510),#10152,.T.);
#10677=ADVANCED_FACE('',(#511),#10153,.T.);
#10678=ADVANCED_FACE('',(#512),#10154,.T.);
#10679=ADVANCED_FACE('',(#513),#10155,.T.);
#10680=ADVANCED_FACE('',(#514),#10156,.T.);
#10681=ADVANCED_FACE('',(#515),#10157,.T.);
#10682=ADVANCED_FACE('',(#516),#10158,.T.);
#10683=ADVANCED_FACE('',(#517),#10159,.T.);
#10684=ADVANCED_FACE('',(#518),#10160,.T.);
#10685=ADVANCED_FACE('',(#519),#10161,.T.);
#10686=ADVANCED_FACE('',(#520),#10162,.T.);
#10687=ADVANCED_FACE('',(#521),#10163,.T.);
#10688=ADVANCED_FACE('',(#522),#10164,.T.);
#10689=ADVANCED_FACE('',(#523),#10165,.T.);
#10690=ADVANCED_FACE('',(#524),#10166,.T.);
#10691=ADVANCED_FACE('',(#525),#10167,.T.);
#10692=ADVANCED_FACE('',(#526),#10168,.T.);
#10693=ADVANCED_FACE('',(#527),#10169,.T.);
#10694=ADVANCED_FACE('',(#528),#10170,.T.);
#10695=ADVANCED_FACE('',(#529),#10171,.T.);
#10696=ADVANCED_FACE('',(#530),#10172,.T.);
#10697=ADVANCED_FACE('',(#531),#10173,.T.);
#10698=ADVANCED_FACE('',(#532),#10174,.T.);
#10699=ADVANCED_FACE('',(#533),#10175,.T.);
#10700=ADVANCED_FACE('',(#534),#10176,.T.);
#10701=ADVANCED_FACE('',(#535),#10177,.T.);
#10702=ADVANCED_FACE('',(#536),#10178,.T.);
#10703=ADVANCED_FACE('',(#537),#10179,.T.);
#10704=ADVANCED_FACE('',(#538),#10180,.T.);
#10705=ADVANCED_FACE('',(#539),#10181,.T.);
#10706=ADVANCED_FACE('',(#540),#10182,.T.);
#10707=ADVANCED_FACE('',(#541),#10183,.T.);
#10708=ADVANCED_FACE('',(#542),#10184,.T.);
#10709=ADVANCED_FACE('',(#543),#10185,.T.);
#10710=ADVANCED_FACE('',(#544),#10186,.T.);
#10711=ADVANCED_FACE('',(#545),#10187,.T.);
#10712=ADVANCED_FACE('',(#546),#10188,.T.);
#10713=ADVANCED_FACE('',(#547),#10189,.T.);
#10714=ADVANCED_FACE('',(#548),#10190,.T.);
#10715=ADVANCED_FACE('',(#549),#10191,.T.);
#10716=ADVANCED_FACE('',(#550),#10192,.T.);
#10717=ADVANCED_FACE('',(#551),#10193,.T.);
#10718=ADVANCED_FACE('',(#552),#10194,.T.);
#10719=ADVANCED_FACE('',(#553),#10195,.T.);
#10720=ADVANCED_FACE('',(#554),#10196,.T.);
#10721=ADVANCED_FACE('',(#555),#10197,.T.);
#10722=ADVANCED_FACE('',(#556),#10198,.T.);
#10723=ADVANCED_FACE('',(#557),#10199,.T.);
#10724=ADVANCED_FACE('',(#558),#10200,.T.);
#10725=ADVANCED_FACE('',(#559),#10201,.T.);
#10726=ADVANCED_FACE('',(#560),#10202,.T.);
#10727=ADVANCED_FACE('',(#561),#10203,.T.);
#10728=ADVANCED_FACE('',(#562),#10204,.T.);
#10729=ADVANCED_FACE('',(#563),#10205,.T.);
#10730=ADVANCED_FACE('',(#564),#10206,.T.);
#10731=ADVANCED_FACE('',(#565),#10207,.T.);
#10732=ADVANCED_FACE('',(#566),#10208,.T.);
#10733=ADVANCED_FACE('',(#567),#10209,.T.);
#10734=ADVANCED_FACE('',(#568),#10210,.T.);
#10735=ADVANCED_FACE('',(#569),#10211,.T.);
#10736=ADVANCED_FACE('',(#570),#10212,.T.);
#10737=ADVANCED_FACE('',(#571),#10213,.T.);
#10738=ADVANCED_FACE('',(#572),#10214,.T.);
#10739=ADVANCED_FACE('',(#573),#10215,.T.);
#10740=ADVANCED_FACE('',(#574),#10216,.T.);
#10741=ADVANCED_FACE('',(#575),#10217,.T.);
#10742=ADVANCED_FACE('',(#576),#10218,.T.);
#10743=ADVANCED_FACE('',(#577),#10219,.T.);
#10744=ADVANCED_FACE('',(#578),#10220,.T.);
#10745=ADVANCED_FACE('',(#579),#10221,.T.);
#10746=ADVANCED_FACE('',(#580),#10222,.T.);
#10747=ADVANCED_FACE('',(#581),#10223,.T.);
#10748=ADVANCED_FACE('',(#582),#10224,.T.);
#10749=ADVANCED_FACE('',(#583),#10225,.T.);
#10750=ADVANCED_FACE('',(#584),#10226,.T.);
#10751=ADVANCED_FACE('',(#585),#10227,.T.);
#10752=ADVANCED_FACE('',(#586),#10228,.T.);
#10753=ADVANCED_FACE('',(#587),#10229,.T.);
#10754=ADVANCED_FACE('',(#588),#10230,.T.);
#10755=ADVANCED_FACE('',(#589),#10231,.T.);
#10756=ADVANCED_FACE('',(#590),#10232,.T.);
#10757=ADVANCED_FACE('',(#591),#10233,.T.);
#10758=ADVANCED_FACE('',(#592),#10234,.T.);
#10759=ADVANCED_FACE('',(#593),#10235,.T.);
#10760=ADVANCED_FACE('',(#594),#10236,.T.);
#10761=ADVANCED_FACE('',(#595),#10237,.T.);
#10762=ADVANCED_FACE('',(#596),#10238,.T.);
#10763=ADVANCED_FACE('',(#597),#10239,.T.);
#10764=ADVANCED_FACE('',(#598),#10240,.T.);
#10765=ADVANCED_FACE('',(#599),#10241,.T.);
#10766=ADVANCED_FACE('',(#600),#10242,.T.);
#10767=ADVANCED_FACE('',(#601),#10243,.T.);
#10768=ADVANCED_FACE('',(#602),#10244,.T.);
#10769=ADVANCED_FACE('',(#603,#123,#124,#125,#126,#127,#128,#129,#130,#131,
#132,#133,#134,#135,#136,#137,#138,#139,#140,#141,#142),#10245,.T.);
#10770=ADVANCED_FACE('',(#604),#10246,.F.);
#10771=ADVANCED_FACE('',(#605,#143),#10247,.F.);
#10772=ADVANCED_FACE('',(#606),#81,.T.);
#10773=ADVANCED_FACE('',(#607),#10248,.F.);
#10774=ADVANCED_FACE('',(#608),#10249,.F.);
#10775=ADVANCED_FACE('',(#609),#10250,.F.);
#10776=ADVANCED_FACE('',(#610),#10251,.F.);
#10777=ADVANCED_FACE('',(#611),#10252,.F.);
#10778=ADVANCED_FACE('',(#612),#10253,.F.);
#10779=ADVANCED_FACE('',(#613),#82,.T.);
#10780=ADVANCED_FACE('',(#614),#10254,.F.);
#10781=ADVANCED_FACE('',(#615),#83,.T.);
#10782=ADVANCED_FACE('',(#616),#10255,.F.);
#10783=ADVANCED_FACE('',(#617),#84,.T.);
#10784=ADVANCED_FACE('',(#618),#10256,.F.);
#10785=ADVANCED_FACE('',(#619),#85,.T.);
#10786=ADVANCED_FACE('',(#620),#10257,.F.);
#10787=ADVANCED_FACE('',(#621),#86,.T.);
#10788=ADVANCED_FACE('',(#622),#10258,.F.);
#10789=ADVANCED_FACE('',(#623),#10259,.F.);
#10790=ADVANCED_FACE('',(#624),#10260,.F.);
#10791=ADVANCED_FACE('',(#625),#43,.T.);
#10792=ADVANCED_FACE('',(#626),#10261,.F.);
#10793=ADVANCED_FACE('',(#627),#10262,.F.);
#10794=ADVANCED_FACE('',(#628),#10263,.F.);
#10795=ADVANCED_FACE('',(#629,#144),#10264,.F.);
#10796=ADVANCED_FACE('',(#630,#145),#10265,.F.);
#10797=ADVANCED_FACE('',(#631),#44,.T.);
#10798=ADVANCED_FACE('',(#632),#10266,.F.);
#10799=ADVANCED_FACE('',(#633),#45,.T.);
#10800=ADVANCED_FACE('',(#634),#10267,.F.);
#10801=ADVANCED_FACE('',(#635),#46,.T.);
#10802=ADVANCED_FACE('',(#636),#10268,.F.);
#10803=ADVANCED_FACE('',(#637),#47,.T.);
#10804=ADVANCED_FACE('',(#638),#48,.T.);
#10805=ADVANCED_FACE('',(#639),#49,.F.);
#10806=ADVANCED_FACE('',(#640,#146),#10269,.F.);
#10807=ADVANCED_FACE('',(#641),#10270,.F.);
#10808=ADVANCED_FACE('',(#642),#50,.F.);
#10809=ADVANCED_FACE('',(#643),#51,.F.);
#10810=ADVANCED_FACE('',(#644),#10271,.F.);
#10811=ADVANCED_FACE('',(#645),#52,.F.);
#10812=ADVANCED_FACE('',(#646),#53,.F.);
#10813=ADVANCED_FACE('',(#647),#10272,.F.);
#10814=ADVANCED_FACE('',(#648),#54,.F.);
#10815=ADVANCED_FACE('',(#649),#55,.F.);
#10816=ADVANCED_FACE('',(#650,#147,#148,#149,#150,#151,#152,#153,#154,#155,
#156,#157,#158,#159,#160,#161,#162,#163,#164,#165,#166,#167),#10273,.T.);
#10817=ADVANCED_FACE('',(#651),#10274,.F.);
#10818=ADVANCED_FACE('',(#652),#56,.F.);
#10819=ADVANCED_FACE('',(#653),#57,.F.);
#10820=ADVANCED_FACE('',(#654),#10275,.F.);
#10821=ADVANCED_FACE('',(#655),#58,.F.);
#10822=ADVANCED_FACE('',(#656),#59,.F.);
#10823=ADVANCED_FACE('',(#657),#10276,.F.);
#10824=ADVANCED_FACE('',(#658),#60,.F.);
#10825=ADVANCED_FACE('',(#659),#10277,.F.);
#10826=ADVANCED_FACE('',(#660),#10278,.F.);
#10827=ADVANCED_FACE('',(#661),#10279,.F.);
#10828=ADVANCED_FACE('',(#662),#10280,.F.);
#10829=ADVANCED_FACE('',(#663),#10281,.F.);
#10830=ADVANCED_FACE('',(#664),#10282,.F.);
#10831=ADVANCED_FACE('',(#665,#168),#10283,.F.);
#10832=ADVANCED_FACE('',(#666),#10284,.T.);
#10833=ADVANCED_FACE('',(#667),#10285,.F.);
#10834=ADVANCED_FACE('',(#668),#10286,.F.);
#10835=ADVANCED_FACE('',(#669),#10287,.F.);
#10836=ADVANCED_FACE('',(#670),#10288,.F.);
#10837=ADVANCED_FACE('',(#671),#10289,.F.);
#10838=ADVANCED_FACE('',(#672),#10290,.F.);
#10839=ADVANCED_FACE('',(#673),#10291,.T.);
#10840=ADVANCED_FACE('',(#674),#10292,.F.);
#10841=ADVANCED_FACE('',(#675),#10293,.F.);
#10842=ADVANCED_FACE('',(#676),#10294,.F.);
#10843=ADVANCED_FACE('',(#677),#10295,.F.);
#10844=ADVANCED_FACE('',(#678),#10296,.F.);
#10845=ADVANCED_FACE('',(#679),#10297,.F.);
#10846=ADVANCED_FACE('',(#680),#10298,.F.);
#10847=ADVANCED_FACE('',(#681),#10299,.F.);
#10848=ADVANCED_FACE('',(#682),#10300,.F.);
#10849=ADVANCED_FACE('',(#683),#10301,.F.);
#10850=ADVANCED_FACE('',(#684),#10302,.F.);
#10851=ADVANCED_FACE('',(#685),#10303,.F.);
#10852=ADVANCED_FACE('',(#686),#10304,.T.);
#10853=ADVANCED_FACE('',(#687,#169,#170),#10305,.F.);
#10854=ADVANCED_FACE('',(#688),#10306,.F.);
#10855=ADVANCED_FACE('',(#689),#10307,.F.);
#10856=ADVANCED_FACE('',(#690),#10308,.F.);
#10857=ADVANCED_FACE('',(#691),#10309,.F.);
#10858=ADVANCED_FACE('',(#692),#10310,.F.);
#10859=ADVANCED_FACE('',(#693),#10311,.F.);
#10860=ADVANCED_FACE('',(#694),#10312,.T.);
#10861=ADVANCED_FACE('',(#695),#10313,.T.);
#10862=ADVANCED_FACE('',(#696),#10314,.T.);
#10863=ADVANCED_FACE('',(#697),#10315,.T.);
#10864=ADVANCED_FACE('',(#698),#10316,.T.);
#10865=ADVANCED_FACE('',(#699),#10317,.T.);
#10866=ADVANCED_FACE('',(#700),#10318,.T.);
#10867=ADVANCED_FACE('',(#701),#10319,.T.);
#10868=ADVANCED_FACE('',(#702),#10320,.T.);
#10869=ADVANCED_FACE('',(#703),#10321,.T.);
#10870=ADVANCED_FACE('',(#704),#10322,.T.);
#10871=ADVANCED_FACE('',(#705),#10323,.T.);
#10872=ADVANCED_FACE('',(#706),#10324,.T.);
#10873=ADVANCED_FACE('',(#707),#10325,.T.);
#10874=ADVANCED_FACE('',(#708),#10326,.T.);
#10875=ADVANCED_FACE('',(#709),#10327,.T.);
#10876=ADVANCED_FACE('',(#710),#10328,.T.);
#10877=ADVANCED_FACE('',(#711),#10329,.T.);
#10878=ADVANCED_FACE('',(#712),#10330,.T.);
#10879=ADVANCED_FACE('',(#713),#10331,.T.);
#10880=ADVANCED_FACE('',(#714),#10332,.T.);
#10881=ADVANCED_FACE('',(#715),#10333,.T.);
#10882=ADVANCED_FACE('',(#716),#10334,.T.);
#10883=ADVANCED_FACE('',(#717),#10335,.T.);
#10884=ADVANCED_FACE('',(#718),#10336,.T.);
#10885=ADVANCED_FACE('',(#719),#10337,.T.);
#10886=ADVANCED_FACE('',(#720),#10338,.T.);
#10887=ADVANCED_FACE('',(#721),#10339,.T.);
#10888=ADVANCED_FACE('',(#722),#10340,.T.);
#10889=ADVANCED_FACE('',(#723),#10341,.T.);
#10890=ADVANCED_FACE('',(#724),#10342,.T.);
#10891=ADVANCED_FACE('',(#725),#10343,.T.);
#10892=ADVANCED_FACE('',(#726),#10344,.T.);
#10893=ADVANCED_FACE('',(#727),#10345,.T.);
#10894=ADVANCED_FACE('',(#728),#10346,.T.);
#10895=ADVANCED_FACE('',(#729),#10347,.T.);
#10896=ADVANCED_FACE('',(#730),#10348,.T.);
#10897=ADVANCED_FACE('',(#731),#10349,.T.);
#10898=ADVANCED_FACE('',(#732),#10350,.T.);
#10899=ADVANCED_FACE('',(#733),#10351,.F.);
#10900=ADVANCED_FACE('',(#734),#10352,.F.);
#10901=ADVANCED_FACE('',(#735),#10353,.F.);
#10902=ADVANCED_FACE('',(#736),#10354,.F.);
#10903=ADVANCED_FACE('',(#737),#10355,.T.);
#10904=ADVANCED_FACE('',(#738),#10356,.T.);
#10905=ADVANCED_FACE('',(#739),#10357,.T.);
#10906=ADVANCED_FACE('',(#740),#10358,.T.);
#10907=ADVANCED_FACE('',(#741),#10359,.F.);
#10908=ADVANCED_FACE('',(#742),#87,.F.);
#10909=ADVANCED_FACE('',(#743),#10360,.F.);
#10910=ADVANCED_FACE('',(#744),#88,.F.);
#10911=ADVANCED_FACE('',(#745),#61,.F.);
#10912=ADVANCED_FACE('',(#746),#10361,.T.);
#10913=ADVANCED_FACE('',(#747),#10362,.T.);
#10914=ADVANCED_FACE('',(#748),#10363,.T.);
#10915=ADVANCED_FACE('',(#749),#10364,.T.);
#10916=ADVANCED_FACE('',(#750),#10365,.T.);
#10917=ADVANCED_FACE('',(#751),#62,.F.);
#10918=ADVANCED_FACE('',(#752),#10366,.F.);
#10919=ADVANCED_FACE('',(#753),#10367,.F.);
#10920=ADVANCED_FACE('',(#754),#10368,.T.);
#10921=ADVANCED_FACE('',(#755),#10369,.T.);
#10922=ADVANCED_FACE('',(#756),#10370,.T.);
#10923=ADVANCED_FACE('',(#757),#10371,.T.);
#10924=ADVANCED_FACE('',(#758),#10372,.T.);
#10925=ADVANCED_FACE('',(#759),#89,.F.);
#10926=ADVANCED_FACE('',(#760),#63,.F.);
#10927=ADVANCED_FACE('',(#761),#90,.F.);
#10928=ADVANCED_FACE('',(#762),#64,.F.);
#10929=ADVANCED_FACE('',(#763),#91,.F.);
#10930=ADVANCED_FACE('',(#764),#65,.F.);
#10931=ADVANCED_FACE('',(#765),#92,.F.);
#10932=ADVANCED_FACE('',(#766),#66,.F.);
#10933=ADVANCED_FACE('',(#767),#10373,.F.);
#10934=ADVANCED_FACE('',(#768),#10374,.F.);
#10935=ADVANCED_FACE('',(#769),#10375,.F.);
#10936=ADVANCED_FACE('',(#770),#10376,.F.);
#10937=ADVANCED_FACE('',(#771),#10377,.F.);
#10938=ADVANCED_FACE('',(#772),#10378,.F.);
#10939=ADVANCED_FACE('',(#773),#10379,.F.);
#10940=ADVANCED_FACE('',(#774),#10380,.F.);
#10941=ADVANCED_FACE('',(#775),#10381,.F.);
#10942=ADVANCED_FACE('',(#776),#10382,.F.);
#10943=ADVANCED_FACE('',(#777),#10383,.T.);
#10944=ADVANCED_FACE('',(#778,#171),#10384,.F.);
#10945=ADVANCED_FACE('',(#779),#10385,.F.);
#10946=ADVANCED_FACE('',(#780),#10386,.F.);
#10947=ADVANCED_FACE('',(#781,#172),#10387,.T.);
#10948=ADVANCED_FACE('',(#782),#67,.T.);
#10949=ADVANCED_FACE('',(#783),#10388,.F.);
#10950=ADVANCED_FACE('',(#784),#10389,.F.);
#10951=ADVANCED_FACE('',(#785),#10390,.F.);
#10952=ADVANCED_FACE('',(#786),#10391,.F.);
#10953=ADVANCED_FACE('',(#787),#10392,.F.);
#10954=ADVANCED_FACE('',(#788),#10393,.F.);
#10955=ADVANCED_FACE('',(#789),#68,.F.);
#10956=ADVANCED_FACE('',(#790),#10394,.F.);
#10957=ADVANCED_FACE('',(#791),#10395,.F.);
#10958=ADVANCED_FACE('',(#792),#10396,.F.);
#10959=ADVANCED_FACE('',(#793),#10397,.F.);
#10960=ADVANCED_FACE('',(#794),#10398,.F.);
#10961=ADVANCED_FACE('',(#795),#10399,.F.);
#10962=ADVANCED_FACE('',(#796),#10400,.F.);
#10963=ADVANCED_FACE('',(#797),#10401,.F.);
#10964=ADVANCED_FACE('',(#798),#10402,.F.);
#10965=ADVANCED_FACE('',(#799),#10403,.F.);
#10966=ADVANCED_FACE('',(#800),#10404,.F.);
#10967=ADVANCED_FACE('',(#801),#10405,.F.);
#10968=ADVANCED_FACE('',(#802),#10406,.F.);
#10969=ADVANCED_FACE('',(#803),#10407,.F.);
#10970=ADVANCED_FACE('',(#804),#10408,.F.);
#10971=ADVANCED_FACE('',(#805),#10409,.F.);
#10972=ADVANCED_FACE('',(#806),#10410,.F.);
#10973=ADVANCED_FACE('',(#807),#10411,.F.);
#10974=ADVANCED_FACE('',(#808),#10412,.F.);
#10975=ADVANCED_FACE('',(#809),#10413,.F.);
#10976=ADVANCED_FACE('',(#810),#10414,.F.);
#10977=ADVANCED_FACE('',(#811),#10415,.F.);
#10978=ADVANCED_FACE('',(#812),#10416,.F.);
#10979=ADVANCED_FACE('',(#813),#10417,.F.);
#10980=ADVANCED_FACE('',(#814),#10418,.F.);
#10981=ADVANCED_FACE('',(#815),#10419,.F.);
#10982=ADVANCED_FACE('',(#816),#10420,.F.);
#10983=ADVANCED_FACE('',(#817),#10421,.F.);
#10984=ADVANCED_FACE('',(#818),#10422,.F.);
#10985=ADVANCED_FACE('',(#819),#10423,.F.);
#10986=ADVANCED_FACE('',(#820),#10424,.F.);
#10987=ADVANCED_FACE('',(#821),#10425,.F.);
#10988=ADVANCED_FACE('',(#822),#10426,.F.);
#10989=ADVANCED_FACE('',(#823),#10427,.F.);
#10990=ADVANCED_FACE('',(#824),#10428,.F.);
#10991=ADVANCED_FACE('',(#825),#10429,.F.);
#10992=ADVANCED_FACE('',(#826),#10430,.F.);
#10993=ADVANCED_FACE('',(#827),#10431,.F.);
#10994=ADVANCED_FACE('',(#828),#10432,.F.);
#10995=ADVANCED_FACE('',(#829),#10433,.F.);
#10996=ADVANCED_FACE('',(#830),#10434,.F.);
#10997=ADVANCED_FACE('',(#831),#10435,.F.);
#10998=ADVANCED_FACE('',(#832),#10436,.F.);
#10999=ADVANCED_FACE('',(#833),#10437,.F.);
#11000=ADVANCED_FACE('',(#834),#10438,.F.);
#11001=ADVANCED_FACE('',(#835),#10439,.F.);
#11002=ADVANCED_FACE('',(#836),#10440,.F.);
#11003=ADVANCED_FACE('',(#837),#10441,.F.);
#11004=ADVANCED_FACE('',(#838),#10442,.F.);
#11005=ADVANCED_FACE('',(#839),#10443,.F.);
#11006=ADVANCED_FACE('',(#840),#10444,.F.);
#11007=ADVANCED_FACE('',(#841),#10445,.F.);
#11008=ADVANCED_FACE('',(#842),#10446,.F.);
#11009=ADVANCED_FACE('',(#843),#10447,.F.);
#11010=ADVANCED_FACE('',(#844),#10448,.F.);
#11011=ADVANCED_FACE('',(#845),#10449,.F.);
#11012=ADVANCED_FACE('',(#846),#10450,.F.);
#11013=ADVANCED_FACE('',(#847),#10451,.F.);
#11014=ADVANCED_FACE('',(#848),#10452,.F.);
#11015=ADVANCED_FACE('',(#849),#10453,.F.);
#11016=ADVANCED_FACE('',(#850),#10454,.F.);
#11017=ADVANCED_FACE('',(#851),#10455,.F.);
#11018=ADVANCED_FACE('',(#852),#10456,.F.);
#11019=ADVANCED_FACE('',(#853),#10457,.F.);
#11020=ADVANCED_FACE('',(#854),#10458,.F.);
#11021=ADVANCED_FACE('',(#855),#10459,.F.);
#11022=ADVANCED_FACE('',(#856),#10460,.F.);
#11023=ADVANCED_FACE('',(#857),#10461,.F.);
#11024=ADVANCED_FACE('',(#858),#10462,.F.);
#11025=ADVANCED_FACE('',(#859),#10463,.F.);
#11026=ADVANCED_FACE('',(#860),#10464,.F.);
#11027=ADVANCED_FACE('',(#861),#10465,.F.);
#11028=ADVANCED_FACE('',(#862),#10466,.F.);
#11029=ADVANCED_FACE('',(#863),#10467,.F.);
#11030=ADVANCED_FACE('',(#864),#10468,.F.);
#11031=ADVANCED_FACE('',(#865),#10469,.F.);
#11032=ADVANCED_FACE('',(#866),#10470,.F.);
#11033=ADVANCED_FACE('',(#867),#10471,.F.);
#11034=ADVANCED_FACE('',(#868),#10472,.F.);
#11035=ADVANCED_FACE('',(#869),#10473,.F.);
#11036=ADVANCED_FACE('',(#870),#10474,.F.);
#11037=ADVANCED_FACE('',(#871),#10475,.F.);
#11038=ADVANCED_FACE('',(#872),#10476,.F.);
#11039=ADVANCED_FACE('',(#873),#10477,.F.);
#11040=ADVANCED_FACE('',(#874),#10478,.F.);
#11041=ADVANCED_FACE('',(#875),#10479,.F.);
#11042=ADVANCED_FACE('',(#876),#10480,.F.);
#11043=ADVANCED_FACE('',(#877),#10481,.F.);
#11044=ADVANCED_FACE('',(#878),#10482,.F.);
#11045=ADVANCED_FACE('',(#879),#10483,.F.);
#11046=ADVANCED_FACE('',(#880),#10484,.F.);
#11047=ADVANCED_FACE('',(#881),#10485,.F.);
#11048=ADVANCED_FACE('',(#882),#10486,.F.);
#11049=ADVANCED_FACE('',(#883),#10487,.F.);
#11050=ADVANCED_FACE('',(#884,#173,#174,#175,#176,#177,#178,#179,#180,#181,
#182,#183,#184,#185,#186,#187,#188,#189,#190,#191,#192),#10488,.F.);
#11051=CLOSED_SHELL('',(#10489,#10490,#10491,#10492,#10493,#10494,#10495,
#10496,#10497,#10498,#10499,#10500,#10501,#10502,#10503,#10504,#10505,#10506,
#10507,#10508,#10509,#10510,#10511,#10512,#10513,#10514,#10515,#10516,#10517,
#10518,#10519,#10520,#10521,#10522,#10523,#10524,#10525,#10526,#10527,#10528,
#10529,#10530,#10531,#10532,#10533,#10534,#10535,#10536,#10537,#10538,#10539,
#10540,#10541,#10542,#10543,#10544,#10545,#10546,#10547,#10548,#10549,#10550,
#10551,#10552,#10553,#10554,#10555,#10556,#10557,#10558,#10559,#10560,#10561,
#10562,#10563,#10564,#10565,#10566,#10567,#10568,#10569,#10570,#10571,#10572,
#10573,#10574,#10575,#10576,#10577,#10578,#10579,#10580,#10581,#10582,#10583,
#10584,#10585,#10586,#10587,#10588,#10589,#10590,#10591,#10592,#10593,#10594,
#10595,#10596,#10597,#10598,#10599,#10600,#10601,#10602,#10603,#10604,#10605,
#10606,#10607,#10608,#10609,#10610,#10611,#10612,#10613,#10614,#10615,#10616,
#10617,#10618,#10619,#10620,#10621,#10622,#10623,#10624,#10625,#10626,#10627,
#10628,#10629,#10630,#10631,#10632,#10633,#10634,#10635,#10636,#10637,#10638,
#10639,#10640,#10641,#10642,#10643,#10644,#10645,#10646,#10647,#10648,#10649,
#10650,#10651,#10652,#10653,#10654,#10655,#10656,#10657,#10658,#10659,#10660,
#10661,#10662,#10663,#10664,#10665,#10666,#10667,#10668,#10669,#10670,#10671,
#10672,#10673,#10674,#10675,#10676,#10677,#10678,#10679,#10680,#10681,#10682,
#10683,#10684,#10685,#10686,#10687,#10688,#10689,#10690,#10691,#10692,#10693,
#10694,#10695,#10696,#10697,#10698,#10699,#10700,#10701,#10702,#10703,#10704,
#10705,#10706,#10707,#10708,#10709,#10710,#10711,#10712,#10713,#10714,#10715,
#10716,#10717,#10718,#10719,#10720,#10721,#10722,#10723,#10724,#10725,#10726,
#10727,#10728,#10729,#10730,#10731,#10732,#10733,#10734,#10735,#10736,#10737,
#10738,#10739,#10740,#10741,#10742,#10743,#10744,#10745,#10746,#10747,#10748,
#10749,#10750,#10751,#10752,#10753,#10754,#10755,#10756,#10757,#10758,#10759,
#10760,#10761,#10762,#10763,#10764,#10765,#10766,#10767,#10768,#10769));
#11052=CLOSED_SHELL('',(#10770,#10771,#10772,#10773,#10774,#10775,#10776,
#10777,#10778,#10779,#10780,#10781,#10782,#10783,#10784,#10785,#10786,#10787,
#10788,#10789,#10790,#10791,#10792,#10793,#10794,#10795,#10796,#10797,#10798,
#10799,#10800,#10801,#10802,#10803,#10804,#10805,#10806,#10807,#10808,#10809,
#10810,#10811,#10812,#10813,#10814,#10815,#10816,#10817,#10818,#10819,#10820,
#10821,#10822,#10823,#10824,#10825,#10826,#10827,#10828,#10829,#10830,#10831,
#10832,#10833,#10834,#10835,#10836,#10837,#10838,#10839,#10840,#10841,#10842,
#10843,#10844,#10845,#10846,#10847,#10848,#10849,#10850,#10851,#10852,#10853,
#10854,#10855,#10856,#10857,#10858,#10859,#10860,#10861,#10862,#10863,#10864,
#10865,#10866,#10867,#10868,#10869,#10870,#10871,#10872,#10873,#10874,#10875,
#10876,#10877,#10878,#10879,#10880,#10881,#10882,#10883,#10884,#10885,#10886,
#10887,#10888,#10889,#10890,#10891,#10892,#10893,#10894,#10895,#10896,#10897,
#10898,#10899,#10900,#10901,#10902,#10903,#10904,#10905,#10906,#10907,#10908,
#10909,#10910,#10911,#10912,#10913,#10914,#10915,#10916,#10917,#10918,#10919,
#10920,#10921,#10922,#10923,#10924,#10925,#10926,#10927,#10928,#10929,#10930,
#10931,#10932,#10933,#10934,#10935,#10936,#10937,#10938,#10939,#10940,#10941,
#10942,#10943,#10944,#10945,#10946,#10947,#10948,#10949,#10950,#10951,#10952,
#10953,#10954,#10955,#10956,#10957,#10958,#10959,#10960,#10961,#10962,#10963,
#10964,#10965,#10966,#10967,#10968,#10969,#10970,#10971,#10972,#10973,#10974,
#10975,#10976,#10977,#10978,#10979,#10980,#10981,#10982,#10983,#10984,#10985,
#10986,#10987,#10988,#10989,#10990,#10991,#10992,#10993,#10994,#10995,#10996,
#10997,#10998,#10999,#11000,#11001,#11002,#11003,#11004,#11005,#11006,#11007,
#11008,#11009,#11010,#11011,#11012,#11013,#11014,#11015,#11016,#11017,#11018,
#11019,#11020,#11021,#11022,#11023,#11024,#11025,#11026,#11027,#11028,#11029,
#11030,#11031,#11032,#11033,#11034,#11035,#11036,#11037,#11038,#11039,#11040,
#11041,#11042,#11043,#11044,#11045,#11046,#11047,#11048,#11049,#11050));
#11053=DERIVED_UNIT_ELEMENT(#11055,1.);
#11054=DERIVED_UNIT_ELEMENT(#17664,-3.);
#11055=(
MASS_UNIT()
NAMED_UNIT(*)
SI_UNIT(.KILO.,.GRAM.)
);
#11056=DERIVED_UNIT((#11053,#11054));
#11057=MEASURE_REPRESENTATION_ITEM('density measure',
POSITIVE_RATIO_MEASURE(7850.),#11056);
#11058=PROPERTY_DEFINITION_REPRESENTATION(#11063,#11060);
#11059=PROPERTY_DEFINITION_REPRESENTATION(#11064,#11061);
#11060=REPRESENTATION('material name',(#11062),#17661);
#11061=REPRESENTATION('density',(#11057),#17661);
#11062=DESCRIPTIVE_REPRESENTATION_ITEM('Steel','Steel');
#11063=PROPERTY_DEFINITION('material property','material name',#17671);
#11064=PROPERTY_DEFINITION('material property','density of part',#17671);
#11065=AXIS2_PLACEMENT_3D('',#14558,#11758,#11759);
#11066=AXIS2_PLACEMENT_3D('',#14559,#11760,#11761);
#11067=AXIS2_PLACEMENT_3D('',#14572,#11766,#11767);
#11068=AXIS2_PLACEMENT_3D('',#14576,#11769,#11770);
#11069=AXIS2_PLACEMENT_3D('',#14586,#11775,#11776);
#11070=AXIS2_PLACEMENT_3D('',#14590,#11778,#11779);
#11071=AXIS2_PLACEMENT_3D('',#14594,#11781,#11782);
#11072=AXIS2_PLACEMENT_3D('',#14598,#11784,#11785);
#11073=AXIS2_PLACEMENT_3D('',#14602,#11787,#11788);
#11074=AXIS2_PLACEMENT_3D('',#14614,#11794,#11795);
#11075=AXIS2_PLACEMENT_3D('',#14654,#11816,#11817);
#11076=AXIS2_PLACEMENT_3D('',#14658,#11819,#11820);
#11077=AXIS2_PLACEMENT_3D('',#14660,#11822,#11823);
#11078=AXIS2_PLACEMENT_3D('',#14662,#11825,#11826);
#11079=AXIS2_PLACEMENT_3D('',#14668,#11830,#11831);
#11080=AXIS2_PLACEMENT_3D('',#14674,#11835,#11836);
#11081=AXIS2_PLACEMENT_3D('',#14678,#11839,#11840);
#11082=AXIS2_PLACEMENT_3D('',#14682,#11843,#11844);
#11083=AXIS2_PLACEMENT_3D('',#14684,#11846,#11847);
#11084=AXIS2_PLACEMENT_3D('',#14686,#11848,#11849);
#11085=AXIS2_PLACEMENT_3D('',#14688,#11851,#11852);
#11086=AXIS2_PLACEMENT_3D('',#14692,#11855,#11856);
#11087=AXIS2_PLACEMENT_3D('',#14694,#11857,#11858);
#11088=AXIS2_PLACEMENT_3D('',#14696,#11860,#11861);
#11089=AXIS2_PLACEMENT_3D('',#14700,#11864,#11865);
#11090=AXIS2_PLACEMENT_3D('',#14702,#11866,#11867);
#11091=AXIS2_PLACEMENT_3D('',#14704,#11869,#11870);
#11092=AXIS2_PLACEMENT_3D('',#14708,#11873,#11874);
#11093=AXIS2_PLACEMENT_3D('',#14710,#11875,#11876);
#11094=AXIS2_PLACEMENT_3D('',#14712,#11878,#11879);
#11095=AXIS2_PLACEMENT_3D('',#14724,#11886,#11887);
#11096=AXIS2_PLACEMENT_3D('',#14726,#11888,#11889);
#11097=AXIS2_PLACEMENT_3D('',#14728,#11891,#11892);
#11098=AXIS2_PLACEMENT_3D('',#14730,#11894,#11895);
#11099=AXIS2_PLACEMENT_3D('',#14736,#11899,#11900);
#11100=AXIS2_PLACEMENT_3D('',#14740,#11903,#11904);
#11101=AXIS2_PLACEMENT_3D('',#14744,#11906,#11907);
#11102=AXIS2_PLACEMENT_3D('',#14746,#11909,#11910);
#11103=AXIS2_PLACEMENT_3D('',#14755,#11916,#11917);
#11104=AXIS2_PLACEMENT_3D('',#14761,#11921,#11922);
#11105=AXIS2_PLACEMENT_3D('',#14765,#11925,#11926);
#11106=AXIS2_PLACEMENT_3D('',#14776,#11932,#11933);
#11107=AXIS2_PLACEMENT_3D('',#14779,#11935,#11936);
#11108=AXIS2_PLACEMENT_3D('',#14780,#11937,#11938);
#11109=AXIS2_PLACEMENT_3D('',#14782,#11939,#11940);
#11110=AXIS2_PLACEMENT_3D('',#14786,#11942,#11943);
#11111=AXIS2_PLACEMENT_3D('',#14790,#11945,#11946);
#11112=AXIS2_PLACEMENT_3D('',#14794,#11948,#11949);
#11113=AXIS2_PLACEMENT_3D('',#14803,#11954,#11955);
#11114=AXIS2_PLACEMENT_3D('',#14808,#11957,#11958);
#11115=AXIS2_PLACEMENT_3D('',#14818,#11963,#11964);
#11116=AXIS2_PLACEMENT_3D('',#14822,#11966,#11967);
#11117=AXIS2_PLACEMENT_3D('',#14826,#11969,#11970);
#11118=AXIS2_PLACEMENT_3D('',#14830,#11972,#11973);
#11119=AXIS2_PLACEMENT_3D('',#14833,#11975,#11976);
#11120=AXIS2_PLACEMENT_3D('',#14834,#11977,#11978);
#11121=AXIS2_PLACEMENT_3D('',#14837,#11981,#11982);
#11122=AXIS2_PLACEMENT_3D('',#14839,#11984,#11985);
#11123=AXIS2_PLACEMENT_3D('',#14842,#11988,#11989);
#11124=AXIS2_PLACEMENT_3D('',#14844,#11991,#11992);
#11125=AXIS2_PLACEMENT_3D('',#14846,#11994,#11995);
#11126=AXIS2_PLACEMENT_3D('',#14848,#11997,#11998);
#11127=AXIS2_PLACEMENT_3D('',#14849,#11999,#12000);
#11128=AXIS2_PLACEMENT_3D('',#14851,#12002,#12003);
#11129=AXIS2_PLACEMENT_3D('',#14854,#12004,#12005);
#11130=AXIS2_PLACEMENT_3D('',#14857,#12008,#12009);
#11131=AXIS2_PLACEMENT_3D('',#14861,#12011,#12012);
#11132=AXIS2_PLACEMENT_3D('',#14865,#12014,#12015);
#11133=AXIS2_PLACEMENT_3D('',#14869,#12017,#12018);
#11134=AXIS2_PLACEMENT_3D('',#14873,#12020,#12021);
#11135=AXIS2_PLACEMENT_3D('',#14877,#12023,#12024);
#11136=AXIS2_PLACEMENT_3D('',#14891,#12031,#12032);
#11137=AXIS2_PLACEMENT_3D('',#14901,#12037,#12038);
#11138=AXIS2_PLACEMENT_3D('',#14905,#12040,#12041);
#11139=AXIS2_PLACEMENT_3D('',#14909,#12043,#12044);
#11140=AXIS2_PLACEMENT_3D('',#14913,#12046,#12047);
#11141=AXIS2_PLACEMENT_3D('',#14917,#12049,#12050);
#11142=AXIS2_PLACEMENT_3D('',#14923,#12054,#12055);
#11143=AXIS2_PLACEMENT_3D('',#14925,#12057,#12058);
#11144=AXIS2_PLACEMENT_3D('',#14927,#12060,#12061);
#11145=AXIS2_PLACEMENT_3D('',#14930,#12064,#12065);
#11146=AXIS2_PLACEMENT_3D('',#14932,#12067,#12068);
#11147=AXIS2_PLACEMENT_3D('',#14934,#12070,#12071);
#11148=AXIS2_PLACEMENT_3D('',#14937,#12074,#12075);
#11149=AXIS2_PLACEMENT_3D('',#14939,#12077,#12078);
#11150=AXIS2_PLACEMENT_3D('',#14941,#12080,#12081);
#11151=AXIS2_PLACEMENT_3D('',#14944,#12082,#12083);
#11152=AXIS2_PLACEMENT_3D('',#14947,#12086,#12087);
#11153=AXIS2_PLACEMENT_3D('',#14959,#12093,#12094);
#11154=AXIS2_PLACEMENT_3D('',#14969,#12099,#12100);
#11155=AXIS2_PLACEMENT_3D('',#14973,#12102,#12103);
#11156=AXIS2_PLACEMENT_3D('',#14977,#12105,#12106);
#11157=AXIS2_PLACEMENT_3D('',#14981,#12108,#12109);
#11158=AXIS2_PLACEMENT_3D('',#15134,#12186,#12187);
#11159=AXIS2_PLACEMENT_3D('',#15136,#12188,#12189);
#11160=AXIS2_PLACEMENT_3D('',#15138,#12190,#12191);
#11161=AXIS2_PLACEMENT_3D('',#15140,#12192,#12193);
#11162=AXIS2_PLACEMENT_3D('',#15141,#12194,#12195);
#11163=AXIS2_PLACEMENT_3D('',#15145,#12197,#12198);
#11164=AXIS2_PLACEMENT_3D('',#15149,#12200,#12201);
#11165=AXIS2_PLACEMENT_3D('',#15156,#12206,#12207);
#11166=AXIS2_PLACEMENT_3D('',#15158,#12208,#12209);
#11167=AXIS2_PLACEMENT_3D('',#15160,#12211,#12212);
#11168=AXIS2_PLACEMENT_3D('',#15163,#12215,#12216);
#11169=AXIS2_PLACEMENT_3D('',#15165,#12218,#12219);
#11170=AXIS2_PLACEMENT_3D('',#15167,#12221,#12222);
#11171=AXIS2_PLACEMENT_3D('',#15170,#12225,#12226);
#11172=AXIS2_PLACEMENT_3D('',#15172,#12228,#12229);
#11173=AXIS2_PLACEMENT_3D('',#15174,#12231,#12232);
#11174=AXIS2_PLACEMENT_3D('',#15183,#12237,#12238);
#11175=AXIS2_PLACEMENT_3D('',#15189,#12242,#12243);
#11176=AXIS2_PLACEMENT_3D('',#15195,#12247,#12248);
#11177=AXIS2_PLACEMENT_3D('',#15201,#12252,#12253);
#11178=AXIS2_PLACEMENT_3D('',#15207,#12257,#12258);
#11179=AXIS2_PLACEMENT_3D('',#15213,#12262,#12263);
#11180=AXIS2_PLACEMENT_3D('',#15246,#12281,#12282);
#11181=AXIS2_PLACEMENT_3D('',#15254,#12287,#12288);
#11182=AXIS2_PLACEMENT_3D('',#15260,#12292,#12293);
#11183=AXIS2_PLACEMENT_3D('',#15264,#12296,#12297);
#11184=AXIS2_PLACEMENT_3D('',#15266,#12299,#12300);
#11185=AXIS2_PLACEMENT_3D('',#15272,#12304,#12305);
#11186=AXIS2_PLACEMENT_3D('',#15276,#12308,#12309);
#11187=AXIS2_PLACEMENT_3D('',#15280,#12312,#12313);
#11188=AXIS2_PLACEMENT_3D('',#15288,#12318,#12319);
#11189=AXIS2_PLACEMENT_3D('',#15292,#12322,#12323);
#11190=AXIS2_PLACEMENT_3D('',#15296,#12326,#12327);
#11191=AXIS2_PLACEMENT_3D('',#15300,#12330,#12331);
#11192=AXIS2_PLACEMENT_3D('',#15304,#12334,#12335);
#11193=AXIS2_PLACEMENT_3D('',#15308,#12338,#12339);
#11194=AXIS2_PLACEMENT_3D('',#15312,#12342,#12343);
#11195=AXIS2_PLACEMENT_3D('',#15321,#12348,#12349);
#11196=AXIS2_PLACEMENT_3D('',#15327,#12353,#12354);
#11197=AXIS2_PLACEMENT_3D('',#15333,#12358,#12359);
#11198=AXIS2_PLACEMENT_3D('',#15339,#12363,#12364);
#11199=AXIS2_PLACEMENT_3D('',#15345,#12368,#12369);
#11200=AXIS2_PLACEMENT_3D('',#15351,#12373,#12374);
#11201=AXIS2_PLACEMENT_3D('',#15361,#12380,#12381);
#11202=AXIS2_PLACEMENT_3D('',#15384,#12394,#12395);
#11203=AXIS2_PLACEMENT_3D('',#15388,#12398,#12399);
#11204=AXIS2_PLACEMENT_3D('',#15392,#12402,#12403);
#11205=AXIS2_PLACEMENT_3D('',#15396,#12406,#12407);
#11206=AXIS2_PLACEMENT_3D('',#15400,#12410,#12411);
#11207=AXIS2_PLACEMENT_3D('',#15404,#12414,#12415);
#11208=AXIS2_PLACEMENT_3D('',#15408,#12418,#12419);
#11209=AXIS2_PLACEMENT_3D('',#15414,#12423,#12424);
#11210=AXIS2_PLACEMENT_3D('',#15418,#12427,#12428);
#11211=AXIS2_PLACEMENT_3D('',#15422,#12431,#12432);
#11212=AXIS2_PLACEMENT_3D('',#15424,#12434,#12435);
#11213=AXIS2_PLACEMENT_3D('',#15428,#12438,#12439);
#11214=AXIS2_PLACEMENT_3D('',#15432,#12442,#12443);
#11215=AXIS2_PLACEMENT_3D('',#15436,#12446,#12447);
#11216=AXIS2_PLACEMENT_3D('',#15440,#12450,#12451);
#11217=AXIS2_PLACEMENT_3D('',#15444,#12454,#12455);
#11218=AXIS2_PLACEMENT_3D('',#15448,#12458,#12459);
#11219=AXIS2_PLACEMENT_3D('',#15452,#12462,#12463);
#11220=AXIS2_PLACEMENT_3D('',#15456,#12466,#12467);
#11221=AXIS2_PLACEMENT_3D('',#15460,#12470,#12471);
#11222=AXIS2_PLACEMENT_3D('',#15464,#12474,#12475);
#11223=AXIS2_PLACEMENT_3D('',#15468,#12478,#12479);
#11224=AXIS2_PLACEMENT_3D('',#15472,#12482,#12483);
#11225=AXIS2_PLACEMENT_3D('',#15474,#12485,#12486);
#11226=AXIS2_PLACEMENT_3D('',#15475,#12487,#12488);
#11227=AXIS2_PLACEMENT_3D('',#15481,#12492,#12493);
#11228=AXIS2_PLACEMENT_3D('',#15485,#12496,#12497);
#11229=AXIS2_PLACEMENT_3D('',#15489,#12500,#12501);
#11230=AXIS2_PLACEMENT_3D('',#15491,#12503,#12504);
#11231=AXIS2_PLACEMENT_3D('',#15495,#12507,#12508);
#11232=AXIS2_PLACEMENT_3D('',#15499,#12511,#12512);
#11233=AXIS2_PLACEMENT_3D('',#15503,#12515,#12516);
#11234=AXIS2_PLACEMENT_3D('',#15507,#12519,#12520);
#11235=AXIS2_PLACEMENT_3D('',#15511,#12523,#12524);
#11236=AXIS2_PLACEMENT_3D('',#15515,#12527,#12528);
#11237=AXIS2_PLACEMENT_3D('',#15519,#12531,#12532);
#11238=AXIS2_PLACEMENT_3D('',#15523,#12535,#12536);
#11239=AXIS2_PLACEMENT_3D('',#15527,#12539,#12540);
#11240=AXIS2_PLACEMENT_3D('',#15529,#12542,#12543);
#11241=AXIS2_PLACEMENT_3D('',#15533,#12546,#12547);
#11242=AXIS2_PLACEMENT_3D('',#15537,#12550,#12551);
#11243=AXIS2_PLACEMENT_3D('',#15541,#12554,#12555);
#11244=AXIS2_PLACEMENT_3D('',#15545,#12558,#12559);
#11245=AXIS2_PLACEMENT_3D('',#15549,#12562,#12563);
#11246=AXIS2_PLACEMENT_3D('',#15551,#12565,#12566);
#11247=AXIS2_PLACEMENT_3D('',#15552,#12567,#12568);
#11248=AXIS2_PLACEMENT_3D('',#15558,#12572,#12573);
#11249=AXIS2_PLACEMENT_3D('',#15564,#12577,#12578);
#11250=AXIS2_PLACEMENT_3D('',#15566,#12580,#12581);
#11251=AXIS2_PLACEMENT_3D('',#15568,#12583,#12584);
#11252=AXIS2_PLACEMENT_3D('',#15574,#12588,#12589);
#11253=AXIS2_PLACEMENT_3D('',#15578,#12592,#12593);
#11254=AXIS2_PLACEMENT_3D('',#15582,#12596,#12597);
#11255=AXIS2_PLACEMENT_3D('',#15584,#12599,#12600);
#11256=AXIS2_PLACEMENT_3D('',#15590,#12604,#12605);
#11257=AXIS2_PLACEMENT_3D('',#15593,#12607,#12608);
#11258=AXIS2_PLACEMENT_3D('',#15594,#12609,#12610);
#11259=AXIS2_PLACEMENT_3D('',#15598,#12613,#12614);
#11260=AXIS2_PLACEMENT_3D('',#15599,#12615,#12616);
#11261=AXIS2_PLACEMENT_3D('',#15600,#12617,#12618);
#11262=AXIS2_PLACEMENT_3D('',#15605,#12622,#12623);
#11263=AXIS2_PLACEMENT_3D('',#15607,#12625,#12626);
#11264=AXIS2_PLACEMENT_3D('',#15611,#12629,#12630);
#11265=AXIS2_PLACEMENT_3D('',#15614,#12633,#12634);
#11266=AXIS2_PLACEMENT_3D('',#15615,#12635,#12636);
#11267=AXIS2_PLACEMENT_3D('',#15617,#12638,#12639);
#11268=AXIS2_PLACEMENT_3D('',#15618,#12640,#12641);
#11269=AXIS2_PLACEMENT_3D('',#15622,#12644,#12645);
#11270=AXIS2_PLACEMENT_3D('',#15624,#12647,#12648);
#11271=AXIS2_PLACEMENT_3D('',#15632,#12653,#12654);
#11272=AXIS2_PLACEMENT_3D('',#15636,#12657,#12658);
#11273=AXIS2_PLACEMENT_3D('',#15640,#12661,#12662);
#11274=AXIS2_PLACEMENT_3D('',#15644,#12665,#12666);
#11275=AXIS2_PLACEMENT_3D('',#15646,#12668,#12669);
#11276=AXIS2_PLACEMENT_3D('',#15649,#12670,#12671);
#11277=AXIS2_PLACEMENT_3D('',#15651,#12672,#12673);
#11278=AXIS2_PLACEMENT_3D('',#15652,#12674,#12675);
#11279=AXIS2_PLACEMENT_3D('',#15655,#12677,#12678);
#11280=AXIS2_PLACEMENT_3D('',#15656,#12679,#12680);
#11281=AXIS2_PLACEMENT_3D('',#15658,#12682,#12683);
#11282=AXIS2_PLACEMENT_3D('',#15660,#12684,#12685);
#11283=AXIS2_PLACEMENT_3D('',#15663,#12687,#12688);
#11284=AXIS2_PLACEMENT_3D('',#15664,#12689,#12690);
#11285=AXIS2_PLACEMENT_3D('',#15666,#12692,#12693);
#11286=AXIS2_PLACEMENT_3D('',#15668,#12694,#12695);
#11287=AXIS2_PLACEMENT_3D('',#15671,#12697,#12698);
#11288=AXIS2_PLACEMENT_3D('',#15672,#12699,#12700);
#11289=AXIS2_PLACEMENT_3D('',#15674,#12702,#12703);
#11290=AXIS2_PLACEMENT_3D('',#15676,#12704,#12705);
#11291=AXIS2_PLACEMENT_3D('',#15679,#12707,#12708);
#11292=AXIS2_PLACEMENT_3D('',#15680,#12709,#12710);
#11293=AXIS2_PLACEMENT_3D('',#15682,#12712,#12713);
#11294=AXIS2_PLACEMENT_3D('',#15683,#12714,#12715);
#11295=AXIS2_PLACEMENT_3D('',#15684,#12716,#12717);
#11296=AXIS2_PLACEMENT_3D('',#15686,#12719,#12720);
#11297=AXIS2_PLACEMENT_3D('',#15688,#12722,#12723);
#11298=AXIS2_PLACEMENT_3D('',#15690,#12725,#12726);
#11299=AXIS2_PLACEMENT_3D('',#15691,#12727,#12728);
#11300=AXIS2_PLACEMENT_3D('',#15693,#12730,#12731);
#11301=AXIS2_PLACEMENT_3D('',#15695,#12733,#12734);
#11302=AXIS2_PLACEMENT_3D('',#15697,#12736,#12737);
#11303=AXIS2_PLACEMENT_3D('',#15698,#12738,#12739);
#11304=AXIS2_PLACEMENT_3D('',#15709,#12745,#12746);
#11305=AXIS2_PLACEMENT_3D('',#15712,#12749,#12750);
#11306=AXIS2_PLACEMENT_3D('',#15714,#12752,#12753);
#11307=AXIS2_PLACEMENT_3D('',#15716,#12755,#12756);
#11308=AXIS2_PLACEMENT_3D('',#15727,#12762,#12763);
#11309=AXIS2_PLACEMENT_3D('',#15735,#12768,#12769);
#11310=AXIS2_PLACEMENT_3D('',#15738,#12772,#12773);
#11311=AXIS2_PLACEMENT_3D('',#15740,#12775,#12776);
#11312=AXIS2_PLACEMENT_3D('',#15742,#12778,#12779);
#11313=AXIS2_PLACEMENT_3D('',#15744,#12781,#12782);
#11314=AXIS2_PLACEMENT_3D('',#15745,#12783,#12784);
#11315=AXIS2_PLACEMENT_3D('',#15749,#12787,#12788);
#11316=AXIS2_PLACEMENT_3D('',#15752,#12791,#12792);
#11317=AXIS2_PLACEMENT_3D('',#15754,#12794,#12795);
#11318=AXIS2_PLACEMENT_3D('',#15758,#12798,#12799);
#11319=AXIS2_PLACEMENT_3D('',#15762,#12802,#12803);
#11320=AXIS2_PLACEMENT_3D('',#15766,#12806,#12807);
#11321=AXIS2_PLACEMENT_3D('',#15770,#12810,#12811);
#11322=AXIS2_PLACEMENT_3D('',#15774,#12814,#12815);
#11323=AXIS2_PLACEMENT_3D('',#15778,#12818,#12819);
#11324=AXIS2_PLACEMENT_3D('',#15782,#12822,#12823);
#11325=AXIS2_PLACEMENT_3D('',#15786,#12826,#12827);
#11326=AXIS2_PLACEMENT_3D('',#15790,#12830,#12831);
#11327=AXIS2_PLACEMENT_3D('',#15794,#12834,#12835);
#11328=AXIS2_PLACEMENT_3D('',#15798,#12838,#12839);
#11329=AXIS2_PLACEMENT_3D('',#15802,#12842,#12843);
#11330=AXIS2_PLACEMENT_3D('',#15806,#12846,#12847);
#11331=AXIS2_PLACEMENT_3D('',#15810,#12850,#12851);
#11332=AXIS2_PLACEMENT_3D('',#15814,#12854,#12855);
#11333=AXIS2_PLACEMENT_3D('',#15816,#12857,#12858);
#11334=AXIS2_PLACEMENT_3D('',#15818,#12860,#12861);
#11335=AXIS2_PLACEMENT_3D('',#15820,#12863,#12864);
#11336=AXIS2_PLACEMENT_3D('',#15821,#12865,#12866);
#11337=AXIS2_PLACEMENT_3D('',#15823,#12868,#12869);
#11338=AXIS2_PLACEMENT_3D('',#15824,#12870,#12871);
#11339=AXIS2_PLACEMENT_3D('',#15825,#12872,#12873);
#11340=AXIS2_PLACEMENT_3D('',#15826,#12874,#12875);
#11341=AXIS2_PLACEMENT_3D('',#15830,#12878,#12879);
#11342=AXIS2_PLACEMENT_3D('',#15834,#12882,#12883);
#11343=AXIS2_PLACEMENT_3D('',#15836,#12885,#12886);
#11344=AXIS2_PLACEMENT_3D('',#15842,#12890,#12891);
#11345=AXIS2_PLACEMENT_3D('',#15846,#12894,#12895);
#11346=AXIS2_PLACEMENT_3D('',#15850,#12898,#12899);
#11347=AXIS2_PLACEMENT_3D('',#15852,#12901,#12902);
#11348=AXIS2_PLACEMENT_3D('',#15858,#12906,#12907);
#11349=AXIS2_PLACEMENT_3D('',#15862,#12910,#12911);
#11350=AXIS2_PLACEMENT_3D('',#15866,#12914,#12915);
#11351=AXIS2_PLACEMENT_3D('',#15868,#12917,#12918);
#11352=AXIS2_PLACEMENT_3D('',#15874,#12922,#12923);
#11353=AXIS2_PLACEMENT_3D('',#15878,#12926,#12927);
#11354=AXIS2_PLACEMENT_3D('',#15882,#12930,#12931);
#11355=AXIS2_PLACEMENT_3D('',#15884,#12933,#12934);
#11356=AXIS2_PLACEMENT_3D('',#15890,#12938,#12939);
#11357=AXIS2_PLACEMENT_3D('',#15894,#12942,#12943);
#11358=AXIS2_PLACEMENT_3D('',#15898,#12946,#12947);
#11359=AXIS2_PLACEMENT_3D('',#15900,#12949,#12950);
#11360=AXIS2_PLACEMENT_3D('',#15906,#12954,#12955);
#11361=AXIS2_PLACEMENT_3D('',#15910,#12958,#12959);
#11362=AXIS2_PLACEMENT_3D('',#15914,#12962,#12963);
#11363=AXIS2_PLACEMENT_3D('',#15916,#12965,#12966);
#11364=AXIS2_PLACEMENT_3D('',#15922,#12970,#12971);
#11365=AXIS2_PLACEMENT_3D('',#15926,#12974,#12975);
#11366=AXIS2_PLACEMENT_3D('',#15930,#12978,#12979);
#11367=AXIS2_PLACEMENT_3D('',#15932,#12981,#12982);
#11368=AXIS2_PLACEMENT_3D('',#15938,#12986,#12987);
#11369=AXIS2_PLACEMENT_3D('',#15942,#12990,#12991);
#11370=AXIS2_PLACEMENT_3D('',#15946,#12994,#12995);
#11371=AXIS2_PLACEMENT_3D('',#15948,#12997,#12998);
#11372=AXIS2_PLACEMENT_3D('',#15954,#13002,#13003);
#11373=AXIS2_PLACEMENT_3D('',#15958,#13006,#13007);
#11374=AXIS2_PLACEMENT_3D('',#15962,#13010,#13011);
#11375=AXIS2_PLACEMENT_3D('',#15964,#13013,#13014);
#11376=AXIS2_PLACEMENT_3D('',#15970,#13018,#13019);
#11377=AXIS2_PLACEMENT_3D('',#15974,#13022,#13023);
#11378=AXIS2_PLACEMENT_3D('',#15978,#13026,#13027);
#11379=AXIS2_PLACEMENT_3D('',#15980,#13029,#13030);
#11380=AXIS2_PLACEMENT_3D('',#15986,#13034,#13035);
#11381=AXIS2_PLACEMENT_3D('',#15990,#13038,#13039);
#11382=AXIS2_PLACEMENT_3D('',#15994,#13042,#13043);
#11383=AXIS2_PLACEMENT_3D('',#15996,#13045,#13046);
#11384=AXIS2_PLACEMENT_3D('',#16002,#13050,#13051);
#11385=AXIS2_PLACEMENT_3D('',#16006,#13054,#13055);
#11386=AXIS2_PLACEMENT_3D('',#16010,#13058,#13059);
#11387=AXIS2_PLACEMENT_3D('',#16012,#13061,#13062);
#11388=AXIS2_PLACEMENT_3D('',#16018,#13066,#13067);
#11389=AXIS2_PLACEMENT_3D('',#16022,#13070,#13071);
#11390=AXIS2_PLACEMENT_3D('',#16026,#13074,#13075);
#11391=AXIS2_PLACEMENT_3D('',#16028,#13077,#13078);
#11392=AXIS2_PLACEMENT_3D('',#16034,#13082,#13083);
#11393=AXIS2_PLACEMENT_3D('',#16038,#13086,#13087);
#11394=AXIS2_PLACEMENT_3D('',#16042,#13090,#13091);
#11395=AXIS2_PLACEMENT_3D('',#16044,#13093,#13094);
#11396=AXIS2_PLACEMENT_3D('',#16050,#13098,#13099);
#11397=AXIS2_PLACEMENT_3D('',#16054,#13102,#13103);
#11398=AXIS2_PLACEMENT_3D('',#16058,#13106,#13107);
#11399=AXIS2_PLACEMENT_3D('',#16060,#13109,#13110);
#11400=AXIS2_PLACEMENT_3D('',#16066,#13114,#13115);
#11401=AXIS2_PLACEMENT_3D('',#16070,#13118,#13119);
#11402=AXIS2_PLACEMENT_3D('',#16074,#13122,#13123);
#11403=AXIS2_PLACEMENT_3D('',#16076,#13125,#13126);
#11404=AXIS2_PLACEMENT_3D('',#16082,#13130,#13131);
#11405=AXIS2_PLACEMENT_3D('',#16086,#13134,#13135);
#11406=AXIS2_PLACEMENT_3D('',#16090,#13138,#13139);
#11407=AXIS2_PLACEMENT_3D('',#16092,#13141,#13142);
#11408=AXIS2_PLACEMENT_3D('',#16098,#13146,#13147);
#11409=AXIS2_PLACEMENT_3D('',#16102,#13150,#13151);
#11410=AXIS2_PLACEMENT_3D('',#16106,#13154,#13155);
#11411=AXIS2_PLACEMENT_3D('',#16108,#13157,#13158);
#11412=AXIS2_PLACEMENT_3D('',#16109,#13159,#13160);
#11413=AXIS2_PLACEMENT_3D('',#16122,#13165,#13166);
#11414=AXIS2_PLACEMENT_3D('',#16158,#13184,#13185);
#11415=AXIS2_PLACEMENT_3D('',#16170,#13191,#13192);
#11416=AXIS2_PLACEMENT_3D('',#16174,#13194,#13195);
#11417=AXIS2_PLACEMENT_3D('',#16178,#13197,#13198);
#11418=AXIS2_PLACEMENT_3D('',#16182,#13200,#13201);
#11419=AXIS2_PLACEMENT_3D('',#16186,#13203,#13204);
#11420=AXIS2_PLACEMENT_3D('',#16195,#13209,#13210);
#11421=AXIS2_PLACEMENT_3D('',#16204,#13215,#13216);
#11422=AXIS2_PLACEMENT_3D('',#16208,#13218,#13219);
#11423=AXIS2_PLACEMENT_3D('',#16210,#13221,#13222);
#11424=AXIS2_PLACEMENT_3D('',#16212,#13224,#13225);
#11425=AXIS2_PLACEMENT_3D('',#16218,#13229,#13230);
#11426=AXIS2_PLACEMENT_3D('',#16224,#13234,#13235);
#11427=AXIS2_PLACEMENT_3D('',#16228,#13238,#13239);
#11428=AXIS2_PLACEMENT_3D('',#16232,#13242,#13243);
#11429=AXIS2_PLACEMENT_3D('',#16234,#13245,#13246);
#11430=AXIS2_PLACEMENT_3D('',#16237,#13248,#13249);
#11431=AXIS2_PLACEMENT_3D('',#16238,#13250,#13251);
#11432=AXIS2_PLACEMENT_3D('',#16242,#13254,#13255);
#11433=AXIS2_PLACEMENT_3D('',#16245,#13257,#13258);
#11434=AXIS2_PLACEMENT_3D('',#16246,#13259,#13260);
#11435=AXIS2_PLACEMENT_3D('',#16250,#13263,#13264);
#11436=AXIS2_PLACEMENT_3D('',#16253,#13266,#13267);
#11437=AXIS2_PLACEMENT_3D('',#16254,#13268,#13269);
#11438=AXIS2_PLACEMENT_3D('',#16258,#13272,#13273);
#11439=AXIS2_PLACEMENT_3D('',#16261,#13275,#13276);
#11440=AXIS2_PLACEMENT_3D('',#16262,#13277,#13278);
#11441=AXIS2_PLACEMENT_3D('',#16274,#13285,#13286);
#11442=AXIS2_PLACEMENT_3D('',#16277,#13288,#13289);
#11443=AXIS2_PLACEMENT_3D('',#16278,#13290,#13291);
#11444=AXIS2_PLACEMENT_3D('',#16280,#13293,#13294);
#11445=AXIS2_PLACEMENT_3D('',#16286,#13298,#13299);
#11446=AXIS2_PLACEMENT_3D('',#16290,#13302,#13303);
#11447=AXIS2_PLACEMENT_3D('',#16294,#13305,#13306);
#11448=AXIS2_PLACEMENT_3D('',#16296,#13308,#13309);
#11449=AXIS2_PLACEMENT_3D('',#16305,#13315,#13316);
#11450=AXIS2_PLACEMENT_3D('',#16311,#13320,#13321);
#11451=AXIS2_PLACEMENT_3D('',#16315,#13324,#13325);
#11452=AXIS2_PLACEMENT_3D('',#16326,#13331,#13332);
#11453=AXIS2_PLACEMENT_3D('',#16329,#13334,#13335);
#11454=AXIS2_PLACEMENT_3D('',#16330,#13336,#13337);
#11455=AXIS2_PLACEMENT_3D('',#16332,#13338,#13339);
#11456=AXIS2_PLACEMENT_3D('',#16342,#13344,#13345);
#11457=AXIS2_PLACEMENT_3D('',#16346,#13347,#13348);
#11458=AXIS2_PLACEMENT_3D('',#16350,#13350,#13351);
#11459=AXIS2_PLACEMENT_3D('',#16353,#13353,#13354);
#11460=AXIS2_PLACEMENT_3D('',#16358,#13356,#13357);
#11461=AXIS2_PLACEMENT_3D('',#16362,#13359,#13360);
#11462=AXIS2_PLACEMENT_3D('',#16366,#13362,#13363);
#11463=AXIS2_PLACEMENT_3D('',#16370,#13365,#13366);
#11464=AXIS2_PLACEMENT_3D('',#16374,#13368,#13369);
#11465=AXIS2_PLACEMENT_3D('',#16383,#13374,#13375);
#11466=AXIS2_PLACEMENT_3D('',#16384,#13376,#13377);
#11467=AXIS2_PLACEMENT_3D('',#16387,#13380,#13381);
#11468=AXIS2_PLACEMENT_3D('',#16389,#13383,#13384);
#11469=AXIS2_PLACEMENT_3D('',#16392,#13387,#13388);
#11470=AXIS2_PLACEMENT_3D('',#16394,#13390,#13391);
#11471=AXIS2_PLACEMENT_3D('',#16396,#13393,#13394);
#11472=AXIS2_PLACEMENT_3D('',#16398,#13396,#13397);
#11473=AXIS2_PLACEMENT_3D('',#16399,#13398,#13399);
#11474=AXIS2_PLACEMENT_3D('',#16401,#13401,#13402);
#11475=AXIS2_PLACEMENT_3D('',#16404,#13403,#13404);
#11476=AXIS2_PLACEMENT_3D('',#16407,#13407,#13408);
#11477=AXIS2_PLACEMENT_3D('',#16417,#13413,#13414);
#11478=AXIS2_PLACEMENT_3D('',#16421,#13416,#13417);
#11479=AXIS2_PLACEMENT_3D('',#16425,#13419,#13420);
#11480=AXIS2_PLACEMENT_3D('',#16429,#13422,#13423);
#11481=AXIS2_PLACEMENT_3D('',#16433,#13425,#13426);
#11482=AXIS2_PLACEMENT_3D('',#16445,#13432,#13433);
#11483=AXIS2_PLACEMENT_3D('',#16449,#13435,#13436);
#11484=AXIS2_PLACEMENT_3D('',#16453,#13438,#13439);
#11485=AXIS2_PLACEMENT_3D('',#16457,#13441,#13442);
#11486=AXIS2_PLACEMENT_3D('',#16461,#13444,#13445);
#11487=AXIS2_PLACEMENT_3D('',#16471,#13450,#13451);
#11488=AXIS2_PLACEMENT_3D('',#16473,#13453,#13454);
#11489=AXIS2_PLACEMENT_3D('',#16475,#13456,#13457);
#11490=AXIS2_PLACEMENT_3D('',#16477,#13459,#13460);
#11491=AXIS2_PLACEMENT_3D('',#16480,#13463,#13464);
#11492=AXIS2_PLACEMENT_3D('',#16482,#13466,#13467);
#11493=AXIS2_PLACEMENT_3D('',#16484,#13469,#13470);
#11494=AXIS2_PLACEMENT_3D('',#16487,#13473,#13474);
#11495=AXIS2_PLACEMENT_3D('',#16489,#13476,#13477);
#11496=AXIS2_PLACEMENT_3D('',#16491,#13479,#13480);
#11497=AXIS2_PLACEMENT_3D('',#16494,#13481,#13482);
#11498=AXIS2_PLACEMENT_3D('',#16497,#13485,#13486);
#11499=AXIS2_PLACEMENT_3D('',#16515,#13495,#13496);
#11500=AXIS2_PLACEMENT_3D('',#16519,#13498,#13499);
#11501=AXIS2_PLACEMENT_3D('',#16523,#13501,#13502);
#11502=AXIS2_PLACEMENT_3D('',#16527,#13504,#13505);
#11503=AXIS2_PLACEMENT_3D('',#16537,#13510,#13511);
#11504=AXIS2_PLACEMENT_3D('',#16684,#13585,#13586);
#11505=AXIS2_PLACEMENT_3D('',#16686,#13587,#13588);
#11506=AXIS2_PLACEMENT_3D('',#16688,#13589,#13590);
#11507=AXIS2_PLACEMENT_3D('',#16690,#13591,#13592);
#11508=AXIS2_PLACEMENT_3D('',#16691,#13593,#13594);
#11509=AXIS2_PLACEMENT_3D('',#16700,#13599,#13600);
#11510=AXIS2_PLACEMENT_3D('',#16704,#13602,#13603);
#11511=AXIS2_PLACEMENT_3D('',#16706,#13605,#13606);
#11512=AXIS2_PLACEMENT_3D('',#16708,#13607,#13608);
#11513=AXIS2_PLACEMENT_3D('',#16710,#13610,#13611);
#11514=AXIS2_PLACEMENT_3D('',#16713,#13614,#13615);
#11515=AXIS2_PLACEMENT_3D('',#16715,#13617,#13618);
#11516=AXIS2_PLACEMENT_3D('',#16717,#13620,#13621);
#11517=AXIS2_PLACEMENT_3D('',#16720,#13624,#13625);
#11518=AXIS2_PLACEMENT_3D('',#16722,#13627,#13628);
#11519=AXIS2_PLACEMENT_3D('',#16724,#13630,#13631);
#11520=AXIS2_PLACEMENT_3D('',#16733,#13636,#13637);
#11521=AXIS2_PLACEMENT_3D('',#16739,#13641,#13642);
#11522=AXIS2_PLACEMENT_3D('',#16745,#13646,#13647);
#11523=AXIS2_PLACEMENT_3D('',#16751,#13651,#13652);
#11524=AXIS2_PLACEMENT_3D('',#16757,#13656,#13657);
#11525=AXIS2_PLACEMENT_3D('',#16763,#13661,#13662);
#11526=AXIS2_PLACEMENT_3D('',#16796,#13680,#13681);
#11527=AXIS2_PLACEMENT_3D('',#16804,#13686,#13687);
#11528=AXIS2_PLACEMENT_3D('',#16810,#13691,#13692);
#11529=AXIS2_PLACEMENT_3D('',#16814,#13695,#13696);
#11530=AXIS2_PLACEMENT_3D('',#16816,#13698,#13699);
#11531=AXIS2_PLACEMENT_3D('',#16822,#13703,#13704);
#11532=AXIS2_PLACEMENT_3D('',#16826,#13707,#13708);
#11533=AXIS2_PLACEMENT_3D('',#16830,#13711,#13712);
#11534=AXIS2_PLACEMENT_3D('',#16838,#13717,#13718);
#11535=AXIS2_PLACEMENT_3D('',#16842,#13721,#13722);
#11536=AXIS2_PLACEMENT_3D('',#16846,#13725,#13726);
#11537=AXIS2_PLACEMENT_3D('',#16850,#13729,#13730);
#11538=AXIS2_PLACEMENT_3D('',#16854,#13733,#13734);
#11539=AXIS2_PLACEMENT_3D('',#16858,#13737,#13738);
#11540=AXIS2_PLACEMENT_3D('',#16862,#13741,#13742);
#11541=AXIS2_PLACEMENT_3D('',#16871,#13747,#13748);
#11542=AXIS2_PLACEMENT_3D('',#16877,#13752,#13753);
#11543=AXIS2_PLACEMENT_3D('',#16883,#13757,#13758);
#11544=AXIS2_PLACEMENT_3D('',#16889,#13762,#13763);
#11545=AXIS2_PLACEMENT_3D('',#16895,#13767,#13768);
#11546=AXIS2_PLACEMENT_3D('',#16901,#13772,#13773);
#11547=AXIS2_PLACEMENT_3D('',#16911,#13779,#13780);
#11548=AXIS2_PLACEMENT_3D('',#16934,#13793,#13794);
#11549=AXIS2_PLACEMENT_3D('',#16938,#13797,#13798);
#11550=AXIS2_PLACEMENT_3D('',#16942,#13801,#13802);
#11551=AXIS2_PLACEMENT_3D('',#16946,#13805,#13806);
#11552=AXIS2_PLACEMENT_3D('',#16950,#13809,#13810);
#11553=AXIS2_PLACEMENT_3D('',#16954,#13813,#13814);
#11554=AXIS2_PLACEMENT_3D('',#16958,#13817,#13818);
#11555=AXIS2_PLACEMENT_3D('',#16964,#13822,#13823);
#11556=AXIS2_PLACEMENT_3D('',#16968,#13826,#13827);
#11557=AXIS2_PLACEMENT_3D('',#16972,#13830,#13831);
#11558=AXIS2_PLACEMENT_3D('',#16974,#13833,#13834);
#11559=AXIS2_PLACEMENT_3D('',#16978,#13837,#13838);
#11560=AXIS2_PLACEMENT_3D('',#16982,#13841,#13842);
#11561=AXIS2_PLACEMENT_3D('',#16986,#13845,#13846);
#11562=AXIS2_PLACEMENT_3D('',#16990,#13849,#13850);
#11563=AXIS2_PLACEMENT_3D('',#16994,#13853,#13854);
#11564=AXIS2_PLACEMENT_3D('',#16998,#13857,#13858);
#11565=AXIS2_PLACEMENT_3D('',#17002,#13861,#13862);
#11566=AXIS2_PLACEMENT_3D('',#17006,#13865,#13866);
#11567=AXIS2_PLACEMENT_3D('',#17010,#13869,#13870);
#11568=AXIS2_PLACEMENT_3D('',#17014,#13873,#13874);
#11569=AXIS2_PLACEMENT_3D('',#17018,#13877,#13878);
#11570=AXIS2_PLACEMENT_3D('',#17022,#13881,#13882);
#11571=AXIS2_PLACEMENT_3D('',#17024,#13884,#13885);
#11572=AXIS2_PLACEMENT_3D('',#17025,#13886,#13887);
#11573=AXIS2_PLACEMENT_3D('',#17031,#13891,#13892);
#11574=AXIS2_PLACEMENT_3D('',#17035,#13895,#13896);
#11575=AXIS2_PLACEMENT_3D('',#17039,#13899,#13900);
#11576=AXIS2_PLACEMENT_3D('',#17041,#13902,#13903);
#11577=AXIS2_PLACEMENT_3D('',#17045,#13906,#13907);
#11578=AXIS2_PLACEMENT_3D('',#17049,#13910,#13911);
#11579=AXIS2_PLACEMENT_3D('',#17053,#13914,#13915);
#11580=AXIS2_PLACEMENT_3D('',#17057,#13918,#13919);
#11581=AXIS2_PLACEMENT_3D('',#17061,#13922,#13923);
#11582=AXIS2_PLACEMENT_3D('',#17065,#13926,#13927);
#11583=AXIS2_PLACEMENT_3D('',#17069,#13930,#13931);
#11584=AXIS2_PLACEMENT_3D('',#17073,#13934,#13935);
#11585=AXIS2_PLACEMENT_3D('',#17077,#13938,#13939);
#11586=AXIS2_PLACEMENT_3D('',#17079,#13941,#13942);
#11587=AXIS2_PLACEMENT_3D('',#17083,#13945,#13946);
#11588=AXIS2_PLACEMENT_3D('',#17087,#13949,#13950);
#11589=AXIS2_PLACEMENT_3D('',#17091,#13953,#13954);
#11590=AXIS2_PLACEMENT_3D('',#17095,#13957,#13958);
#11591=AXIS2_PLACEMENT_3D('',#17099,#13961,#13962);
#11592=AXIS2_PLACEMENT_3D('',#17101,#13964,#13965);
#11593=AXIS2_PLACEMENT_3D('',#17102,#13966,#13967);
#11594=AXIS2_PLACEMENT_3D('',#17108,#13971,#13972);
#11595=AXIS2_PLACEMENT_3D('',#17114,#13976,#13977);
#11596=AXIS2_PLACEMENT_3D('',#17116,#13979,#13980);
#11597=AXIS2_PLACEMENT_3D('',#17118,#13982,#13983);
#11598=AXIS2_PLACEMENT_3D('',#17124,#13987,#13988);
#11599=AXIS2_PLACEMENT_3D('',#17128,#13991,#13992);
#11600=AXIS2_PLACEMENT_3D('',#17132,#13995,#13996);
#11601=AXIS2_PLACEMENT_3D('',#17134,#13998,#13999);
#11602=AXIS2_PLACEMENT_3D('',#17140,#14003,#14004);
#11603=AXIS2_PLACEMENT_3D('',#17143,#14006,#14007);
#11604=AXIS2_PLACEMENT_3D('',#17144,#14008,#14009);
#11605=AXIS2_PLACEMENT_3D('',#17148,#14012,#14013);
#11606=AXIS2_PLACEMENT_3D('',#17149,#14014,#14015);
#11607=AXIS2_PLACEMENT_3D('',#17150,#14016,#14017);
#11608=AXIS2_PLACEMENT_3D('',#17155,#14021,#14022);
#11609=AXIS2_PLACEMENT_3D('',#17157,#14024,#14025);
#11610=AXIS2_PLACEMENT_3D('',#17161,#14028,#14029);
#11611=AXIS2_PLACEMENT_3D('',#17164,#14032,#14033);
#11612=AXIS2_PLACEMENT_3D('',#17165,#14034,#14035);
#11613=AXIS2_PLACEMENT_3D('',#17167,#14037,#14038);
#11614=AXIS2_PLACEMENT_3D('',#17168,#14039,#14040);
#11615=AXIS2_PLACEMENT_3D('',#17172,#14043,#14044);
#11616=AXIS2_PLACEMENT_3D('',#17174,#14046,#14047);
#11617=AXIS2_PLACEMENT_3D('',#17182,#14052,#14053);
#11618=AXIS2_PLACEMENT_3D('',#17186,#14056,#14057);
#11619=AXIS2_PLACEMENT_3D('',#17190,#14060,#14061);
#11620=AXIS2_PLACEMENT_3D('',#17194,#14064,#14065);
#11621=AXIS2_PLACEMENT_3D('',#17196,#14067,#14068);
#11622=AXIS2_PLACEMENT_3D('',#17199,#14069,#14070);
#11623=AXIS2_PLACEMENT_3D('',#17202,#14072,#14073);
#11624=AXIS2_PLACEMENT_3D('',#17204,#14074,#14075);
#11625=AXIS2_PLACEMENT_3D('',#17205,#14076,#14077);
#11626=AXIS2_PLACEMENT_3D('',#17206,#14078,#14079);
#11627=AXIS2_PLACEMENT_3D('',#17208,#14081,#14082);
#11628=AXIS2_PLACEMENT_3D('',#17210,#14083,#14084);
#11629=AXIS2_PLACEMENT_3D('',#17213,#14086,#14087);
#11630=AXIS2_PLACEMENT_3D('',#17214,#14088,#14089);
#11631=AXIS2_PLACEMENT_3D('',#17216,#14091,#14092);
#11632=AXIS2_PLACEMENT_3D('',#17218,#14093,#14094);
#11633=AXIS2_PLACEMENT_3D('',#17221,#14096,#14097);
#11634=AXIS2_PLACEMENT_3D('',#17222,#14098,#14099);
#11635=AXIS2_PLACEMENT_3D('',#17224,#14101,#14102);
#11636=AXIS2_PLACEMENT_3D('',#17226,#14103,#14104);
#11637=AXIS2_PLACEMENT_3D('',#17229,#14106,#14107);
#11638=AXIS2_PLACEMENT_3D('',#17230,#14108,#14109);
#11639=AXIS2_PLACEMENT_3D('',#17232,#14111,#14112);
#11640=AXIS2_PLACEMENT_3D('',#17233,#14113,#14114);
#11641=AXIS2_PLACEMENT_3D('',#17234,#14115,#14116);
#11642=AXIS2_PLACEMENT_3D('',#17236,#14118,#14119);
#11643=AXIS2_PLACEMENT_3D('',#17238,#14121,#14122);
#11644=AXIS2_PLACEMENT_3D('',#17240,#14124,#14125);
#11645=AXIS2_PLACEMENT_3D('',#17241,#14126,#14127);
#11646=AXIS2_PLACEMENT_3D('',#17243,#14129,#14130);
#11647=AXIS2_PLACEMENT_3D('',#17245,#14132,#14133);
#11648=AXIS2_PLACEMENT_3D('',#17247,#14135,#14136);
#11649=AXIS2_PLACEMENT_3D('',#17248,#14137,#14138);
#11650=AXIS2_PLACEMENT_3D('',#17259,#14144,#14145);
#11651=AXIS2_PLACEMENT_3D('',#17262,#14148,#14149);
#11652=AXIS2_PLACEMENT_3D('',#17264,#14151,#14152);
#11653=AXIS2_PLACEMENT_3D('',#17266,#14154,#14155);
#11654=AXIS2_PLACEMENT_3D('',#17276,#14160,#14161);
#11655=AXIS2_PLACEMENT_3D('',#17285,#14167,#14168);
#11656=AXIS2_PLACEMENT_3D('',#17288,#14171,#14172);
#11657=AXIS2_PLACEMENT_3D('',#17290,#14174,#14175);
#11658=AXIS2_PLACEMENT_3D('',#17292,#14177,#14178);
#11659=AXIS2_PLACEMENT_3D('',#17294,#14180,#14181);
#11660=AXIS2_PLACEMENT_3D('',#17295,#14182,#14183);
#11661=AXIS2_PLACEMENT_3D('',#17299,#14186,#14187);
#11662=AXIS2_PLACEMENT_3D('',#17302,#14190,#14191);
#11663=AXIS2_PLACEMENT_3D('',#17304,#14193,#14194);
#11664=AXIS2_PLACEMENT_3D('',#17308,#14197,#14198);
#11665=AXIS2_PLACEMENT_3D('',#17312,#14201,#14202);
#11666=AXIS2_PLACEMENT_3D('',#17316,#14205,#14206);
#11667=AXIS2_PLACEMENT_3D('',#17320,#14209,#14210);
#11668=AXIS2_PLACEMENT_3D('',#17324,#14213,#14214);
#11669=AXIS2_PLACEMENT_3D('',#17328,#14217,#14218);
#11670=AXIS2_PLACEMENT_3D('',#17332,#14221,#14222);
#11671=AXIS2_PLACEMENT_3D('',#17336,#14225,#14226);
#11672=AXIS2_PLACEMENT_3D('',#17340,#14229,#14230);
#11673=AXIS2_PLACEMENT_3D('',#17344,#14233,#14234);
#11674=AXIS2_PLACEMENT_3D('',#17348,#14237,#14238);
#11675=AXIS2_PLACEMENT_3D('',#17352,#14241,#14242);
#11676=AXIS2_PLACEMENT_3D('',#17356,#14245,#14246);
#11677=AXIS2_PLACEMENT_3D('',#17360,#14249,#14250);
#11678=AXIS2_PLACEMENT_3D('',#17364,#14253,#14254);
#11679=AXIS2_PLACEMENT_3D('',#17366,#14256,#14257);
#11680=AXIS2_PLACEMENT_3D('',#17368,#14259,#14260);
#11681=AXIS2_PLACEMENT_3D('',#17370,#14262,#14263);
#11682=AXIS2_PLACEMENT_3D('',#17371,#14264,#14265);
#11683=AXIS2_PLACEMENT_3D('',#17373,#14267,#14268);
#11684=AXIS2_PLACEMENT_3D('',#17374,#14269,#14270);
#11685=AXIS2_PLACEMENT_3D('',#17375,#14271,#14272);
#11686=AXIS2_PLACEMENT_3D('',#17376,#14273,#14274);
#11687=AXIS2_PLACEMENT_3D('',#17380,#14277,#14278);
#11688=AXIS2_PLACEMENT_3D('',#17384,#14281,#14282);
#11689=AXIS2_PLACEMENT_3D('',#17386,#14284,#14285);
#11690=AXIS2_PLACEMENT_3D('',#17392,#14289,#14290);
#11691=AXIS2_PLACEMENT_3D('',#17396,#14293,#14294);
#11692=AXIS2_PLACEMENT_3D('',#17400,#14297,#14298);
#11693=AXIS2_PLACEMENT_3D('',#17402,#14300,#14301);
#11694=AXIS2_PLACEMENT_3D('',#17408,#14305,#14306);
#11695=AXIS2_PLACEMENT_3D('',#17412,#14309,#14310);
#11696=AXIS2_PLACEMENT_3D('',#17416,#14313,#14314);
#11697=AXIS2_PLACEMENT_3D('',#17418,#14316,#14317);
#11698=AXIS2_PLACEMENT_3D('',#17424,#14321,#14322);
#11699=AXIS2_PLACEMENT_3D('',#17428,#14325,#14326);
#11700=AXIS2_PLACEMENT_3D('',#17432,#14329,#14330);
#11701=AXIS2_PLACEMENT_3D('',#17434,#14332,#14333);
#11702=AXIS2_PLACEMENT_3D('',#17440,#14337,#14338);
#11703=AXIS2_PLACEMENT_3D('',#17444,#14341,#14342);
#11704=AXIS2_PLACEMENT_3D('',#17448,#14345,#14346);
#11705=AXIS2_PLACEMENT_3D('',#17450,#14348,#14349);
#11706=AXIS2_PLACEMENT_3D('',#17456,#14353,#14354);
#11707=AXIS2_PLACEMENT_3D('',#17460,#14357,#14358);
#11708=AXIS2_PLACEMENT_3D('',#17464,#14361,#14362);
#11709=AXIS2_PLACEMENT_3D('',#17466,#14364,#14365);
#11710=AXIS2_PLACEMENT_3D('',#17472,#14369,#14370);
#11711=AXIS2_PLACEMENT_3D('',#17476,#14373,#14374);
#11712=AXIS2_PLACEMENT_3D('',#17480,#14377,#14378);
#11713=AXIS2_PLACEMENT_3D('',#17482,#14380,#14381);
#11714=AXIS2_PLACEMENT_3D('',#17488,#14385,#14386);
#11715=AXIS2_PLACEMENT_3D('',#17492,#14389,#14390);
#11716=AXIS2_PLACEMENT_3D('',#17496,#14393,#14394);
#11717=AXIS2_PLACEMENT_3D('',#17498,#14396,#14397);
#11718=AXIS2_PLACEMENT_3D('',#17504,#14401,#14402);
#11719=AXIS2_PLACEMENT_3D('',#17508,#14405,#14406);
#11720=AXIS2_PLACEMENT_3D('',#17512,#14409,#14410);
#11721=AXIS2_PLACEMENT_3D('',#17514,#14412,#14413);
#11722=AXIS2_PLACEMENT_3D('',#17520,#14417,#14418);
#11723=AXIS2_PLACEMENT_3D('',#17524,#14421,#14422);
#11724=AXIS2_PLACEMENT_3D('',#17528,#14425,#14426);
#11725=AXIS2_PLACEMENT_3D('',#17530,#14428,#14429);
#11726=AXIS2_PLACEMENT_3D('',#17536,#14433,#14434);
#11727=AXIS2_PLACEMENT_3D('',#17540,#14437,#14438);
#11728=AXIS2_PLACEMENT_3D('',#17544,#14441,#14442);
#11729=AXIS2_PLACEMENT_3D('',#17546,#14444,#14445);
#11730=AXIS2_PLACEMENT_3D('',#17552,#14449,#14450);
#11731=AXIS2_PLACEMENT_3D('',#17556,#14453,#14454);
#11732=AXIS2_PLACEMENT_3D('',#17560,#14457,#14458);
#11733=AXIS2_PLACEMENT_3D('',#17562,#14460,#14461);
#11734=AXIS2_PLACEMENT_3D('',#17568,#14465,#14466);
#11735=AXIS2_PLACEMENT_3D('',#17572,#14469,#14470);
#11736=AXIS2_PLACEMENT_3D('',#17576,#14473,#14474);
#11737=AXIS2_PLACEMENT_3D('',#17578,#14476,#14477);
#11738=AXIS2_PLACEMENT_3D('',#17584,#14481,#14482);
#11739=AXIS2_PLACEMENT_3D('',#17588,#14485,#14486);
#11740=AXIS2_PLACEMENT_3D('',#17592,#14489,#14490);
#11741=AXIS2_PLACEMENT_3D('',#17594,#14492,#14493);
#11742=AXIS2_PLACEMENT_3D('',#17600,#14497,#14498);
#11743=AXIS2_PLACEMENT_3D('',#17604,#14501,#14502);
#11744=AXIS2_PLACEMENT_3D('',#17608,#14505,#14506);
#11745=AXIS2_PLACEMENT_3D('',#17610,#14508,#14509);
#11746=AXIS2_PLACEMENT_3D('',#17616,#14513,#14514);
#11747=AXIS2_PLACEMENT_3D('',#17620,#14517,#14518);
#11748=AXIS2_PLACEMENT_3D('',#17624,#14521,#14522);
#11749=AXIS2_PLACEMENT_3D('',#17626,#14524,#14525);
#11750=AXIS2_PLACEMENT_3D('',#17632,#14529,#14530);
#11751=AXIS2_PLACEMENT_3D('',#17636,#14533,#14534);
#11752=AXIS2_PLACEMENT_3D('',#17640,#14537,#14538);
#11753=AXIS2_PLACEMENT_3D('',#17642,#14540,#14541);
#11754=AXIS2_PLACEMENT_3D('',#17648,#14545,#14546);
#11755=AXIS2_PLACEMENT_3D('',#17652,#14549,#14550);
#11756=AXIS2_PLACEMENT_3D('',#17656,#14553,#14554);
#11757=AXIS2_PLACEMENT_3D('',#17658,#14556,#14557);
#11758=DIRECTION('axis',(0.,0.,1.));
#11759=DIRECTION('refdir',(1.,0.,0.));
#11760=DIRECTION('center_axis',(-0.66446302473026,0.241844761709494,0.707106781186542));
#11761=DIRECTION('ref_axis',(0.728739444643002,0.,0.684791078958691));
#11762=DIRECTION('',(0.342020141998453,0.939692621268976,0.));
#11763=DIRECTION('',(0.664463025324383,-0.241844760077122,0.707106781186553));
#11764=DIRECTION('',(-0.342020141998453,-0.939692621268976,0.));
#11765=DIRECTION('',(0.710564741559488,0.497542932641223,0.497542740105078));
#11766=DIRECTION('center_axis',(0.,0.,1.));
#11767=DIRECTION('ref_axis',(1.,0.,0.));
#11768=DIRECTION('',(0.939692622109207,-0.342020139689936,0.));
#11769=DIRECTION('center_axis',(0.,0.,-1.));
#11770=DIRECTION('ref_axis',(0.573576546987743,-0.819151966820331,0.));
#11771=DIRECTION('',(-0.34202014411235,-0.93969262049958,0.));
#11772=DIRECTION('',(0.707652966612095,-0.706560173548652,0.));
#11773=DIRECTION('',(0.,-1.,0.));
#11774=DIRECTION('',(0.982006446766995,-0.188847394761117,0.));
#11775=DIRECTION('center_axis',(0.,0.,-1.));
#11776=DIRECTION('ref_axis',(0.0948513395609293,0.995491448171956,0.));
#11777=DIRECTION('',(1.,0.,0.));
#11778=DIRECTION('center_axis',(0.,0.,-1.));
#11779=DIRECTION('ref_axis',(-0.122183263695704,0.992507556682903,0.));
#11780=DIRECTION('',(0.970142500145332,0.242535625036333,0.));
#11781=DIRECTION('center_axis',(0.,0.,-1.));
#11782=DIRECTION('ref_axis',(-0.393235048567341,0.919437978646869,0.));
#11783=DIRECTION('',(0.845488902186304,0.533992992725372,0.));
#11784=DIRECTION('center_axis',(0.,0.,-1.));
#11785=DIRECTION('ref_axis',(-0.87578336154707,0.482704364634622,0.));
#11786=DIRECTION('',(0.,1.,0.));
#11787=DIRECTION('center_axis',(0.,0.,-1.));
#11788=DIRECTION('ref_axis',(-0.707106685386966,-0.707106876986116,0.));
#11789=DIRECTION('',(-0.999999999999963,-2.70962114789914E-7,0.));
#11790=DIRECTION('',(0.,-1.,0.));
#11791=DIRECTION('',(-1.,0.,0.));
#11792=DIRECTION('',(0.,-1.,0.));
#11793=DIRECTION('',(-1.,0.,0.));
#11794=DIRECTION('center_axis',(0.,0.,-1.));
#11795=DIRECTION('ref_axis',(0.,-1.,0.));
#11796=DIRECTION('',(-1.,0.,0.));
#11797=DIRECTION('',(0.,1.,0.));
#11798=DIRECTION('',(-1.,0.,0.));
#11799=DIRECTION('',(0.,1.,0.));
#11800=DIRECTION('',(1.,0.,0.));
#11801=DIRECTION('',(5.9211894646675E-15,1.,0.));
#11802=DIRECTION('',(1.,0.,0.));
#11803=DIRECTION('',(0.,1.,0.));
#11804=DIRECTION('',(1.,0.,0.));
#11805=DIRECTION('',(0.,-1.,0.));
#11806=DIRECTION('',(1.,0.,0.));
#11807=DIRECTION('',(0.,-1.,0.));
#11808=DIRECTION('',(1.,0.,0.));
#11809=DIRECTION('',(0.,-1.,0.));
#11810=DIRECTION('',(0.984807750660907,-0.17364819100182,0.));
#11811=DIRECTION('',(0.965926041052794,-0.258818243592054,0.));
#11812=DIRECTION('',(-1.,0.,0.));
#11813=DIRECTION('',(0.,1.,0.));
#11814=DIRECTION('',(1.,0.,0.));
#11815=DIRECTION('',(0.,-1.,0.));
#11816=DIRECTION('center_axis',(0.,0.,-1.));
#11817=DIRECTION('ref_axis',(0.573576546987743,-0.819151966820331,0.));
#11818=DIRECTION('',(-1.91599144751387E-7,0.707106781186523,0.707106781186546));
#11819=DIRECTION('center_axis',(0.,0.,1.));
#11820=DIRECTION('ref_axis',(0.573576546987743,-0.819151966820331,0.));
#11821=DIRECTION('',(-0.664463024186209,0.241844763204238,0.70710678118655));
#11822=DIRECTION('center_axis',(1.91599148812595E-7,-0.70710678118652,0.707106781186549));
#11823=DIRECTION('ref_axis',(0.999999999999963,0.,-2.70962114789903E-7));
#11824=DIRECTION('',(0.999999999999963,2.70962114789914E-7,0.));
#11825=DIRECTION('center_axis',(0.707106781186547,0.,0.707106781186548));
#11826=DIRECTION('ref_axis',(0.707106781186548,0.,-0.707106781186547));
#11827=DIRECTION('',(0.,1.,0.));
#11828=DIRECTION('',(-0.707106781186548,0.,0.707106781186547));
#11829=DIRECTION('',(0.577350321336302,-0.577350164896261,-0.5773503213363));
#11830=DIRECTION('center_axis',(0.133535273444998,0.694383417677848,0.707106781186548));
#11831=DIRECTION('ref_axis',(0.982631537200388,0.,-0.185567405810404));
#11832=DIRECTION('',(-0.982006446766995,0.188847394761117,0.));
#11833=DIRECTION('',(-0.133535273444994,-0.694383417677849,0.707106781186547));
#11834=DIRECTION('',(0.610585078960375,0.504352776042631,-0.610585078960373));
#11835=DIRECTION('center_axis',(0.707106781186547,0.,0.707106781186548));
#11836=DIRECTION('ref_axis',(0.707106781186548,0.,-0.707106781186547));
#11837=DIRECTION('',(0.678539720537572,0.281367544868967,-0.67853972053757));
#11838=DIRECTION('',(0.,1.,0.));
#11839=DIRECTION('center_axis',(0.499613490032597,0.500386211418191,0.707106781186546));
#11840=DIRECTION('ref_axis',(0.816706970277694,0.,-0.577052618657804));
#11841=DIRECTION('',(0.746318987226933,0.165757481944135,-0.644618046973636));
#11842=DIRECTION('',(-0.707652966612095,0.706560173548652,0.));
#11843=DIRECTION('center_axis',(0.664463024186207,-0.241844763204242,0.70710678118655));
#11844=DIRECTION('ref_axis',(0.728739444922814,0.,-0.684791078660922));
#11845=DIRECTION('',(0.34202014411235,0.93969262049958,0.));
#11846=DIRECTION('center_axis',(0.,0.,-1.));
#11847=DIRECTION('ref_axis',(0.0948513395609293,0.995491448171956,0.));
#11848=DIRECTION('center_axis',(0.,0.,1.));
#11849=DIRECTION('ref_axis',(0.0948513395609293,0.995491448171956,0.));
#11850=DIRECTION('',(0.,-0.707106781186548,0.707106781186547));
#11851=DIRECTION('center_axis',(0.,0.707106781186547,0.707106781186548));
#11852=DIRECTION('ref_axis',(1.,0.,0.));
#11853=DIRECTION('',(0.,-0.707106781186548,0.707106781186547));
#11854=DIRECTION('',(-1.,0.,0.));
#11855=DIRECTION('center_axis',(0.,0.,-1.));
#11856=DIRECTION('ref_axis',(-0.122183263695704,0.992507556682903,0.));
#11857=DIRECTION('center_axis',(0.,0.,1.));
#11858=DIRECTION('ref_axis',(-0.122183263695704,0.992507556682903,0.));
#11859=DIRECTION('',(0.17149858514251,-0.685994340570035,0.707106781186547));
#11860=DIRECTION('center_axis',(-0.171498585142509,0.685994340570036,0.707106781186547));
#11861=DIRECTION('ref_axis',(0.97182531580755,0.,0.235702260395517));
#11862=DIRECTION('',(0.171498585142508,-0.685994340570034,0.707106781186549));
#11863=DIRECTION('',(-0.970142500145332,-0.242535625036333,0.));
#11864=DIRECTION('center_axis',(0.,0.,-1.));
#11865=DIRECTION('ref_axis',(-0.393235048567341,0.919437978646869,0.));
#11866=DIRECTION('center_axis',(0.,0.,1.));
#11867=DIRECTION('ref_axis',(-0.393235048567341,0.919437978646869,0.));
#11868=DIRECTION('',(0.377590066262209,-0.597850936153906,0.707106781186547));
#11869=DIRECTION('center_axis',(-0.377590066262209,0.597850936153905,0.707106781186547));
#11870=DIRECTION('ref_axis',(0.882111208428418,0.,0.471041204105285));
#11871=DIRECTION('',(0.377590066262207,-0.597850936153907,0.707106781186547));
#11872=DIRECTION('',(-0.845488902186304,-0.533992992725372,0.));
#11873=DIRECTION('center_axis',(0.,0.,-1.));
#11874=DIRECTION('ref_axis',(-0.87578336154707,0.482704364634622,0.));
#11875=DIRECTION('center_axis',(0.,0.,1.));
#11876=DIRECTION('ref_axis',(-0.87578336154707,0.482704364634622,0.));
#11877=DIRECTION('',(0.707106781186548,0.,0.707106781186547));
#11878=DIRECTION('center_axis',(-0.707106781186548,0.,0.707106781186547));
#11879=DIRECTION('ref_axis',(0.707106781186547,0.,0.707106781186548));
#11880=DIRECTION('',(-0.577350269189627,-0.577350269189624,-0.577350269189627));
#11881=DIRECTION('',(0.,-1.,0.));
#11882=DIRECTION('',(0.707106781186547,0.,0.707106781186548));
#11883=DIRECTION('',(0.,-1.,0.));
#11884=DIRECTION('',(0.577350269189627,-0.577350269189624,0.577350269189627));
#11885=DIRECTION('',(0.,-1.,0.));
#11886=DIRECTION('center_axis',(0.,0.,-1.));
#11887=DIRECTION('ref_axis',(-0.707106685386966,-0.707106876986116,0.));
#11888=DIRECTION('center_axis',(0.,0.,1.));
#11889=DIRECTION('ref_axis',(-0.707106685386966,-0.707106876986116,0.));
#11890=DIRECTION('',(-1.91599148938301E-7,0.707106781186523,0.707106781186546));
#11891=DIRECTION('center_axis',(1.91599148812595E-7,-0.70710678118652,0.707106781186549));
#11892=DIRECTION('ref_axis',(0.999999999999963,0.,-2.70962114789903E-7));
#11893=DIRECTION('',(0.999999999999963,2.70962114789914E-7,0.));
#11894=DIRECTION('center_axis',(0.,1.,0.));
#11895=DIRECTION('ref_axis',(-1.,0.,0.));
#11896=DIRECTION('',(0.,0.,1.));
#11897=DIRECTION('',(1.,0.,0.));
#11898=DIRECTION('',(0.,0.,1.));
#11899=DIRECTION('center_axis',(1.,0.,0.));
#11900=DIRECTION('ref_axis',(0.,1.,0.));
#11901=DIRECTION('',(0.,0.,1.));
#11902=DIRECTION('',(0.,-1.,0.));
#11903=DIRECTION('center_axis',(0.,0.,1.));
#11904=DIRECTION('ref_axis',(-0.707106685386966,-0.707106876986116,0.));
#11905=DIRECTION('',(0.,0.,-1.));
#11906=DIRECTION('center_axis',(0.,0.,1.));
#11907=DIRECTION('ref_axis',(-0.707106685386966,-0.707106876986116,0.));
#11908=DIRECTION('',(0.,0.,1.));
#11909=DIRECTION('center_axis',(-1.,0.,0.));
#11910=DIRECTION('ref_axis',(0.,-1.,0.));
#11911=DIRECTION('',(0.,0.,1.));
#11912=DIRECTION('',(0.,-1.,0.));
#11913=DIRECTION('',(0.,0.,-1.));
#11914=DIRECTION('',(0.,0.,1.));
#11915=DIRECTION('',(0.,1.,0.));
#11916=DIRECTION('center_axis',(-0.707106781186546,0.707106781186549,0.));
#11917=DIRECTION('ref_axis',(0.,0.,1.));
#11918=DIRECTION('',(-0.577350269189627,-0.577350269189624,0.577350269189626));
#11919=DIRECTION('',(0.,0.,-1.));
#11920=DIRECTION('',(0.577350269189627,0.577350269189624,0.577350269189626));
#11921=DIRECTION('center_axis',(-0.707106781186547,0.,-0.707106781186548));
#11922=DIRECTION('ref_axis',(-0.707106781186548,0.,0.707106781186547));
#11923=DIRECTION('',(0.577350269189627,-0.577350269189624,-0.577350269189626));
#11924=DIRECTION('',(0.,-1.,0.));
#11925=DIRECTION('center_axis',(2.70962114789914E-7,-0.999999999999963,
0.));
#11926=DIRECTION('ref_axis',(0.999999999999963,2.70962114789914E-7,0.));
#11927=DIRECTION('',(0.,0.,1.));
#11928=DIRECTION('',(0.999999999999963,2.70962114789914E-7,0.));
#11929=DIRECTION('',(-0.999999999999963,-2.70962114789914E-7,0.));
#11930=DIRECTION('',(0.,0.,-1.));
#11931=DIRECTION('',(-0.999999999999963,-2.70962114789914E-7,0.));
#11932=DIRECTION('center_axis',(2.70962114789914E-7,-0.999999999999963,
0.));
#11933=DIRECTION('ref_axis',(0.999999999999963,2.70962114789914E-7,0.));
#11934=DIRECTION('',(0.999999999999963,2.70962114789914E-7,0.));
#11935=DIRECTION('center_axis',(2.70962114789914E-7,-0.999999999999963,
0.));
#11936=DIRECTION('ref_axis',(-0.999999999999963,-2.70962114789914E-7,0.));
#11937=DIRECTION('center_axis',(0.,0.,-1.));
#11938=DIRECTION('ref_axis',(-1.,0.,0.));
#11939=DIRECTION('center_axis',(0.,0.,1.));
#11940=DIRECTION('ref_axis',(-0.87578336154707,0.482704364634622,0.));
#11941=DIRECTION('',(0.845488902186304,0.533992992725372,0.));
#11942=DIRECTION('center_axis',(0.,0.,1.));
#11943=DIRECTION('ref_axis',(-0.393235048567341,0.919437978646869,0.));
#11944=DIRECTION('',(0.970142500145332,0.242535625036333,0.));
#11945=DIRECTION('center_axis',(0.,0.,1.));
#11946=DIRECTION('ref_axis',(-0.122183263695704,0.992507556682903,0.));
#11947=DIRECTION('',(1.,0.,0.));
#11948=DIRECTION('center_axis',(0.,0.,1.));
#11949=DIRECTION('ref_axis',(0.0948513395609293,0.995491448171956,0.));
#11950=DIRECTION('',(0.982006446766995,-0.188847394761117,0.));
#11951=DIRECTION('',(0.,-1.,0.));
#11952=DIRECTION('',(0.707652966612095,-0.706560173548652,0.));
#11953=DIRECTION('',(-0.34202014411235,-0.93969262049958,0.));
#11954=DIRECTION('center_axis',(0.,0.,1.));
#11955=DIRECTION('ref_axis',(0.573576546987743,-0.819151966820331,0.));
#11956=DIRECTION('',(0.999999999999963,2.7057181509439E-7,0.));
#11957=DIRECTION('center_axis',(0.,0.,-1.));
#11958=DIRECTION('ref_axis',(0.573576546333577,-0.819151967278384,0.));
#11959=DIRECTION('',(0.34202014524644,0.939692620086805,0.));
#11960=DIRECTION('',(-0.70765296743564,0.706560172723833,0.));
#11961=DIRECTION('',(0.,1.,0.));
#11962=DIRECTION('',(-0.98200644689579,0.188847394091382,0.));
#11963=DIRECTION('center_axis',(0.,0.,-1.));
#11964=DIRECTION('ref_axis',(0.141602353674283,0.989923619999999,0.));
#11965=DIRECTION('',(-1.,0.,0.));
#11966=DIRECTION('center_axis',(0.,0.,-1.));
#11967=DIRECTION('ref_axis',(-0.122183264820047,0.99250755654449,0.));
#11968=DIRECTION('',(-0.970142499595828,-0.242535627234348,0.));
#11969=DIRECTION('center_axis',(0.,0.,-1.));
#11970=DIRECTION('ref_axis',(-0.39323504871449,0.919437978583935,0.));
#11971=DIRECTION('',(-0.845488903225228,-0.533992991080408,0.));
#11972=DIRECTION('center_axis',(0.,0.,-1.));
#11973=DIRECTION('ref_axis',(-0.875783361077501,0.482704365486574,0.));
#11974=DIRECTION('',(0.,-1.,0.));
#11975=DIRECTION('center_axis',(0.,0.,-1.));
#11976=DIRECTION('ref_axis',(-0.707106685524958,-0.707106876848124,0.));
#11977=DIRECTION('center_axis',(0.,0.,1.));
#11978=DIRECTION('ref_axis',(0.0948513395609293,0.995491448171956,0.));
#11979=DIRECTION('',(0.,0.,-1.));
#11980=DIRECTION('',(0.,0.,1.));
#11981=DIRECTION('center_axis',(0.188847394761117,0.982006446766995,0.));
#11982=DIRECTION('ref_axis',(-0.982006446766995,0.188847394761117,0.));
#11983=DIRECTION('',(0.,0.,1.));
#11984=DIRECTION('center_axis',(0.,0.,1.));
#11985=DIRECTION('ref_axis',(-0.122183263695704,0.992507556682903,0.));
#11986=DIRECTION('',(0.,0.,-1.));
#11987=DIRECTION('',(0.,0.,1.));
#11988=DIRECTION('center_axis',(-0.242535625036333,0.970142500145332,0.));
#11989=DIRECTION('ref_axis',(-0.970142500145332,-0.242535625036333,0.));
#11990=DIRECTION('',(0.,0.,-1.));
#11991=DIRECTION('center_axis',(0.,0.,1.));
#11992=DIRECTION('ref_axis',(-0.393235048567341,0.919437978646869,0.));
#11993=DIRECTION('',(0.,0.,1.));
#11994=DIRECTION('center_axis',(-0.533992992725372,0.845488902186304,0.));
#11995=DIRECTION('ref_axis',(-0.845488902186304,-0.533992992725372,0.));
#11996=DIRECTION('',(0.,0.,-1.));
#11997=DIRECTION('center_axis',(0.,0.,1.));
#11998=DIRECTION('ref_axis',(-0.87578336154707,0.482704364634622,0.));
#11999=DIRECTION('center_axis',(0.,0.,1.));
#12000=DIRECTION('ref_axis',(0.573576546987743,-0.819151966820331,0.));
#12001=DIRECTION('',(0.,0.,1.));
#12002=DIRECTION('center_axis',(0.,0.,-1.));
#12003=DIRECTION('ref_axis',(0.573576546333577,-0.819151967278384,0.));
#12004=DIRECTION('center_axis',(0.,0.,-1.));
#12005=DIRECTION('ref_axis',(0.573576546333577,-0.819151967278384,0.));
#12006=DIRECTION('',(0.,0.,-1.));
#12007=DIRECTION('',(0.,0.,1.));
#12008=DIRECTION('center_axis',(0.,0.,-1.));
#12009=DIRECTION('ref_axis',(-1.,0.,0.));
#12010=DIRECTION('',(-0.999999999999963,-2.7057181509439E-7,0.));
#12011=DIRECTION('center_axis',(0.,0.,-1.));
#12012=DIRECTION('ref_axis',(-0.707106685524958,-0.707106876848124,0.));
#12013=DIRECTION('',(0.,1.,0.));
#12014=DIRECTION('center_axis',(0.,0.,-1.));
#12015=DIRECTION('ref_axis',(-0.875783361077501,0.482704365486574,0.));
#12016=DIRECTION('',(0.845488903225228,0.533992991080408,0.));
#12017=DIRECTION('center_axis',(0.,0.,-1.));
#12018=DIRECTION('ref_axis',(-0.39323504871449,0.919437978583935,0.));
#12019=DIRECTION('',(0.970142499595828,0.242535627234348,0.));
#12020=DIRECTION('center_axis',(0.,0.,-1.));
#12021=DIRECTION('ref_axis',(-0.122183264820047,0.99250755654449,0.));
#12022=DIRECTION('',(1.,0.,0.));
#12023=DIRECTION('center_axis',(0.,0.,-1.));
#12024=DIRECTION('ref_axis',(0.141602353674283,0.989923619999999,0.));
#12025=DIRECTION('',(0.98200644689579,-0.188847394091382,0.));
#12026=DIRECTION('',(0.,-1.,0.));
#12027=DIRECTION('',(0.70765296743564,-0.706560172723833,0.));
#12028=DIRECTION('',(-0.34202014524644,-0.939692620086805,0.));
#12029=DIRECTION('',(0.,1.,0.));
#12030=DIRECTION('',(0.999999999999963,2.70809947880376E-7,0.));
#12031=DIRECTION('center_axis',(0.,0.,-1.));
#12032=DIRECTION('ref_axis',(0.573576546965854,-0.819151966835659,0.));
#12033=DIRECTION('',(0.342020144019579,0.939692620533346,0.));
#12034=DIRECTION('',(-0.707652966688446,0.706560173472183,0.));
#12035=DIRECTION('',(0.,1.,0.));
#12036=DIRECTION('',(-0.982006447367713,0.188847391637385,0.));
#12037=DIRECTION('center_axis',(0.,0.,-1.));
#12038=DIRECTION('ref_axis',(0.133838176876986,0.991003200000002,0.));
#12039=DIRECTION('',(-1.,0.,0.));
#12040=DIRECTION('center_axis',(0.,0.,-1.));
#12041=DIRECTION('ref_axis',(-0.122183262543893,0.992507556824698,0.));
#12042=DIRECTION('',(-0.970142500708259,-0.242535622784623,0.));
#12043=DIRECTION('center_axis',(0.,0.,-1.));
#12044=DIRECTION('ref_axis',(-0.393235047126103,0.919437979263273,0.));
#12045=DIRECTION('',(-0.84548890262099,-0.533992992037119,0.));
#12046=DIRECTION('center_axis',(0.,0.,-1.));
#12047=DIRECTION('ref_axis',(-0.875783361350603,0.482704364991078,0.));
#12048=DIRECTION('',(0.,-1.,0.));
#12049=DIRECTION('center_axis',(0.,0.,-1.));
#12050=DIRECTION('ref_axis',(-0.707106685440767,-0.707106876932315,0.));
#12051=DIRECTION('',(0.999999999999963,2.70809947880376E-7,0.));
#12052=DIRECTION('',(0.,-1.,0.));
#12053=DIRECTION('',(0.999999999999963,2.70886029163354E-7,0.));
#12054=DIRECTION('center_axis',(-2.7057181509439E-7,0.999999999999963,0.));
#12055=DIRECTION('ref_axis',(0.999999999999963,2.7057181509439E-7,0.));
#12056=DIRECTION('',(0.,0.,-1.));
#12057=DIRECTION('center_axis',(0.,0.,-1.));
#12058=DIRECTION('ref_axis',(-0.707106685524958,-0.707106876848124,0.));
#12059=DIRECTION('',(0.,0.,1.));
#12060=DIRECTION('center_axis',(0.,0.,-1.));
#12061=DIRECTION('ref_axis',(-0.875783361077501,0.482704365486574,0.));
#12062=DIRECTION('',(0.,0.,-1.));
#12063=DIRECTION('',(0.,0.,1.));
#12064=DIRECTION('center_axis',(0.533992991080408,-0.845488903225228,0.));
#12065=DIRECTION('ref_axis',(-0.845488903225228,-0.533992991080408,0.));
#12066=DIRECTION('',(0.,0.,-1.));
#12067=DIRECTION('center_axis',(0.,0.,-1.));
#12068=DIRECTION('ref_axis',(-0.39323504871449,0.919437978583935,0.));
#12069=DIRECTION('',(0.,0.,1.));
#12070=DIRECTION('center_axis',(0.,0.,-1.));
#12071=DIRECTION('ref_axis',(-0.122183264820047,0.99250755654449,0.));
#12072=DIRECTION('',(0.,0.,-1.));
#12073=DIRECTION('',(0.,0.,1.));
#12074=DIRECTION('center_axis',(0.,-1.,0.));
#12075=DIRECTION('ref_axis',(-1.,0.,0.));
#12076=DIRECTION('',(0.,0.,-1.));
#12077=DIRECTION('center_axis',(0.,0.,1.));
#12078=DIRECTION('ref_axis',(0.141602353674283,0.989923619999999,0.));
#12079=DIRECTION('',(0.,0.,-1.));
#12080=DIRECTION('center_axis',(0.,0.,-1.));
#12081=DIRECTION('ref_axis',(0.573576546965854,-0.819151966835659,0.));
#12082=DIRECTION('center_axis',(0.,0.,-1.));
#12083=DIRECTION('ref_axis',(0.573576546965854,-0.819151966835659,0.));
#12084=DIRECTION('',(0.,0.,-1.));
#12085=DIRECTION('',(0.,0.,1.));
#12086=DIRECTION('center_axis',(0.,0.,1.));
#12087=DIRECTION('ref_axis',(1.,0.,0.));
#12088=DIRECTION('',(-0.999999999999963,-2.70809947880376E-7,0.));
#12089=DIRECTION('',(0.,-1.,0.));
#12090=DIRECTION('',(1.,0.,0.));
#12091=DIRECTION('',(0.,1.,0.));
#12092=DIRECTION('',(1.,0.,0.));
#12093=DIRECTION('center_axis',(0.,0.,1.));
#12094=DIRECTION('ref_axis',(0.,-1.,0.));
#12095=DIRECTION('',(1.,0.,0.));
#12096=DIRECTION('',(0.,-1.,0.));
#12097=DIRECTION('',(1.,0.,0.));
#12098=DIRECTION('',(0.,1.,0.));
#12099=DIRECTION('center_axis',(0.,0.,-1.));
#12100=DIRECTION('ref_axis',(-0.875783361350603,0.482704364991078,0.));
#12101=DIRECTION('',(0.84548890262099,0.533992992037119,0.));
#12102=DIRECTION('center_axis',(0.,0.,-1.));
#12103=DIRECTION('ref_axis',(-0.393235047126103,0.919437979263273,0.));
#12104=DIRECTION('',(0.970142500708259,0.242535622784623,0.));
#12105=DIRECTION('center_axis',(0.,0.,-1.));
#12106=DIRECTION('ref_axis',(-0.122183262543893,0.992507556824698,0.));
#12107=DIRECTION('',(1.,0.,0.));
#12108=DIRECTION('center_axis',(0.,0.,-1.));
#12109=DIRECTION('ref_axis',(0.133838176876986,0.991003200000002,0.));
#12110=DIRECTION('',(0.982006447367713,-0.188847391637385,0.));
#12111=DIRECTION('',(0.,-1.,0.));
#12112=DIRECTION('',(0.,1.,0.));
#12113=DIRECTION('',(-0.984807750660908,0.173648191001814,0.));
#12114=DIRECTION('',(-0.965926041052801,0.258818243592028,0.));
#12115=DIRECTION('',(-0.939692622109206,0.342020139689938,0.));
#12116=DIRECTION('',(0.707652966688446,-0.706560173472183,0.));
#12117=DIRECTION('',(-0.342020144019579,-0.939692620533346,0.));
#12118=DIRECTION('',(-1.,0.,0.));
#12119=DIRECTION('',(0.,-1.,0.));
#12120=DIRECTION('',(1.,0.,0.));
#12121=DIRECTION('',(0.,1.,0.));
#12122=DIRECTION('',(0.,1.,0.));
#12123=DIRECTION('',(-1.,0.,0.));
#12124=DIRECTION('',(0.,-1.,0.));
#12125=DIRECTION('',(1.,0.,0.));
#12126=DIRECTION('',(0.,-1.,0.));
#12127=DIRECTION('',(1.,0.,0.));
#12128=DIRECTION('',(0.,1.,0.));
#12129=DIRECTION('',(-1.,0.,0.));
#12130=DIRECTION('',(1.,0.,0.));
#12131=DIRECTION('',(0.,1.,0.));
#12132=DIRECTION('',(-1.,0.,0.));
#12133=DIRECTION('',(0.,-1.,0.));
#12134=DIRECTION('',(-0.173648179059275,-0.9848077527667,0.));
#12135=DIRECTION('',(0.984807752766701,-0.173648179059272,0.));
#12136=DIRECTION('',(0.17364817905927,0.984807752766701,0.));
#12137=DIRECTION('',(-0.9848077527667,0.173648179059274,0.));
#12138=DIRECTION('',(1.,0.,0.));
#12139=DIRECTION('',(0.,1.,0.));
#12140=DIRECTION('',(-1.,0.,0.));
#12141=DIRECTION('',(0.,-1.,0.));
#12142=DIRECTION('',(0.,-1.,0.));
#12143=DIRECTION('',(1.,0.,0.));
#12144=DIRECTION('',(0.,1.,0.));
#12145=DIRECTION('',(-1.,0.,0.));
#12146=DIRECTION('',(0.,-1.,0.));
#12147=DIRECTION('',(1.,0.,0.));
#12148=DIRECTION('',(5.07530525542929E-15,1.,0.));
#12149=DIRECTION('',(-1.,0.,0.));
#12150=DIRECTION('',(1.,0.,0.));
#12151=DIRECTION('',(0.,1.,0.));
#12152=DIRECTION('',(-1.,0.,0.));
#12153=DIRECTION('',(0.,-1.,0.));
#12154=DIRECTION('',(5.07530525542929E-15,1.,0.));
#12155=DIRECTION('',(-1.,0.,0.));
#12156=DIRECTION('',(0.,-1.,0.));
#12157=DIRECTION('',(1.,0.,0.));
#12158=DIRECTION('',(1.,0.,0.));
#12159=DIRECTION('',(0.,1.,0.));
#12160=DIRECTION('',(-1.,0.,0.));
#12161=DIRECTION('',(0.,-1.,0.));
#12162=DIRECTION('',(-1.,0.,0.));
#12163=DIRECTION('',(0.,-1.,0.));
#12164=DIRECTION('',(1.,0.,0.));
#12165=DIRECTION('',(0.,1.,0.));
#12166=DIRECTION('',(-1.,0.,0.));
#12167=DIRECTION('',(0.,-1.,0.));
#12168=DIRECTION('',(1.,0.,0.));
#12169=DIRECTION('',(0.,1.,0.));
#12170=DIRECTION('',(1.,0.,0.));
#12171=DIRECTION('',(0.,1.,0.));
#12172=DIRECTION('',(-1.,0.,0.));
#12173=DIRECTION('',(0.,-1.,0.));
#12174=DIRECTION('',(0.,-1.,0.));
#12175=DIRECTION('',(1.,0.,0.));
#12176=DIRECTION('',(0.,1.,0.));
#12177=DIRECTION('',(-1.,0.,0.));
#12178=DIRECTION('',(0.,-1.,0.));
#12179=DIRECTION('',(1.,0.,0.));
#12180=DIRECTION('',(0.,1.,0.));
#12181=DIRECTION('',(-1.,0.,0.));
#12182=DIRECTION('',(-0.342020145001071,-0.939692620176112,0.));
#12183=DIRECTION('',(0.939692620176111,-0.342020145001073,0.));
#12184=DIRECTION('',(0.342020145001076,0.93969262017611,0.));
#12185=DIRECTION('',(-0.939692620176112,0.342020145001072,0.));
#12186=DIRECTION('center_axis',(0.,0.,1.));
#12187=DIRECTION('ref_axis',(1.,0.,0.));
#12188=DIRECTION('center_axis',(0.,0.,1.));
#12189=DIRECTION('ref_axis',(1.,0.,0.));
#12190=DIRECTION('center_axis',(0.,0.,1.));
#12191=DIRECTION('ref_axis',(1.,0.,0.));
#12192=DIRECTION('center_axis',(0.,0.,1.));
#12193=DIRECTION('ref_axis',(1.,0.,0.));
#12194=DIRECTION('center_axis',(-2.70809947880376E-7,0.999999999999963,
0.));
#12195=DIRECTION('ref_axis',(-0.999999999999963,-2.70809947880376E-7,0.));
#12196=DIRECTION('',(0.,0.,1.));
#12197=DIRECTION('center_axis',(2.70809947880376E-7,-0.999999999999963,
0.));
#12198=DIRECTION('ref_axis',(-0.999999999999963,-2.70809947880376E-7,0.));
#12199=DIRECTION('',(-0.999999999999963,-2.70809947880376E-7,0.));
#12200=DIRECTION('center_axis',(2.70809947880376E-7,-0.999999999999963,
0.));
#12201=DIRECTION('ref_axis',(0.999999999999963,2.70809947880376E-7,0.));
#12202=DIRECTION('',(0.,0.,-1.));
#12203=DIRECTION('',(0.,0.,-1.));
#12204=DIRECTION('',(0.999999999999963,2.70809947880376E-7,0.));
#12205=DIRECTION('',(0.,0.,1.));
#12206=DIRECTION('center_axis',(0.,0.,-1.));
#12207=DIRECTION('ref_axis',(-0.707106685440767,-0.707106876932315,0.));
#12208=DIRECTION('center_axis',(0.,0.,-1.));
#12209=DIRECTION('ref_axis',(-0.707106685440767,-0.707106876932315,0.));
#12210=DIRECTION('',(0.,0.,1.));
#12211=DIRECTION('center_axis',(0.,0.,-1.));
#12212=DIRECTION('ref_axis',(-0.875783361350603,0.482704364991078,0.));
#12213=DIRECTION('',(0.,0.,-1.));
#12214=DIRECTION('',(0.,0.,1.));
#12215=DIRECTION('center_axis',(0.533992992037119,-0.84548890262099,0.));
#12216=DIRECTION('ref_axis',(-0.84548890262099,-0.533992992037119,0.));
#12217=DIRECTION('',(0.,0.,-1.));
#12218=DIRECTION('center_axis',(0.,0.,-1.));
#12219=DIRECTION('ref_axis',(-0.393235047126103,0.919437979263273,0.));
#12220=DIRECTION('',(0.,0.,1.));
#12221=DIRECTION('center_axis',(0.,0.,-1.));
#12222=DIRECTION('ref_axis',(-0.122183262543893,0.992507556824698,0.));
#12223=DIRECTION('',(0.,0.,-1.));
#12224=DIRECTION('',(0.,0.,1.));
#12225=DIRECTION('center_axis',(0.,-1.,0.));
#12226=DIRECTION('ref_axis',(-1.,0.,0.));
#12227=DIRECTION('',(0.,0.,-1.));
#12228=DIRECTION('center_axis',(0.,0.,1.));
#12229=DIRECTION('ref_axis',(0.133838176876986,0.991003200000002,0.));
#12230=DIRECTION('',(0.,0.,-1.));
#12231=DIRECTION('center_axis',(0.707106781186557,0.614071926610681,0.350593309902846));
#12232=DIRECTION('ref_axis',(0.444210680958881,0.,-0.89592235764158));
#12233=DIRECTION('',(0.,-0.495813813741884,0.868428846885413));
#12234=DIRECTION('',(0.655690010272516,-0.755030204977806,5.15847334063884E-16));
#12235=DIRECTION('',(0.,0.495813813741884,-0.868428846885413));
#12236=DIRECTION('',(-0.654653670707968,0.381120125540595,0.652821584612906));
#12237=DIRECTION('center_axis',(0.707106781186555,0.00341325053260629,0.707098543147128));
#12238=DIRECTION('ref_axis',(0.707102662130843,0.,-0.707110900218258));
#12239=DIRECTION('',(0.,0.999988349652936,-0.00482706519498906));
#12240=DIRECTION('',(-0.654653670707968,-0.374800013643308,0.656470502918113));
#12241=DIRECTION('',(0.,-0.999988349652936,0.00482706519498906));
#12242=DIRECTION('center_axis',(0.707106781186561,-0.610658676078072,0.35650523324428));
#12243=DIRECTION('ref_axis',(0.450193168571818,0.,-0.892931190501971));
#12244=DIRECTION('',(0.,0.504174535911053,0.863601781690424));
#12245=DIRECTION('',(-0.654653670707967,-0.755920139183887,0.00364891830522051));
#12246=DIRECTION('',(0.,-0.504174535911053,-0.863601781690424));
#12247=DIRECTION('center_axis',(0.707106781186556,-0.614071926610683,-0.350593309902845));
#12248=DIRECTION('ref_axis',(-0.444210680958881,0.,-0.89592235764158));
#12249=DIRECTION('',(0.,-0.495813813741883,0.868428846885414));
#12250=DIRECTION('',(-0.65465367070797,-0.381120125540581,-0.652821584612911));
#12251=DIRECTION('',(0.,0.495813813741883,-0.868428846885414));
#12252=DIRECTION('center_axis',(0.707106781186556,-0.00341325053260627,
-0.707098543147127));
#12253=DIRECTION('ref_axis',(-0.707102662130842,0.,-0.707110900218259));
#12254=DIRECTION('',(0.,-0.999988349652936,0.00482706519498904));
#12255=DIRECTION('',(-0.654653670707967,0.3748000136433,-0.656470502918118));
#12256=DIRECTION('',(0.,0.999988349652936,-0.00482706519498904));
#12257=DIRECTION('center_axis',(0.707106781186556,0.610658676078076,-0.356505233244281));
#12258=DIRECTION('ref_axis',(-0.450193168571822,0.,-0.892931190501969));
#12259=DIRECTION('',(0.,-0.504174535911052,-0.863601781690424));
#12260=DIRECTION('',(-0.653604878899188,0.756835954668631,-5.17081047838323E-16));
#12261=DIRECTION('',(0.,0.504174535911052,0.863601781690424));
#12262=DIRECTION('center_axis',(1.,0.,0.));
#12263=DIRECTION('ref_axis',(0.,1.,0.));
#12264=DIRECTION('',(0.,0.,1.));
#12265=DIRECTION('',(0.,-1.,6.83214169000096E-16));
#12266=DIRECTION('',(0.,0.504174535911052,0.863601781690424));
#12267=DIRECTION('',(0.,0.999988349652936,-0.00482706519499195));
#12268=DIRECTION('',(0.,0.495813813741882,-0.868428846885414));
#12269=DIRECTION('',(0.,-1.,6.83214169000096E-16));
#12270=DIRECTION('',(0.,0.504174535911054,0.863601781690423));
#12271=DIRECTION('',(0.,0.999988349652936,-0.00482706519499388));
#12272=DIRECTION('',(0.,0.49581381374188,-0.868428846885415));
#12273=DIRECTION('',(0.,-0.504174535911056,-0.863601781690422));
#12274=DIRECTION('',(0.,-0.999988349652936,0.00482706519499387));
#12275=DIRECTION('',(0.,-0.495813813741878,0.868428846885417));
#12276=DIRECTION('',(0.,1.,-6.83214169000097E-16));
#12277=DIRECTION('',(0.,-0.504174535911053,-0.863601781690424));
#12278=DIRECTION('',(0.,-0.999988349652936,0.00482706519499194));
#12279=DIRECTION('',(0.,-0.49581381374188,0.868428846885416));
#12280=DIRECTION('',(0.,1.,-6.83214169000097E-16));
#12281=DIRECTION('center_axis',(0.,-6.83214169000096E-16,-1.));
#12282=DIRECTION('ref_axis',(0.,-1.,6.83214169000096E-16));
#12283=DIRECTION('',(-1.,0.,0.));
#12284=DIRECTION('',(0.,-1.,6.83214169000096E-16));
#12285=DIRECTION('',(-1.,0.,0.));
#12286=DIRECTION('',(-0.653604878899183,-0.756835954668635,5.17081047838326E-16));
#12287=DIRECTION('center_axis',(0.70710678118656,0.614071926610679,0.350593309902843));
#12288=DIRECTION('ref_axis',(0.444210680958876,0.,-0.895922357641582));
#12289=DIRECTION('',(0.,-0.495813813741882,0.868428846885414));
#12290=DIRECTION('',(0.655690010272513,-0.755030204977809,5.15847334063886E-16));
#12291=DIRECTION('',(-0.654653670707969,0.381120125540595,0.652821584612905));
#12292=DIRECTION('center_axis',(0.707106781186555,0.00341325053260834,0.707098543147128));
#12293=DIRECTION('ref_axis',(0.707102662130843,0.,-0.707110900218258));
#12294=DIRECTION('',(0.,-0.999988349652936,0.00482706519499195));
#12295=DIRECTION('',(-0.654653670707966,-0.374800013643307,0.656470502918115));
#12296=DIRECTION('center_axis',(0.70710678118656,-0.610658676078072,0.356505233244279));
#12297=DIRECTION('ref_axis',(0.450193168571818,0.,-0.892931190501971));
#12298=DIRECTION('',(0.,-0.504174535911052,-0.863601781690424));
#12299=DIRECTION('center_axis',(0.70710678118656,-0.614071926610681,-0.350593309902841));
#12300=DIRECTION('ref_axis',(-0.444210680958874,0.,-0.895922357641583));
#12301=DIRECTION('',(0.,0.49581381374188,-0.868428846885416));
#12302=DIRECTION('',(0.655690010272514,0.755030204977808,-5.15847334063886E-16));
#12303=DIRECTION('',(-0.654653670707966,-0.381120125540601,-0.652821584612904));
#12304=DIRECTION('center_axis',(0.707106781186555,-0.00341325053260833,
-0.707098543147128));
#12305=DIRECTION('ref_axis',(-0.707102662130842,0.,-0.707110900218258));
#12306=DIRECTION('',(-0.654653670707971,0.374800013643288,-0.65647050291812));
#12307=DIRECTION('',(0.,0.999988349652936,-0.00482706519499194));
#12308=DIRECTION('center_axis',(0.707106781186548,0.610658676078083,-0.356505233244286));
#12309=DIRECTION('ref_axis',(-0.450193168571831,0.,-0.892931190501964));
#12310=DIRECTION('',(-0.653604878899196,0.756835954668624,-5.17081047838318E-16));
#12311=DIRECTION('',(0.,0.504174535911053,0.863601781690424));
#12312=DIRECTION('center_axis',(0.,6.83214169000097E-16,1.));
#12313=DIRECTION('ref_axis',(0.,1.,-6.83214169000097E-16));
#12314=DIRECTION('',(0.655690010272525,0.755030204977798,-5.15847334063879E-16));
#12315=DIRECTION('',(-1.,0.,0.));
#12316=DIRECTION('',(0.,1.,-6.83214169000097E-16));
#12317=DIRECTION('',(-1.,0.,0.));
#12318=DIRECTION('center_axis',(0.707106781186549,-0.61407192661069,-0.350593309902845));
#12319=DIRECTION('ref_axis',(-0.444210680958883,0.,-0.895922357641579));
#12320=DIRECTION('',(0.,0.495813813741878,-0.868428846885417));
#12321=DIRECTION('',(-0.654653670707972,-0.381120125540582,-0.652821584612909));
#12322=DIRECTION('center_axis',(0.707106781186555,-0.0034132505326097,-0.707098543147128));
#12323=DIRECTION('ref_axis',(-0.707102662130843,0.,-0.707110900218258));
#12324=DIRECTION('',(-0.654653670707969,0.374800013643287,-0.656470502918124));
#12325=DIRECTION('',(0.,0.999988349652936,-0.00482706519499387));
#12326=DIRECTION('center_axis',(0.707106781186556,0.610658676078074,-0.356505233244284));
#12327=DIRECTION('ref_axis',(-0.450193168571825,0.,-0.892931190501967));
#12328=DIRECTION('',(0.,0.504174535911056,0.863601781690422));
#12329=DIRECTION('',(-0.65465367070797,0.755920139183884,-0.00364891830521689));
#12330=DIRECTION('center_axis',(0.707106781186551,0.614071926610688,0.350593309902846));
#12331=DIRECTION('ref_axis',(0.444210680958883,0.,-0.895922357641579));
#12332=DIRECTION('',(0.,-0.49581381374188,0.868428846885415));
#12333=DIRECTION('',(-0.654653670707972,0.381120125540582,0.652821584612908));
#12334=DIRECTION('center_axis',(0.707106781186555,0.0034132505326097,0.707098543147128));
#12335=DIRECTION('ref_axis',(0.707102662130843,0.,-0.707110900218258));
#12336=DIRECTION('',(0.,-0.999988349652936,0.00482706519499388));
#12337=DIRECTION('',(-0.654653670707967,-0.3748000136433,0.656470502918118));
#12338=DIRECTION('center_axis',(0.707106781186557,-0.610658676078074,0.356505233244282));
#12339=DIRECTION('ref_axis',(0.450193168571823,0.,-0.892931190501968));
#12340=DIRECTION('',(-0.653604878899186,-0.756835954668633,5.17081047838324E-16));
#12341=DIRECTION('',(0.,-0.504174535911054,-0.863601781690423));
#12342=DIRECTION('center_axis',(0.0666647467371843,0.93266637363525,0.354526793109546));
#12343=DIRECTION('ref_axis',(0.,-0.35531722063502,0.93474577972848));
#12344=DIRECTION('',(0.354800637700644,-0.35425273683104,0.86522916382594));
#12345=DIRECTION('',(0.997455223798219,-0.0712956977498952,-1.86320872432555E-16));
#12346=DIRECTION('',(-0.354800637700644,0.35425273683104,-0.86522916382594));
#12347=DIRECTION('',(-0.729282823851955,-0.196948898254973,0.6552539159064));
#12348=DIRECTION('center_axis',(0.500409249080056,0.499591681221587,0.707105887041907));
#12349=DIRECTION('ref_axis',(0.816273469539394,0.,-0.577665667082717));
#12350=DIRECTION('',(-0.707652071776784,0.706559280095191,0.00159028971884284));
#12351=DIRECTION('',(-0.194348139085946,-0.73105751015683,0.654051769875387));
#12352=DIRECTION('',(0.707652071776784,-0.706559280095191,-0.00159028971884284));
#12353=DIRECTION('center_axis',(0.933357992375456,0.0673115190045456,0.352579093932352));
#12354=DIRECTION('ref_axis',(0.353380558278497,0.,-0.935479652921846));
#12355=DIRECTION('',(-0.35285143407614,0.35230654326415,0.866819453544783));
#12356=DIRECTION('',(0.0723824735763412,-0.997376224081911,-0.00120214603098475));
#12357=DIRECTION('',(0.35285143407614,-0.35230654326415,-0.866819453544783));
#12358=DIRECTION('center_axis',(0.932562233327986,0.0681060492011112,-0.354526793109541));
#12359=DIRECTION('ref_axis',(-0.355351889141205,0.,-0.934732600738723));
#12360=DIRECTION('',(0.354800637700641,-0.354252736831038,0.865229163825941));
#12361=DIRECTION('',(-0.195821598527445,-0.729586326105057,-0.655253915906408));
#12362=DIRECTION('',(-0.354800637700641,0.354252736831038,-0.865229163825941));
#12363=DIRECTION('center_axis',(0.498817730985128,0.501180741614785,-0.707105887041894));
#12364=DIRECTION('ref_axis',(-0.817139782524148,0.,-0.576439568225836));
#12365=DIRECTION('',(0.707652071776784,-0.706559280095191,-0.00159028971884284));
#12366=DIRECTION('',(-0.730756283293403,-0.195477714203162,-0.654051769875381));
#12367=DIRECTION('',(-0.707652071776784,0.706559280095191,0.00159028971884284));
#12368=DIRECTION('center_axis',(0.0658689876897337,0.933460903831845,-0.35257909393236));
#12369=DIRECTION('ref_axis',(0.,0.353346463497606,0.935492531629053));
#12370=DIRECTION('',(0.352851434076142,-0.352306543264152,-0.866819453544782));
#12371=DIRECTION('',(-0.997519601050668,0.0703892429261408,3.72348595261005E-16));
#12372=DIRECTION('',(-0.352851434076142,0.352306543264152,0.866819453544782));
#12373=DIRECTION('center_axis',(3.48706260125589E-16,-3.48167770498296E-16,
1.));
#12374=DIRECTION('ref_axis',(-0.707652966612095,0.706560173548652,4.92764499801405E-16));
#12375=DIRECTION('',(-0.707652966612095,0.706560173548652,4.92764499801405E-16));
#12376=DIRECTION('',(-0.0719307678638444,0.997409627301901,3.72348595261003E-16));
#12377=DIRECTION('',(-0.706560173548654,-0.707652966612093,0.));
#12378=DIRECTION('',(-0.707652966612095,0.706560173548652,4.92764499801405E-16));
#12379=DIRECTION('',(-0.706560173548654,-0.707652966612093,0.));
#12380=DIRECTION('center_axis',(0.706560173548652,0.707652966612095,0.));
#12381=DIRECTION('ref_axis',(-0.707652966612095,0.706560173548652,0.));
#12382=DIRECTION('',(0.,0.,1.));
#12383=DIRECTION('',(0.707652966612095,-0.706560173548652,-6.34413156928658E-16));
#12384=DIRECTION('',(0.,0.,1.));
#12385=DIRECTION('',(-0.707652966612095,0.706560173548652,0.));
#12386=DIRECTION('',(-2.51408837432655E-14,2.51020599346196E-14,-1.));
#12387=DIRECTION('',(0.707652966612095,-0.706560173548652,-2.46382249900703E-16));
#12388=DIRECTION('',(-0.354800637700643,0.35425273683104,0.86522916382594));
#12389=DIRECTION('',(-0.707652071776784,0.706559280095191,-0.00159028971884091));
#12390=DIRECTION('',(-0.352851434076142,0.352306543264152,-0.866819453544782));
#12391=DIRECTION('',(0.354800637700643,-0.35425273683104,-0.86522916382594));
#12392=DIRECTION('',(0.707652071776784,-0.706559280095191,0.00159028971884091));
#12393=DIRECTION('',(0.352851434076143,-0.352306543264153,0.866819453544781));
#12394=DIRECTION('center_axis',(0.933357992375453,0.0673115190045196,-0.352579093932365));
#12395=DIRECTION('ref_axis',(-0.353380558278509,0.,-0.935479652921842));
#12396=DIRECTION('',(-0.352851434076143,0.352306543264153,-0.866819453544781));
#12397=DIRECTION('',(-0.194348139086002,-0.731057510156824,-0.654051769875377));
#12398=DIRECTION('center_axis',(0.500409249080051,0.499591681221584,-0.707105887041913));
#12399=DIRECTION('ref_axis',(-0.816273469539398,0.,-0.577665667082711));
#12400=DIRECTION('',(-0.729282823851957,-0.196948898254944,-0.655253915906406));
#12401=DIRECTION('',(-0.707652071776784,0.706559280095191,-0.00159028971884091));
#12402=DIRECTION('center_axis',(0.066664746737198,0.932666373635252,-0.35452679310954));
#12403=DIRECTION('ref_axis',(0.,0.355317220635014,0.934745779728482));
#12404=DIRECTION('',(-0.997486895955692,0.0708409997218985,-0.0012021460310229));
#12405=DIRECTION('',(-0.354800637700643,0.35425273683104,0.86522916382594));
#12406=DIRECTION('center_axis',(0.0658689876897175,0.933460903831844,0.352579093932366));
#12407=DIRECTION('ref_axis',(0.,-0.353346463497611,0.935492531629051));
#12408=DIRECTION('',(0.352851434076142,-0.352306543264152,0.866819453544782));
#12409=DIRECTION('',(-0.730756283293432,-0.195477714203154,0.654051769875351));
#12410=DIRECTION('center_axis',(0.498817730985116,0.501180741614771,0.707105887041912));
#12411=DIRECTION('ref_axis',(0.817139782524161,0.,-0.576439568225818));
#12412=DIRECTION('',(0.707652071776784,-0.706559280095191,0.00159028971884091));
#12413=DIRECTION('',(-0.195821598527411,-0.729586326105083,0.655253915906389));
#12414=DIRECTION('center_axis',(0.932562233327985,0.0681060492011138,0.354526793109542));
#12415=DIRECTION('ref_axis',(0.355351889141205,0.,-0.934732600738723));
#12416=DIRECTION('',(0.0728371221138039,-0.997343849252693,-1.86320872432557E-16));
#12417=DIRECTION('',(0.354800637700643,-0.35425273683104,-0.86522916382594));
#12418=DIRECTION('center_axis',(-4.48944352558309E-16,4.48251070261061E-16,
-1.));
#12419=DIRECTION('ref_axis',(0.707652966612096,-0.706560173548651,-6.34413156928658E-16));
#12420=DIRECTION('',(-0.707652966688446,0.706560173472183,6.34413156928658E-16));
#12421=DIRECTION('',(-0.706560173548653,-0.707652966612095,0.));
#12422=DIRECTION('',(-0.706560173548653,-0.707652966612095,0.));
#12423=DIRECTION('center_axis',(-0.707652966612095,0.706560173548653,3.55271367880051E-14));
#12424=DIRECTION('ref_axis',(-3.76919137105753E-14,1.25316180629869E-14,
-1.));
#12425=DIRECTION('',(2.51408837459781E-14,-2.51020599319029E-14,1.));
#12426=DIRECTION('',(-0.706560173548653,-0.707652966612095,0.));
#12427=DIRECTION('center_axis',(0.,0.,1.));
#12428=DIRECTION('ref_axis',(-0.707652966612095,0.706560173548652,0.));
#12429=DIRECTION('',(0.707652966688446,-0.706560173472183,0.));
#12430=DIRECTION('',(-0.706560173548653,-0.707652966612095,0.));
#12431=DIRECTION('center_axis',(0.707652966612095,-0.706560173548653,0.));
#12432=DIRECTION('ref_axis',(0.,0.,1.));
#12433=DIRECTION('',(0.,0.,-1.));
#12434=DIRECTION('center_axis',(-0.613407357818038,0.61246010353195,0.49862213644836));
#12435=DIRECTION('ref_axis',(-0.352851434076142,0.352306543264153,-0.866819453544781));
#12436=DIRECTION('',(-0.706560173548654,-0.707652966612093,0.));
#12437=DIRECTION('',(-0.352851434076142,0.352306543264153,-0.866819453544781));
#12438=DIRECTION('center_axis',(-0.00112537323731048,0.00112363537973687,
0.999998735488506));
#12439=DIRECTION('ref_axis',(-0.707652071776784,0.706559280095191,-0.00159028971884091));
#12440=DIRECTION('',(-0.706560173548654,-0.707652966612093,0.));
#12441=DIRECTION('',(-0.707652071776784,0.706559280095191,-0.00159028971884091));
#12442=DIRECTION('center_axis',(0.612281984580727,-0.611336468152212,0.501376599040148));
#12443=DIRECTION('ref_axis',(-0.354800637700642,0.354252736831041,0.86522916382594));
#12444=DIRECTION('',(-0.706560173548654,-0.707652966612093,0.));
#12445=DIRECTION('',(-0.354800637700642,0.354252736831041,0.86522916382594));
#12446=DIRECTION('center_axis',(0.613407357818038,-0.61246010353195,-0.498622136448359));
#12447=DIRECTION('ref_axis',(0.352851434076143,-0.352306543264151,0.866819453544782));
#12448=DIRECTION('',(-0.706560173548654,-0.707652966612093,0.));
#12449=DIRECTION('',(0.352851434076143,-0.352306543264151,0.866819453544782));
#12450=DIRECTION('center_axis',(0.00112537323731048,-0.00112363537973687,
-0.999998735488506));
#12451=DIRECTION('ref_axis',(0.707652071776784,-0.706559280095191,0.00159028971884091));
#12452=DIRECTION('',(-0.706560173548654,-0.707652966612093,0.));
#12453=DIRECTION('',(0.707652071776784,-0.706559280095191,0.00159028971884091));
#12454=DIRECTION('center_axis',(-0.612281984580727,0.611336468152213,-0.501376599040147));
#12455=DIRECTION('ref_axis',(0.35480063770064,-0.354252736831042,-0.86522916382594));
#12456=DIRECTION('',(-0.706560173548654,-0.707652966612093,0.));
#12457=DIRECTION('',(0.35480063770064,-0.354252736831042,-0.86522916382594));
#12458=DIRECTION('center_axis',(-1.74353130062794E-16,1.74083885249148E-16,
-1.));
#12459=DIRECTION('ref_axis',(0.707652966612095,-0.706560173548652,-2.46382249900703E-16));
#12460=DIRECTION('',(-0.706560173548654,-0.707652966612093,0.));
#12461=DIRECTION('',(0.707652966612095,-0.706560173548652,-2.46382249900703E-16));
#12462=DIRECTION('center_axis',(0.612281984580727,-0.611336468152212,-0.501376599040148));
#12463=DIRECTION('ref_axis',(0.354800637700642,-0.354252736831042,0.86522916382594));
#12464=DIRECTION('',(-0.706560173548654,-0.707652966612093,0.));
#12465=DIRECTION('',(0.354800637700642,-0.354252736831041,0.86522916382594));
#12466=DIRECTION('center_axis',(-0.00112537323731185,0.00112363537973824,
-0.999998735488506));
#12467=DIRECTION('ref_axis',(0.707652071776787,-0.706559280095189,-0.00159028971884284));
#12468=DIRECTION('',(-0.706560173548654,-0.707652966612093,0.));
#12469=DIRECTION('',(0.707652071776787,-0.706559280095189,-0.00159028971884284));
#12470=DIRECTION('center_axis',(-0.61340735781804,0.612460103531951,-0.498622136448356));
#12471=DIRECTION('ref_axis',(0.35285143407614,-0.35230654326415,-0.866819453544783));
#12472=DIRECTION('',(-0.706560173548654,-0.707652966612093,0.));
#12473=DIRECTION('',(0.35285143407614,-0.35230654326415,-0.866819453544783));
#12474=DIRECTION('center_axis',(-0.612281984580728,0.611336468152214,0.501376599040145));
#12475=DIRECTION('ref_axis',(-0.354800637700643,0.354252736831037,-0.865229163825941));
#12476=DIRECTION('',(-0.706560173548654,-0.707652966612093,0.));
#12477=DIRECTION('',(-0.354800637700643,0.354252736831037,-0.865229163825941));
#12478=DIRECTION('center_axis',(0.00112537323731185,-0.00112363537973824,
0.999998735488506));
#12479=DIRECTION('ref_axis',(-0.707652071776784,0.706559280095191,0.00159028971884284));
#12480=DIRECTION('',(-0.706560173548654,-0.707652966612093,0.));
#12481=DIRECTION('',(-0.707652071776784,0.706559280095191,0.00159028971884284));
#12482=DIRECTION('center_axis',(0.613407357818038,-0.61246010353195,0.498622136448359));
#12483=DIRECTION('ref_axis',(-0.352851434076142,0.352306543264152,0.866819453544782));
#12484=DIRECTION('',(-0.352851434076142,0.352306543264152,0.866819453544782));
#12485=DIRECTION('center_axis',(-0.706560173548654,-0.707652966612093,0.));
#12486=DIRECTION('ref_axis',(0.,0.,1.));
#12487=DIRECTION('center_axis',(0.,6.83214169000097E-16,1.));
#12488=DIRECTION('ref_axis',(0.,1.,-6.83214169000097E-16));
#12489=DIRECTION('',(-1.,0.,0.));
#12490=DIRECTION('',(0.,1.,-6.83214169000097E-16));
#12491=DIRECTION('',(-1.,0.,0.));
#12492=DIRECTION('center_axis',(0.,0.868428846885416,0.49581381374188));
#12493=DIRECTION('ref_axis',(0.,0.49581381374188,-0.868428846885416));
#12494=DIRECTION('',(-1.,0.,0.));
#12495=DIRECTION('',(0.,0.49581381374188,-0.868428846885416));
#12496=DIRECTION('center_axis',(0.,0.00482706519499194,0.999988349652936));
#12497=DIRECTION('ref_axis',(0.,0.999988349652936,-0.00482706519499194));
#12498=DIRECTION('',(-1.,0.,0.));
#12499=DIRECTION('',(0.,0.999988349652936,-0.00482706519499194));
#12500=DIRECTION('center_axis',(0.,-0.863601781690424,0.504174535911053));
#12501=DIRECTION('ref_axis',(0.,0.504174535911053,0.863601781690424));
#12502=DIRECTION('',(0.,0.504174535911053,0.863601781690424));
#12503=DIRECTION('center_axis',(0.,0.868428846885417,0.495813813741878));
#12504=DIRECTION('ref_axis',(0.,0.495813813741878,-0.868428846885417));
#12505=DIRECTION('',(-1.,0.,0.));
#12506=DIRECTION('',(0.,0.495813813741878,-0.868428846885417));
#12507=DIRECTION('center_axis',(0.,0.00482706519499387,0.999988349652936));
#12508=DIRECTION('ref_axis',(0.,0.999988349652936,-0.00482706519499387));
#12509=DIRECTION('',(-1.,0.,0.));
#12510=DIRECTION('',(0.,0.999988349652936,-0.00482706519499387));
#12511=DIRECTION('center_axis',(0.,-0.863601781690422,0.504174535911056));
#12512=DIRECTION('ref_axis',(0.,0.504174535911056,0.863601781690422));
#12513=DIRECTION('',(-1.,0.,0.));
#12514=DIRECTION('',(0.,0.504174535911056,0.863601781690422));
#12515=DIRECTION('center_axis',(0.,-0.868428846885415,-0.495813813741881));
#12516=DIRECTION('ref_axis',(0.,-0.49581381374188,0.868428846885415));
#12517=DIRECTION('',(-1.,0.,0.));
#12518=DIRECTION('',(0.,-0.49581381374188,0.868428846885415));
#12519=DIRECTION('center_axis',(0.,-0.00482706519499388,-0.999988349652936));
#12520=DIRECTION('ref_axis',(0.,-0.999988349652936,0.00482706519499388));
#12521=DIRECTION('',(-1.,0.,0.));
#12522=DIRECTION('',(0.,-0.999988349652936,0.00482706519499388));
#12523=DIRECTION('center_axis',(0.,0.863601781690423,-0.504174535911055));
#12524=DIRECTION('ref_axis',(0.,-0.504174535911054,-0.863601781690423));
#12525=DIRECTION('',(-1.,0.,0.));
#12526=DIRECTION('',(0.,-0.504174535911054,-0.863601781690423));
#12527=DIRECTION('center_axis',(0.,-6.83214169000096E-16,-1.));
#12528=DIRECTION('ref_axis',(0.,-1.,6.83214169000096E-16));
#12529=DIRECTION('',(-1.,0.,0.));
#12530=DIRECTION('',(0.,-1.,6.83214169000096E-16));
#12531=DIRECTION('center_axis',(0.,-0.868428846885414,-0.495813813741882));
#12532=DIRECTION('ref_axis',(0.,-0.495813813741882,0.868428846885414));
#12533=DIRECTION('',(-1.,0.,0.));
#12534=DIRECTION('',(0.,-0.495813813741882,0.868428846885414));
#12535=DIRECTION('center_axis',(0.,-0.00482706519499195,-0.999988349652936));
#12536=DIRECTION('ref_axis',(0.,-0.999988349652936,0.00482706519499195));
#12537=DIRECTION('',(-1.,0.,0.));
#12538=DIRECTION('',(0.,-0.999988349652936,0.00482706519499195));
#12539=DIRECTION('center_axis',(0.,0.863601781690424,-0.504174535911052));
#12540=DIRECTION('ref_axis',(0.,-0.504174535911052,-0.863601781690424));
#12541=DIRECTION('',(0.,-0.504174535911052,-0.863601781690424));
#12542=DIRECTION('center_axis',(0.,-0.868428846885413,-0.495813813741885));
#12543=DIRECTION('ref_axis',(0.,-0.495813813741884,0.868428846885413));
#12544=DIRECTION('',(-1.,0.,0.));
#12545=DIRECTION('',(0.,-0.495813813741884,0.868428846885413));
#12546=DIRECTION('center_axis',(0.,-0.00482706519498906,-0.999988349652936));
#12547=DIRECTION('ref_axis',(0.,-0.999988349652936,0.00482706519498906));
#12548=DIRECTION('',(-1.,0.,0.));
#12549=DIRECTION('',(0.,-0.999988349652936,0.00482706519498906));
#12550=DIRECTION('center_axis',(0.,0.863601781690424,-0.504174535911053));
#12551=DIRECTION('ref_axis',(0.,-0.504174535911053,-0.863601781690424));
#12552=DIRECTION('',(-1.,0.,0.));
#12553=DIRECTION('',(0.,-0.504174535911053,-0.863601781690424));
#12554=DIRECTION('center_axis',(0.,0.868428846885414,0.495813813741883));
#12555=DIRECTION('ref_axis',(0.,0.495813813741883,-0.868428846885414));
#12556=DIRECTION('',(-1.,0.,0.));
#12557=DIRECTION('',(0.,0.495813813741883,-0.868428846885414));
#12558=DIRECTION('center_axis',(0.,0.00482706519498904,0.999988349652936));
#12559=DIRECTION('ref_axis',(0.,0.999988349652936,-0.00482706519498904));
#12560=DIRECTION('',(-1.,0.,0.));
#12561=DIRECTION('',(0.,0.999988349652936,-0.00482706519498904));
#12562=DIRECTION('center_axis',(0.,-0.863601781690424,0.504174535911052));
#12563=DIRECTION('ref_axis',(0.,0.504174535911052,0.863601781690424));
#12564=DIRECTION('',(0.,0.504174535911052,0.863601781690424));
#12565=DIRECTION('center_axis',(-1.,0.,0.));
#12566=DIRECTION('ref_axis',(0.,0.,1.));
#12567=DIRECTION('center_axis',(0.,0.707106781186555,0.70710678118654));
#12568=DIRECTION('ref_axis',(1.,0.,0.));
#12569=DIRECTION('',(-0.57735026918963,0.577350269189617,-0.57735026918963));
#12570=DIRECTION('',(-1.,0.,0.));
#12571=DIRECTION('',(0.57735026918963,0.577350269189617,-0.57735026918963));
#12572=DIRECTION('center_axis',(0.,-0.707106781186555,0.70710678118654));
#12573=DIRECTION('ref_axis',(1.,0.,0.));
#12574=DIRECTION('',(0.57735026918963,-0.577350269189617,-0.57735026918963));
#12575=DIRECTION('',(1.,0.,0.));
#12576=DIRECTION('',(0.57735026918963,0.577350269189617,0.57735026918963));
#12577=DIRECTION('center_axis',(0.707106781186548,0.,0.707106781186548));
#12578=DIRECTION('ref_axis',(0.707106781186548,0.,-0.707106781186548));
#12579=DIRECTION('',(0.,1.,0.));
#12580=DIRECTION('center_axis',(-0.707106781186548,0.,0.707106781186548));
#12581=DIRECTION('ref_axis',(0.707106781186548,0.,0.707106781186548));
#12582=DIRECTION('',(0.,-1.,0.));
#12583=DIRECTION('center_axis',(1.,0.,0.));
#12584=DIRECTION('ref_axis',(0.,-1.,0.));
#12585=DIRECTION('',(0.,0.,-1.));
#12586=DIRECTION('',(0.,1.,0.));
#12587=DIRECTION('',(0.,0.,-1.));
#12588=DIRECTION('center_axis',(0.,1.,0.));
#12589=DIRECTION('ref_axis',(1.,0.,0.));
#12590=DIRECTION('',(0.,0.,-1.));
#12591=DIRECTION('',(-1.,0.,0.));
#12592=DIRECTION('center_axis',(-1.,0.,0.));
#12593=DIRECTION('ref_axis',(0.,1.,0.));
#12594=DIRECTION('',(0.,0.,-1.));
#12595=DIRECTION('',(0.,-1.,0.));
#12596=DIRECTION('center_axis',(0.,-1.,0.));
#12597=DIRECTION('ref_axis',(-1.,0.,0.));
#12598=DIRECTION('',(1.,0.,0.));
#12599=DIRECTION('center_axis',(1.91599148812594E-7,-0.707106781186516,
-0.707106781186553));
#12600=DIRECTION('ref_axis',(-0.999999999999963,0.,-2.70962114789899E-7));
#12601=DIRECTION('',(1.91599148938299E-7,-0.707106781186527,0.707106781186542));
#12602=DIRECTION('',(-1.91599148938299E-7,0.707106781186527,-0.707106781186542));
#12603=DIRECTION('',(0.999999999999963,2.70962114789914E-7,0.));
#12604=DIRECTION('center_axis',(2.70962117333874E-7,-0.999999999999963,
0.));
#12605=DIRECTION('ref_axis',(0.999999999999963,2.70962114789914E-7,0.));
#12606=DIRECTION('',(1.91599150611433E-7,-0.707106781186469,-0.7071067811866));
#12607=DIRECTION('center_axis',(-2.70962114789914E-7,0.999999999999963,
0.));
#12608=DIRECTION('ref_axis',(0.999999999999963,2.70962114789914E-7,0.));
#12609=DIRECTION('center_axis',(1.91599148812594E-7,-0.707106781186516,
0.707106781186553));
#12610=DIRECTION('ref_axis',(0.999999999999963,0.,-2.709621147899E-7));
#12611=DIRECTION('',(1.91599148938299E-7,-0.707106781186527,-0.707106781186542));
#12612=DIRECTION('',(-0.999999999999963,-2.70962114789914E-7,0.));
#12613=DIRECTION('center_axis',(2.70962112601476E-7,-0.999999999999963,
0.));
#12614=DIRECTION('ref_axis',(-0.999999999999963,-2.70962114789914E-7,0.));
#12615=DIRECTION('center_axis',(-2.70962114789914E-7,0.999999999999963,
0.));
#12616=DIRECTION('ref_axis',(-0.999999999999963,-2.70962114789914E-7,0.));
#12617=DIRECTION('center_axis',(0.,1.,0.));
#12618=DIRECTION('ref_axis',(0.,0.,-1.));
#12619=DIRECTION('',(0.,1.,0.));
#12620=DIRECTION('',(0.,1.,0.));
#12621=DIRECTION('',(0.,1.,0.));
#12622=DIRECTION('center_axis',(0.,0.,1.));
#12623=DIRECTION('ref_axis',(1.,0.,0.));
#12624=DIRECTION('',(0.,1.,0.));
#12625=DIRECTION('center_axis',(-1.,0.,0.));
#12626=DIRECTION('ref_axis',(0.,1.,0.));
#12627=DIRECTION('',(0.,1.,0.));
#12628=DIRECTION('',(0.,0.,-1.));
#12629=DIRECTION('center_axis',(2.70886029163354E-7,-0.999999999999963,
0.));
#12630=DIRECTION('ref_axis',(-0.999999999999963,-2.70886029163354E-7,0.));
#12631=DIRECTION('',(-0.999999999999963,-2.70886029163354E-7,0.));
#12632=DIRECTION('',(0.,0.,-1.));
#12633=DIRECTION('center_axis',(1.,0.,0.));
#12634=DIRECTION('ref_axis',(0.,-1.,0.));
#12635=DIRECTION('center_axis',(0.,0.,-1.));
#12636=DIRECTION('ref_axis',(-1.,0.,0.));
#12637=DIRECTION('',(0.,1.,0.));
#12638=DIRECTION('center_axis',(0.,1.,0.));
#12639=DIRECTION('ref_axis',(0.,0.,1.));
#12640=DIRECTION('center_axis',(-0.707106781186547,0.,0.707106781186548));
#12641=DIRECTION('ref_axis',(0.707106781186548,0.,0.707106781186547));
#12642=DIRECTION('',(0.,1.,0.));
#12643=DIRECTION('',(0.577350269189627,-0.577350269189624,0.577350269189626));
#12644=DIRECTION('center_axis',(-0.707106781186546,-0.707106781186549,0.));
#12645=DIRECTION('ref_axis',(0.,0.,1.));
#12646=DIRECTION('',(0.,0.,1.));
#12647=DIRECTION('center_axis',(0.,-1.,0.));
#12648=DIRECTION('ref_axis',(0.,0.,-1.));
#12649=DIRECTION('',(1.,0.,0.));
#12650=DIRECTION('',(0.,0.,1.));
#12651=DIRECTION('',(0.,0.,1.));
#12652=DIRECTION('',(1.,0.,0.));
#12653=DIRECTION('center_axis',(0.,0.,1.));
#12654=DIRECTION('ref_axis',(0.,-1.,0.));
#12655=DIRECTION('',(1.,0.,0.));
#12656=DIRECTION('',(0.,1.,0.));
#12657=DIRECTION('center_axis',(1.,0.,0.));
#12658=DIRECTION('ref_axis',(0.,0.,-1.));
#12659=DIRECTION('',(0.,-1.,0.));
#12660=DIRECTION('',(0.,0.,-1.));
#12661=DIRECTION('center_axis',(0.,1.,0.));
#12662=DIRECTION('ref_axis',(0.,0.,1.));
#12663=DIRECTION('',(1.,0.,0.));
#12664=DIRECTION('',(0.,0.,-1.));
#12665=DIRECTION('center_axis',(0.,0.,-1.));
#12666=DIRECTION('ref_axis',(0.,1.,0.));
#12667=DIRECTION('',(0.,-1.,0.));
#12668=DIRECTION('center_axis',(0.,0.,1.));
#12669=DIRECTION('ref_axis',(1.,0.,0.));
#12670=DIRECTION('center_axis',(0.,0.,-1.));
#12671=DIRECTION('ref_axis',(1.,0.,0.));
#12672=DIRECTION('center_axis',(0.,0.,1.));
#12673=DIRECTION('ref_axis',(0.,-1.,0.));
#12674=DIRECTION('center_axis',(0.,0.,-1.));
#12675=DIRECTION('ref_axis',(1.,0.,0.));
#12676=DIRECTION('',(0.707106781186547,-8.65956056235493E-17,-0.707106781186548));
#12677=DIRECTION('center_axis',(0.,0.,-1.));
#12678=DIRECTION('ref_axis',(1.,0.,0.));
#12679=DIRECTION('center_axis',(0.,0.,-1.));
#12680=DIRECTION('ref_axis',(1.,0.,0.));
#12681=DIRECTION('',(0.,0.,-1.));
#12682=DIRECTION('center_axis',(0.,0.,1.));
#12683=DIRECTION('ref_axis',(1.,0.,0.));
#12684=DIRECTION('center_axis',(0.,0.,-1.));
#12685=DIRECTION('ref_axis',(1.,0.,0.));
#12686=DIRECTION('',(0.707106781186547,-8.65956056235493E-17,-0.707106781186548));
#12687=DIRECTION('center_axis',(0.,0.,-1.));
#12688=DIRECTION('ref_axis',(1.,0.,0.));
#12689=DIRECTION('center_axis',(0.,0.,-1.));
#12690=DIRECTION('ref_axis',(1.,0.,0.));
#12691=DIRECTION('',(0.,0.,-1.));
#12692=DIRECTION('center_axis',(0.,0.,1.));
#12693=DIRECTION('ref_axis',(1.,0.,0.));
#12694=DIRECTION('center_axis',(0.,0.,-1.));
#12695=DIRECTION('ref_axis',(1.,0.,0.));
#12696=DIRECTION('',(0.707106781186547,-8.65956056235493E-17,-0.707106781186548));
#12697=DIRECTION('center_axis',(0.,0.,-1.));
#12698=DIRECTION('ref_axis',(1.,0.,0.));
#12699=DIRECTION('center_axis',(0.,0.,-1.));
#12700=DIRECTION('ref_axis',(1.,0.,0.));
#12701=DIRECTION('',(0.,0.,-1.));
#12702=DIRECTION('center_axis',(0.,0.,1.));
#12703=DIRECTION('ref_axis',(1.,0.,0.));
#12704=DIRECTION('center_axis',(0.,0.,-1.));
#12705=DIRECTION('ref_axis',(1.,0.,0.));
#12706=DIRECTION('',(0.707106781186547,-8.65956056235493E-17,-0.707106781186548));
#12707=DIRECTION('center_axis',(0.,0.,-1.));
#12708=DIRECTION('ref_axis',(1.,0.,0.));
#12709=DIRECTION('center_axis',(0.,0.,-1.));
#12710=DIRECTION('ref_axis',(1.,0.,0.));
#12711=DIRECTION('',(0.,0.,-1.));
#12712=DIRECTION('center_axis',(0.242535627234348,-0.970142499595828,0.));
#12713=DIRECTION('ref_axis',(-0.970142499595828,-0.242535627234348,0.));
#12714=DIRECTION('center_axis',(1.,0.,0.));
#12715=DIRECTION('ref_axis',(0.,-1.,0.));
#12716=DIRECTION('center_axis',(-0.188847394091382,-0.98200644689579,0.));
#12717=DIRECTION('ref_axis',(-0.98200644689579,0.188847394091382,0.));
#12718=DIRECTION('',(0.,0.,-1.));
#12719=DIRECTION('center_axis',(-1.,0.,0.));
#12720=DIRECTION('ref_axis',(0.,1.,0.));
#12721=DIRECTION('',(0.,0.,-1.));
#12722=DIRECTION('center_axis',(-0.706560172723833,-0.70765296743564,0.));
#12723=DIRECTION('ref_axis',(-0.70765296743564,0.706560172723833,0.));
#12724=DIRECTION('',(0.,0.,-1.));
#12725=DIRECTION('center_axis',(-0.939692620086805,0.34202014524644,0.));
#12726=DIRECTION('ref_axis',(0.34202014524644,0.939692620086805,0.));
#12727=DIRECTION('center_axis',(-0.188847391637385,-0.982006447367713,0.));
#12728=DIRECTION('ref_axis',(-0.982006447367713,0.188847391637385,0.));
#12729=DIRECTION('',(0.,0.,-1.));
#12730=DIRECTION('center_axis',(-1.,0.,0.));
#12731=DIRECTION('ref_axis',(0.,1.,0.));
#12732=DIRECTION('',(0.,0.,-1.));
#12733=DIRECTION('center_axis',(-0.939692620533346,0.342020144019579,0.));
#12734=DIRECTION('ref_axis',(0.342020144019579,0.939692620533346,0.));
#12735=DIRECTION('',(0.,0.,-1.));
#12736=DIRECTION('center_axis',(0.242535622784623,-0.970142500708259,0.));
#12737=DIRECTION('ref_axis',(-0.970142500708259,-0.242535622784623,0.));
#12738=DIRECTION('center_axis',(0.,0.,1.));
#12739=DIRECTION('ref_axis',(1.,0.,0.));
#12740=DIRECTION('',(0.984807750660908,-0.173648191001814,0.));
#12741=DIRECTION('',(0.,-1.,0.));
#12742=DIRECTION('',(-0.707652966688446,0.706560173472183,0.));
#12743=DIRECTION('',(0.939692622109206,-0.342020139689938,0.));
#12744=DIRECTION('',(0.965926041052801,-0.258818243592028,0.));
#12745=DIRECTION('center_axis',(-0.706560173472183,-0.707652966688446,0.));
#12746=DIRECTION('ref_axis',(0.707652966688446,-0.706560173472183,0.));
#12747=DIRECTION('',(0.,0.,1.));
#12748=DIRECTION('',(0.,0.,1.));
#12749=DIRECTION('center_axis',(1.,0.,0.));
#12750=DIRECTION('ref_axis',(0.,1.,0.));
#12751=DIRECTION('',(0.,0.,1.));
#12752=DIRECTION('center_axis',(0.173648191001814,0.984807750660908,0.));
#12753=DIRECTION('ref_axis',(-0.984807750660908,0.173648191001814,0.));
#12754=DIRECTION('',(0.,0.,1.));
#12755=DIRECTION('center_axis',(0.,0.,1.));
#12756=DIRECTION('ref_axis',(1.,0.,0.));
#12757=DIRECTION('',(0.,-1.,0.));
#12758=DIRECTION('',(0.,-1.,0.));
#12759=DIRECTION('',(-1.,0.,0.));
#12760=DIRECTION('',(0.,1.,0.));
#12761=DIRECTION('',(-1.,0.,0.));
#12762=DIRECTION('center_axis',(0.,0.,-1.));
#12763=DIRECTION('ref_axis',(0.,-1.,0.));
#12764=DIRECTION('',(-1.,0.,0.));
#12765=DIRECTION('',(0.,-1.,0.));
#12766=DIRECTION('',(-1.,0.,0.));
#12767=DIRECTION('',(0.,1.,0.));
#12768=DIRECTION('center_axis',(0.,0.,1.));
#12769=DIRECTION('ref_axis',(0.,-1.,0.));
#12770=DIRECTION('',(0.,0.,1.));
#12771=DIRECTION('',(0.,0.,1.));
#12772=DIRECTION('center_axis',(0.,-1.,0.));
#12773=DIRECTION('ref_axis',(1.,0.,0.));
#12774=DIRECTION('',(0.,0.,1.));
#12775=DIRECTION('center_axis',(-1.,0.,0.));
#12776=DIRECTION('ref_axis',(0.,-1.,0.));
#12777=DIRECTION('',(0.,0.,1.));
#12778=DIRECTION('center_axis',(0.,-1.,0.));
#12779=DIRECTION('ref_axis',(1.,0.,0.));
#12780=DIRECTION('',(0.,0.,1.));
#12781=DIRECTION('center_axis',(1.,0.,0.));
#12782=DIRECTION('ref_axis',(0.,1.,0.));
#12783=DIRECTION('center_axis',(-1.,0.,0.));
#12784=DIRECTION('ref_axis',(0.,-1.,0.));
#12785=DIRECTION('',(0.,1.,0.));
#12786=DIRECTION('',(0.,0.,1.));
#12787=DIRECTION('center_axis',(0.,1.,0.));
#12788=DIRECTION('ref_axis',(-1.,0.,0.));
#12789=DIRECTION('',(1.,0.,0.));
#12790=DIRECTION('',(0.,0.,1.));
#12791=DIRECTION('center_axis',(0.,0.,1.));
#12792=DIRECTION('ref_axis',(0.,-1.,0.));
#12793=DIRECTION('',(0.,0.,1.));
#12794=DIRECTION('center_axis',(0.,1.,0.));
#12795=DIRECTION('ref_axis',(-1.,0.,0.));
#12796=DIRECTION('',(1.,0.,0.));
#12797=DIRECTION('',(0.,0.,1.));
#12798=DIRECTION('center_axis',(1.,0.,0.));
#12799=DIRECTION('ref_axis',(0.,1.,0.));
#12800=DIRECTION('',(5.0753052554293E-15,-1.,0.));
#12801=DIRECTION('',(0.,0.,1.));
#12802=DIRECTION('center_axis',(0.,1.,0.));
#12803=DIRECTION('ref_axis',(-1.,0.,0.));
#12804=DIRECTION('',(1.,0.,0.));
#12805=DIRECTION('',(0.,0.,1.));
#12806=DIRECTION('center_axis',(1.,0.,0.));
#12807=DIRECTION('ref_axis',(0.,1.,0.));
#12808=DIRECTION('',(0.,-1.,0.));
#12809=DIRECTION('',(0.,0.,1.));
#12810=DIRECTION('center_axis',(0.,-1.,0.));
#12811=DIRECTION('ref_axis',(1.,0.,0.));
#12812=DIRECTION('',(-1.,0.,0.));
#12813=DIRECTION('',(0.,0.,1.));
#12814=DIRECTION('center_axis',(1.,-5.9211894646675E-15,0.));
#12815=DIRECTION('ref_axis',(5.9211894646675E-15,1.,0.));
#12816=DIRECTION('',(-5.9211894646675E-15,-1.,0.));
#12817=DIRECTION('',(0.,0.,1.));
#12818=DIRECTION('center_axis',(0.,-1.,0.));
#12819=DIRECTION('ref_axis',(1.,0.,0.));
#12820=DIRECTION('',(-1.,0.,0.));
#12821=DIRECTION('',(0.,0.,1.));
#12822=DIRECTION('center_axis',(1.,0.,0.));
#12823=DIRECTION('ref_axis',(0.,1.,0.));
#12824=DIRECTION('',(0.,-1.,0.));
#12825=DIRECTION('',(0.,0.,1.));
#12826=DIRECTION('center_axis',(0.,-1.,0.));
#12827=DIRECTION('ref_axis',(1.,0.,0.));
#12828=DIRECTION('',(-1.,0.,0.));
#12829=DIRECTION('',(0.,0.,1.));
#12830=DIRECTION('center_axis',(-1.,0.,0.));
#12831=DIRECTION('ref_axis',(0.,-1.,0.));
#12832=DIRECTION('',(0.,1.,0.));
#12833=DIRECTION('',(0.,0.,1.));
#12834=DIRECTION('center_axis',(0.,-1.,0.));
#12835=DIRECTION('ref_axis',(1.,0.,0.));
#12836=DIRECTION('',(-1.,0.,0.));
#12837=DIRECTION('',(0.,0.,1.));
#12838=DIRECTION('center_axis',(-1.,0.,0.));
#12839=DIRECTION('ref_axis',(0.,-1.,0.));
#12840=DIRECTION('',(0.,1.,0.));
#12841=DIRECTION('',(0.,0.,1.));
#12842=DIRECTION('center_axis',(0.,-1.,0.));
#12843=DIRECTION('ref_axis',(1.,0.,0.));
#12844=DIRECTION('',(-1.,0.,0.));
#12845=DIRECTION('',(0.,0.,1.));
#12846=DIRECTION('center_axis',(-1.,0.,0.));
#12847=DIRECTION('ref_axis',(0.,-1.,0.));
#12848=DIRECTION('',(0.,1.,0.));
#12849=DIRECTION('',(0.,0.,1.));
#12850=DIRECTION('center_axis',(-0.17364819100182,-0.984807750660907,0.));
#12851=DIRECTION('ref_axis',(0.984807750660907,-0.17364819100182,0.));
#12852=DIRECTION('',(-0.984807750660907,0.17364819100182,0.));
#12853=DIRECTION('',(0.,0.,1.));
#12854=DIRECTION('center_axis',(-1.,0.,0.));
#12855=DIRECTION('ref_axis',(0.,-1.,0.));
#12856=DIRECTION('',(0.,0.,1.));
#12857=DIRECTION('center_axis',(0.,-1.,0.));
#12858=DIRECTION('ref_axis',(1.,0.,0.));
#12859=DIRECTION('',(0.,0.,1.));
#12860=DIRECTION('center_axis',(1.,0.,0.));
#12861=DIRECTION('ref_axis',(0.,1.,0.));
#12862=DIRECTION('',(0.,0.,1.));
#12863=DIRECTION('center_axis',(0.,-1.,0.));
#12864=DIRECTION('ref_axis',(1.,0.,0.));
#12865=DIRECTION('center_axis',(0.258818243592028,0.965926041052801,0.));
#12866=DIRECTION('ref_axis',(-0.965926041052801,0.258818243592028,0.));
#12867=DIRECTION('',(0.,0.,1.));
#12868=DIRECTION('center_axis',(0.342020139689938,0.939692622109206,0.));
#12869=DIRECTION('ref_axis',(-0.939692622109206,0.342020139689938,0.));
#12870=DIRECTION('center_axis',(0.,1.,0.));
#12871=DIRECTION('ref_axis',(-1.,0.,0.));
#12872=DIRECTION('center_axis',(0.93969262049958,-0.34202014411235,0.));
#12873=DIRECTION('ref_axis',(0.34202014411235,0.93969262049958,0.));
#12874=DIRECTION('center_axis',(-0.939692621268976,0.342020141998453,0.));
#12875=DIRECTION('ref_axis',(-0.342020141998453,-0.939692621268976,0.));
#12876=DIRECTION('',(0.,0.,1.));
#12877=DIRECTION('',(0.342020141998453,0.939692621268975,0.));
#12878=DIRECTION('center_axis',(-0.342020139689936,-0.939692622109207,0.));
#12879=DIRECTION('ref_axis',(0.939692622109207,-0.342020139689936,0.));
#12880=DIRECTION('',(-0.939692622109207,0.342020139689936,0.));
#12881=DIRECTION('',(0.,0.,1.));
#12882=DIRECTION('center_axis',(-0.258818243592054,-0.965926041052794,0.));
#12883=DIRECTION('ref_axis',(0.965926041052794,-0.258818243592054,0.));
#12884=DIRECTION('',(-0.965926041052794,0.258818243592054,0.));
#12885=DIRECTION('center_axis',(-1.,0.,0.));
#12886=DIRECTION('ref_axis',(0.,-1.,0.));
#12887=DIRECTION('',(0.,0.,1.));
#12888=DIRECTION('',(0.,-1.,0.));
#12889=DIRECTION('',(0.,0.,1.));
#12890=DIRECTION('center_axis',(0.,-1.,0.));
#12891=DIRECTION('ref_axis',(1.,0.,0.));
#12892=DIRECTION('',(1.,0.,0.));
#12893=DIRECTION('',(0.,0.,1.));
#12894=DIRECTION('center_axis',(1.,0.,0.));
#12895=DIRECTION('ref_axis',(0.,1.,0.));
#12896=DIRECTION('',(0.,1.,0.));
#12897=DIRECTION('',(0.,0.,1.));
#12898=DIRECTION('center_axis',(0.,1.,0.));
#12899=DIRECTION('ref_axis',(-1.,0.,0.));
#12900=DIRECTION('',(-1.,0.,0.));
#12901=DIRECTION('center_axis',(0.,1.,0.));
#12902=DIRECTION('ref_axis',(-1.,0.,0.));
#12903=DIRECTION('',(0.,0.,1.));
#12904=DIRECTION('',(-1.,0.,0.));
#12905=DIRECTION('',(0.,0.,1.));
#12906=DIRECTION('center_axis',(-1.,0.,0.));
#12907=DIRECTION('ref_axis',(0.,-1.,0.));
#12908=DIRECTION('',(0.,-1.,0.));
#12909=DIRECTION('',(0.,0.,1.));
#12910=DIRECTION('center_axis',(0.,-1.,0.));
#12911=DIRECTION('ref_axis',(1.,0.,0.));
#12912=DIRECTION('',(1.,0.,0.));
#12913=DIRECTION('',(0.,0.,1.));
#12914=DIRECTION('center_axis',(1.,0.,0.));
#12915=DIRECTION('ref_axis',(0.,1.,0.));
#12916=DIRECTION('',(0.,1.,0.));
#12917=DIRECTION('center_axis',(0.,-1.,0.));
#12918=DIRECTION('ref_axis',(1.,0.,0.));
#12919=DIRECTION('',(0.,0.,1.));
#12920=DIRECTION('',(1.,0.,0.));
#12921=DIRECTION('',(0.,0.,1.));
#12922=DIRECTION('center_axis',(1.,0.,0.));
#12923=DIRECTION('ref_axis',(0.,1.,0.));
#12924=DIRECTION('',(0.,1.,0.));
#12925=DIRECTION('',(0.,0.,1.));
#12926=DIRECTION('center_axis',(0.,1.,0.));
#12927=DIRECTION('ref_axis',(-1.,0.,0.));
#12928=DIRECTION('',(-1.,0.,0.));
#12929=DIRECTION('',(0.,0.,1.));
#12930=DIRECTION('center_axis',(-1.,0.,0.));
#12931=DIRECTION('ref_axis',(0.,-1.,0.));
#12932=DIRECTION('',(0.,-1.,0.));
#12933=DIRECTION('center_axis',(1.,0.,0.));
#12934=DIRECTION('ref_axis',(0.,1.,0.));
#12935=DIRECTION('',(0.,0.,1.));
#12936=DIRECTION('',(0.,1.,0.));
#12937=DIRECTION('',(0.,0.,1.));
#12938=DIRECTION('center_axis',(0.,1.,0.));
#12939=DIRECTION('ref_axis',(-1.,0.,0.));
#12940=DIRECTION('',(-1.,0.,0.));
#12941=DIRECTION('',(0.,0.,1.));
#12942=DIRECTION('center_axis',(-1.,0.,0.));
#12943=DIRECTION('ref_axis',(0.,-1.,0.));
#12944=DIRECTION('',(0.,-1.,0.));
#12945=DIRECTION('',(0.,0.,1.));
#12946=DIRECTION('center_axis',(0.,-1.,0.));
#12947=DIRECTION('ref_axis',(1.,0.,0.));
#12948=DIRECTION('',(1.,0.,0.));
#12949=DIRECTION('center_axis',(-0.173648179059272,-0.984807752766701,0.));
#12950=DIRECTION('ref_axis',(0.984807752766701,-0.173648179059272,0.));
#12951=DIRECTION('',(0.,0.,1.));
#12952=DIRECTION('',(0.984807752766701,-0.173648179059272,0.));
#12953=DIRECTION('',(0.,0.,1.));
#12954=DIRECTION('center_axis',(0.984807752766701,-0.17364817905927,0.));
#12955=DIRECTION('ref_axis',(0.17364817905927,0.984807752766701,0.));
#12956=DIRECTION('',(0.17364817905927,0.984807752766701,0.));
#12957=DIRECTION('',(0.,0.,1.));
#12958=DIRECTION('center_axis',(0.173648179059274,0.9848077527667,0.));
#12959=DIRECTION('ref_axis',(-0.9848077527667,0.173648179059274,0.));
#12960=DIRECTION('',(-0.9848077527667,0.173648179059274,0.));
#12961=DIRECTION('',(0.,0.,1.));
#12962=DIRECTION('center_axis',(-0.9848077527667,0.173648179059275,0.));
#12963=DIRECTION('ref_axis',(-0.173648179059275,-0.9848077527667,0.));
#12964=DIRECTION('',(-0.173648179059275,-0.9848077527667,0.));
#12965=DIRECTION('center_axis',(1.,0.,0.));
#12966=DIRECTION('ref_axis',(0.,1.,0.));
#12967=DIRECTION('',(0.,0.,1.));
#12968=DIRECTION('',(0.,1.,0.));
#12969=DIRECTION('',(0.,0.,1.));
#12970=DIRECTION('center_axis',(0.,1.,0.));
#12971=DIRECTION('ref_axis',(-1.,0.,0.));
#12972=DIRECTION('',(-1.,0.,0.));
#12973=DIRECTION('',(0.,0.,1.));
#12974=DIRECTION('center_axis',(-1.,0.,0.));
#12975=DIRECTION('ref_axis',(0.,-1.,0.));
#12976=DIRECTION('',(0.,-1.,0.));
#12977=DIRECTION('',(0.,0.,1.));
#12978=DIRECTION('center_axis',(0.,-1.,0.));
#12979=DIRECTION('ref_axis',(1.,0.,0.));
#12980=DIRECTION('',(1.,0.,0.));
#12981=DIRECTION('center_axis',(0.,-1.,0.));
#12982=DIRECTION('ref_axis',(1.,0.,0.));
#12983=DIRECTION('',(0.,0.,1.));
#12984=DIRECTION('',(1.,0.,0.));
#12985=DIRECTION('',(0.,0.,1.));
#12986=DIRECTION('center_axis',(1.,0.,0.));
#12987=DIRECTION('ref_axis',(0.,1.,0.));
#12988=DIRECTION('',(0.,1.,0.));
#12989=DIRECTION('',(0.,0.,1.));
#12990=DIRECTION('center_axis',(0.,1.,0.));
#12991=DIRECTION('ref_axis',(-1.,0.,0.));
#12992=DIRECTION('',(-1.,0.,0.));
#12993=DIRECTION('',(0.,0.,1.));
#12994=DIRECTION('center_axis',(-1.,0.,0.));
#12995=DIRECTION('ref_axis',(0.,-1.,0.));
#12996=DIRECTION('',(0.,-1.,0.));
#12997=DIRECTION('center_axis',(0.,-1.,0.));
#12998=DIRECTION('ref_axis',(1.,0.,0.));
#12999=DIRECTION('',(0.,0.,1.));
#13000=DIRECTION('',(1.,0.,0.));
#13001=DIRECTION('',(0.,0.,1.));
#13002=DIRECTION('center_axis',(1.,-5.07530525542929E-15,0.));
#13003=DIRECTION('ref_axis',(5.07530525542929E-15,1.,0.));
#13004=DIRECTION('',(5.07530525542929E-15,1.,0.));
#13005=DIRECTION('',(0.,0.,1.));
#13006=DIRECTION('center_axis',(0.,1.,0.));
#13007=DIRECTION('ref_axis',(-1.,0.,0.));
#13008=DIRECTION('',(-1.,0.,0.));
#13009=DIRECTION('',(0.,0.,1.));
#13010=DIRECTION('center_axis',(-1.,0.,0.));
#13011=DIRECTION('ref_axis',(0.,-1.,0.));
#13012=DIRECTION('',(0.,-1.,0.));
#13013=DIRECTION('center_axis',(1.,0.,0.));
#13014=DIRECTION('ref_axis',(0.,1.,0.));
#13015=DIRECTION('',(0.,0.,1.));
#13016=DIRECTION('',(0.,1.,0.));
#13017=DIRECTION('',(0.,0.,1.));
#13018=DIRECTION('center_axis',(0.,1.,0.));
#13019=DIRECTION('ref_axis',(-1.,0.,0.));
#13020=DIRECTION('',(-1.,0.,0.));
#13021=DIRECTION('',(0.,0.,1.));
#13022=DIRECTION('center_axis',(-1.,0.,0.));
#13023=DIRECTION('ref_axis',(0.,-1.,0.));
#13024=DIRECTION('',(0.,-1.,0.));
#13025=DIRECTION('',(0.,0.,1.));
#13026=DIRECTION('center_axis',(0.,-1.,0.));
#13027=DIRECTION('ref_axis',(1.,0.,0.));
#13028=DIRECTION('',(1.,0.,0.));
#13029=DIRECTION('center_axis',(0.,1.,0.));
#13030=DIRECTION('ref_axis',(-1.,0.,0.));
#13031=DIRECTION('',(0.,0.,1.));
#13032=DIRECTION('',(-1.,0.,0.));
#13033=DIRECTION('',(0.,0.,1.));
#13034=DIRECTION('center_axis',(-1.,0.,0.));
#13035=DIRECTION('ref_axis',(0.,-1.,0.));
#13036=DIRECTION('',(0.,-1.,0.));
#13037=DIRECTION('',(0.,0.,1.));
#13038=DIRECTION('center_axis',(0.,-1.,0.));
#13039=DIRECTION('ref_axis',(1.,0.,0.));
#13040=DIRECTION('',(1.,0.,0.));
#13041=DIRECTION('',(0.,0.,1.));
#13042=DIRECTION('center_axis',(1.,-5.07530525542929E-15,0.));
#13043=DIRECTION('ref_axis',(5.07530525542929E-15,1.,0.));
#13044=DIRECTION('',(5.07530525542929E-15,1.,0.));
#13045=DIRECTION('center_axis',(1.,0.,0.));
#13046=DIRECTION('ref_axis',(0.,1.,0.));
#13047=DIRECTION('',(0.,0.,1.));
#13048=DIRECTION('',(0.,1.,0.));
#13049=DIRECTION('',(0.,0.,1.));
#13050=DIRECTION('center_axis',(0.,1.,0.));
#13051=DIRECTION('ref_axis',(-1.,0.,0.));
#13052=DIRECTION('',(-1.,0.,0.));
#13053=DIRECTION('',(0.,0.,1.));
#13054=DIRECTION('center_axis',(-1.,0.,0.));
#13055=DIRECTION('ref_axis',(0.,-1.,0.));
#13056=DIRECTION('',(0.,-1.,0.));
#13057=DIRECTION('',(0.,0.,1.));
#13058=DIRECTION('center_axis',(0.,-1.,0.));
#13059=DIRECTION('ref_axis',(1.,0.,0.));
#13060=DIRECTION('',(1.,0.,0.));
#13061=DIRECTION('center_axis',(-1.,0.,0.));
#13062=DIRECTION('ref_axis',(0.,-1.,0.));
#13063=DIRECTION('',(0.,0.,1.));
#13064=DIRECTION('',(0.,-1.,0.));
#13065=DIRECTION('',(0.,0.,1.));
#13066=DIRECTION('center_axis',(0.,-1.,0.));
#13067=DIRECTION('ref_axis',(1.,0.,0.));
#13068=DIRECTION('',(1.,0.,0.));
#13069=DIRECTION('',(0.,0.,1.));
#13070=DIRECTION('center_axis',(1.,0.,0.));
#13071=DIRECTION('ref_axis',(0.,1.,0.));
#13072=DIRECTION('',(0.,1.,0.));
#13073=DIRECTION('',(0.,0.,1.));
#13074=DIRECTION('center_axis',(0.,1.,0.));
#13075=DIRECTION('ref_axis',(-1.,0.,0.));
#13076=DIRECTION('',(-1.,0.,0.));
#13077=DIRECTION('center_axis',(-1.,0.,0.));
#13078=DIRECTION('ref_axis',(0.,-1.,0.));
#13079=DIRECTION('',(0.,0.,1.));
#13080=DIRECTION('',(0.,-1.,0.));
#13081=DIRECTION('',(0.,0.,1.));
#13082=DIRECTION('center_axis',(0.,-1.,0.));
#13083=DIRECTION('ref_axis',(1.,0.,0.));
#13084=DIRECTION('',(1.,0.,0.));
#13085=DIRECTION('',(0.,0.,1.));
#13086=DIRECTION('center_axis',(1.,0.,0.));
#13087=DIRECTION('ref_axis',(0.,1.,0.));
#13088=DIRECTION('',(0.,1.,0.));
#13089=DIRECTION('',(0.,0.,1.));
#13090=DIRECTION('center_axis',(0.,1.,0.));
#13091=DIRECTION('ref_axis',(-1.,0.,0.));
#13092=DIRECTION('',(-1.,0.,0.));
#13093=DIRECTION('center_axis',(1.,0.,0.));
#13094=DIRECTION('ref_axis',(0.,1.,0.));
#13095=DIRECTION('',(0.,0.,1.));
#13096=DIRECTION('',(0.,1.,0.));
#13097=DIRECTION('',(0.,0.,1.));
#13098=DIRECTION('center_axis',(0.,1.,0.));
#13099=DIRECTION('ref_axis',(-1.,0.,0.));
#13100=DIRECTION('',(-1.,0.,0.));
#13101=DIRECTION('',(0.,0.,1.));
#13102=DIRECTION('center_axis',(-1.,0.,0.));
#13103=DIRECTION('ref_axis',(0.,-1.,0.));
#13104=DIRECTION('',(0.,-1.,0.));
#13105=DIRECTION('',(0.,0.,1.));
#13106=DIRECTION('center_axis',(0.,-1.,0.));
#13107=DIRECTION('ref_axis',(1.,0.,0.));
#13108=DIRECTION('',(1.,0.,0.));
#13109=DIRECTION('center_axis',(0.,-1.,0.));
#13110=DIRECTION('ref_axis',(1.,0.,0.));
#13111=DIRECTION('',(0.,0.,1.));
#13112=DIRECTION('',(1.,0.,0.));
#13113=DIRECTION('',(0.,0.,1.));
#13114=DIRECTION('center_axis',(1.,0.,0.));
#13115=DIRECTION('ref_axis',(0.,1.,0.));
#13116=DIRECTION('',(0.,1.,0.));
#13117=DIRECTION('',(0.,0.,1.));
#13118=DIRECTION('center_axis',(0.,1.,0.));
#13119=DIRECTION('ref_axis',(-1.,0.,0.));
#13120=DIRECTION('',(-1.,0.,0.));
#13121=DIRECTION('',(0.,0.,1.));
#13122=DIRECTION('center_axis',(-1.,0.,0.));
#13123=DIRECTION('ref_axis',(0.,-1.,0.));
#13124=DIRECTION('',(0.,-1.,0.));
#13125=DIRECTION('center_axis',(0.,-1.,0.));
#13126=DIRECTION('ref_axis',(1.,0.,0.));
#13127=DIRECTION('',(0.,0.,1.));
#13128=DIRECTION('',(1.,0.,0.));
#13129=DIRECTION('',(0.,0.,1.));
#13130=DIRECTION('center_axis',(1.,0.,0.));
#13131=DIRECTION('ref_axis',(0.,1.,0.));
#13132=DIRECTION('',(0.,1.,0.));
#13133=DIRECTION('',(0.,0.,1.));
#13134=DIRECTION('center_axis',(0.,1.,0.));
#13135=DIRECTION('ref_axis',(-1.,0.,0.));
#13136=DIRECTION('',(-1.,0.,0.));
#13137=DIRECTION('',(0.,0.,1.));
#13138=DIRECTION('center_axis',(-1.,0.,0.));
#13139=DIRECTION('ref_axis',(0.,-1.,0.));
#13140=DIRECTION('',(0.,-1.,0.));
#13141=DIRECTION('center_axis',(-0.342020145001073,-0.939692620176111,0.));
#13142=DIRECTION('ref_axis',(0.939692620176111,-0.342020145001073,0.));
#13143=DIRECTION('',(0.,0.,1.));
#13144=DIRECTION('',(0.939692620176111,-0.342020145001073,0.));
#13145=DIRECTION('',(0.,0.,1.));
#13146=DIRECTION('center_axis',(0.93969262017611,-0.342020145001076,0.));
#13147=DIRECTION('ref_axis',(0.342020145001076,0.93969262017611,0.));
#13148=DIRECTION('',(0.342020145001076,0.93969262017611,0.));
#13149=DIRECTION('',(0.,0.,1.));
#13150=DIRECTION('center_axis',(0.342020145001072,0.939692620176111,0.));
#13151=DIRECTION('ref_axis',(-0.939692620176112,0.342020145001072,0.));
#13152=DIRECTION('',(-0.939692620176112,0.342020145001072,0.));
#13153=DIRECTION('',(0.,0.,1.));
#13154=DIRECTION('center_axis',(-0.939692620176112,0.342020145001071,0.));
#13155=DIRECTION('ref_axis',(-0.342020145001071,-0.939692620176112,0.));
#13156=DIRECTION('',(-0.342020145001071,-0.939692620176112,0.));
#13157=DIRECTION('center_axis',(0.,0.,1.));
#13158=DIRECTION('ref_axis',(1.,0.,0.));
#13159=DIRECTION('center_axis',(-0.66446302473026,-0.241844761709494,-0.707106781186542));
#13160=DIRECTION('ref_axis',(-0.728739444643002,0.,0.684791078958691));
#13161=DIRECTION('',(-0.710564741559488,0.497542932641223,0.497542740105078));
#13162=DIRECTION('',(0.342020141998453,-0.939692621268976,0.));
#13163=DIRECTION('',(-0.664463025324383,-0.241844760077122,0.707106781186553));
#13164=DIRECTION('',(-0.342020141998453,0.939692621268976,0.));
#13165=DIRECTION('center_axis',(0.,0.,-1.));
#13166=DIRECTION('ref_axis',(-1.,0.,0.));
#13167=DIRECTION('',(-0.939692622109207,-0.342020139689936,0.));
#13168=DIRECTION('',(-0.965926041052794,-0.258818243592054,0.));
#13169=DIRECTION('',(-0.984807750660907,-0.17364819100182,0.));
#13170=DIRECTION('',(0.,-1.,0.));
#13171=DIRECTION('',(-1.,0.,0.));
#13172=DIRECTION('',(0.,-1.,0.));
#13173=DIRECTION('',(-1.,0.,0.));
#13174=DIRECTION('',(0.,-1.,0.));
#13175=DIRECTION('',(-1.,0.,0.));
#13176=DIRECTION('',(0.,1.,0.));
#13177=DIRECTION('',(-1.,0.,0.));
#13178=DIRECTION('',(-5.9211894646675E-15,1.,0.));
#13179=DIRECTION('',(-1.,0.,0.));
#13180=DIRECTION('',(0.,1.,0.));
#13181=DIRECTION('',(1.,0.,0.));
#13182=DIRECTION('',(0.,1.,0.));
#13183=DIRECTION('',(1.,0.,0.));
#13184=DIRECTION('center_axis',(0.,0.,1.));
#13185=DIRECTION('ref_axis',(0.,-1.,0.));
#13186=DIRECTION('',(1.,0.,0.));
#13187=DIRECTION('',(0.,-1.,0.));
#13188=DIRECTION('',(1.,0.,0.));
#13189=DIRECTION('',(0.,-1.,0.));
#13190=DIRECTION('',(0.999999999999963,-2.70962114789914E-7,0.));
#13191=DIRECTION('center_axis',(0.,0.,1.));
#13192=DIRECTION('ref_axis',(0.707106685386966,-0.707106876986116,0.));
#13193=DIRECTION('',(0.,1.,0.));
#13194=DIRECTION('center_axis',(0.,0.,1.));
#13195=DIRECTION('ref_axis',(0.87578336154707,0.482704364634622,0.));
#13196=DIRECTION('',(-0.845488902186304,0.533992992725372,0.));
#13197=DIRECTION('center_axis',(0.,0.,1.));
#13198=DIRECTION('ref_axis',(0.393235048567341,0.919437978646869,0.));
#13199=DIRECTION('',(-0.970142500145332,0.242535625036333,0.));
#13200=DIRECTION('center_axis',(0.,0.,1.));
#13201=DIRECTION('ref_axis',(0.122183263695704,0.992507556682903,0.));
#13202=DIRECTION('',(-1.,0.,0.));
#13203=DIRECTION('center_axis',(0.,0.,1.));
#13204=DIRECTION('ref_axis',(-0.0948513395609293,0.995491448171956,0.));
#13205=DIRECTION('',(-0.982006446766995,-0.188847394761117,0.));
#13206=DIRECTION('',(0.,-1.,0.));
#13207=DIRECTION('',(-0.707652966612095,-0.706560173548652,0.));
#13208=DIRECTION('',(0.34202014411235,-0.93969262049958,0.));
#13209=DIRECTION('center_axis',(0.,0.,1.));
#13210=DIRECTION('ref_axis',(-0.573576546987743,-0.819151966820331,0.));
#13211=DIRECTION('',(1.,0.,0.));
#13212=DIRECTION('',(0.,-1.,0.));
#13213=DIRECTION('',(-1.,0.,0.));
#13214=DIRECTION('',(0.,1.,0.));
#13215=DIRECTION('center_axis',(0.,0.,-1.));
#13216=DIRECTION('ref_axis',(-0.573576546987743,-0.819151966820331,0.));
#13217=DIRECTION('',(0.664463024186209,0.241844763204238,0.70710678118655));
#13218=DIRECTION('center_axis',(0.,0.,-1.));
#13219=DIRECTION('ref_axis',(-0.573576546987743,-0.819151966820331,0.));
#13220=DIRECTION('',(1.91599144751387E-7,0.707106781186523,0.707106781186546));
#13221=DIRECTION('center_axis',(1.91599148812595E-7,0.70710678118652,-0.707106781186549));
#13222=DIRECTION('ref_axis',(-0.999999999999963,0.,-2.70962114789903E-7));
#13223=DIRECTION('',(-0.999999999999963,2.70962114789914E-7,0.));
#13224=DIRECTION('center_axis',(0.707106781186547,0.,-0.707106781186548));
#13225=DIRECTION('ref_axis',(-0.707106781186548,0.,-0.707106781186547));
#13226=DIRECTION('',(0.,1.,0.));
#13227=DIRECTION('',(-0.577350321336302,-0.577350164896261,-0.5773503213363));
#13228=DIRECTION('',(0.707106781186548,0.,0.707106781186547));
#13229=DIRECTION('center_axis',(0.133535273444998,-0.694383417677848,-0.707106781186548));
#13230=DIRECTION('ref_axis',(-0.982631537200388,0.,-0.185567405810404));
#13231=DIRECTION('',(0.982006446766995,0.188847394761117,0.));
#13232=DIRECTION('',(-0.610585078960375,0.504352776042631,-0.610585078960373));
#13233=DIRECTION('',(0.133535273444994,-0.694383417677849,0.707106781186547));
#13234=DIRECTION('center_axis',(0.707106781186547,0.,-0.707106781186548));
#13235=DIRECTION('ref_axis',(-0.707106781186548,0.,-0.707106781186547));
#13236=DIRECTION('',(0.,1.,0.));
#13237=DIRECTION('',(-0.678539720537572,0.281367544868967,-0.67853972053757));
#13238=DIRECTION('center_axis',(0.499613490032597,-0.500386211418191,-0.707106781186546));
#13239=DIRECTION('ref_axis',(-0.816706970277694,0.,-0.577052618657804));
#13240=DIRECTION('',(0.707652966612095,0.706560173548652,0.));
#13241=DIRECTION('',(-0.746318987226933,0.165757481944135,-0.644618046973636));
#13242=DIRECTION('center_axis',(0.664463024186207,0.241844763204242,-0.70710678118655));
#13243=DIRECTION('ref_axis',(-0.728739444922814,0.,-0.684791078660922));
#13244=DIRECTION('',(-0.34202014411235,0.93969262049958,0.));
#13245=DIRECTION('center_axis',(0.,0.,-1.));
#13246=DIRECTION('ref_axis',(-0.0948513395609293,0.995491448171956,0.));
#13247=DIRECTION('',(0.,-0.707106781186548,0.707106781186547));
#13248=DIRECTION('center_axis',(0.,0.,-1.));
#13249=DIRECTION('ref_axis',(-0.0948513395609293,0.995491448171956,0.));
#13250=DIRECTION('center_axis',(0.,-0.707106781186547,-0.707106781186548));
#13251=DIRECTION('ref_axis',(-1.,0.,0.));
#13252=DIRECTION('',(0.,-0.707106781186548,0.707106781186547));
#13253=DIRECTION('',(1.,0.,0.));
#13254=DIRECTION('center_axis',(0.,0.,-1.));
#13255=DIRECTION('ref_axis',(0.122183263695704,0.992507556682903,0.));
#13256=DIRECTION('',(-0.17149858514251,-0.685994340570035,0.707106781186547));
#13257=DIRECTION('center_axis',(0.,0.,-1.));
#13258=DIRECTION('ref_axis',(0.122183263695704,0.992507556682903,0.));
#13259=DIRECTION('center_axis',(-0.171498585142509,-0.685994340570036,-0.707106781186547));
#13260=DIRECTION('ref_axis',(-0.97182531580755,0.,0.235702260395517));
#13261=DIRECTION('',(-0.171498585142508,-0.685994340570034,0.707106781186549));
#13262=DIRECTION('',(0.970142500145332,-0.242535625036333,0.));
#13263=DIRECTION('center_axis',(0.,0.,-1.));
#13264=DIRECTION('ref_axis',(0.393235048567341,0.919437978646869,0.));
#13265=DIRECTION('',(-0.377590066262209,-0.597850936153906,0.707106781186547));
#13266=DIRECTION('center_axis',(0.,0.,-1.));
#13267=DIRECTION('ref_axis',(0.393235048567341,0.919437978646869,0.));
#13268=DIRECTION('center_axis',(-0.377590066262209,-0.597850936153905,-0.707106781186547));
#13269=DIRECTION('ref_axis',(-0.882111208428418,0.,0.471041204105285));
#13270=DIRECTION('',(-0.377590066262207,-0.597850936153907,0.707106781186547));
#13271=DIRECTION('',(0.845488902186304,-0.533992992725372,0.));
#13272=DIRECTION('center_axis',(0.,0.,-1.));
#13273=DIRECTION('ref_axis',(0.87578336154707,0.482704364634622,0.));
#13274=DIRECTION('',(-0.707106781186548,0.,0.707106781186547));
#13275=DIRECTION('center_axis',(0.,0.,-1.));
#13276=DIRECTION('ref_axis',(0.87578336154707,0.482704364634622,0.));
#13277=DIRECTION('center_axis',(-0.707106781186548,0.,-0.707106781186547));
#13278=DIRECTION('ref_axis',(-0.707106781186547,0.,0.707106781186548));
#13279=DIRECTION('',(0.577350269189627,-0.577350269189624,-0.577350269189627));
#13280=DIRECTION('',(0.,-1.,0.));
#13281=DIRECTION('',(-0.577350269189627,-0.577350269189624,0.577350269189627));
#13282=DIRECTION('',(0.,-1.,0.));
#13283=DIRECTION('',(-0.707106781186547,0.,0.707106781186548));
#13284=DIRECTION('',(0.,-1.,0.));
#13285=DIRECTION('center_axis',(0.,0.,-1.));
#13286=DIRECTION('ref_axis',(0.707106685386966,-0.707106876986116,0.));
#13287=DIRECTION('',(1.91599148938301E-7,0.707106781186523,0.707106781186546));
#13288=DIRECTION('center_axis',(0.,0.,-1.));
#13289=DIRECTION('ref_axis',(0.707106685386966,-0.707106876986116,0.));
#13290=DIRECTION('center_axis',(1.91599148812595E-7,0.70710678118652,-0.707106781186549));
#13291=DIRECTION('ref_axis',(-0.999999999999963,0.,-2.70962114789903E-7));
#13292=DIRECTION('',(-0.999999999999963,2.70962114789914E-7,0.));
#13293=DIRECTION('center_axis',(0.,-1.,0.));
#13294=DIRECTION('ref_axis',(1.,0.,0.));
#13295=DIRECTION('',(0.,0.,1.));
#13296=DIRECTION('',(-1.,0.,0.));
#13297=DIRECTION('',(0.,0.,1.));
#13298=DIRECTION('center_axis',(1.,0.,0.));
#13299=DIRECTION('ref_axis',(0.,1.,0.));
#13300=DIRECTION('',(0.,-1.,0.));
#13301=DIRECTION('',(0.,0.,1.));
#13302=DIRECTION('center_axis',(0.,0.,-1.));
#13303=DIRECTION('ref_axis',(0.707106685386966,-0.707106876986116,0.));
#13304=DIRECTION('',(0.,0.,1.));
#13305=DIRECTION('center_axis',(0.,0.,-1.));
#13306=DIRECTION('ref_axis',(0.707106685386966,-0.707106876986116,0.));
#13307=DIRECTION('',(0.,0.,-1.));
#13308=DIRECTION('center_axis',(-1.,0.,0.));
#13309=DIRECTION('ref_axis',(0.,-1.,0.));
#13310=DIRECTION('',(0.,1.,0.));
#13311=DIRECTION('',(0.,0.,1.));
#13312=DIRECTION('',(0.,0.,-1.));
#13313=DIRECTION('',(0.,-1.,0.));
#13314=DIRECTION('',(0.,0.,1.));
#13315=DIRECTION('center_axis',(-0.707106781186546,-0.707106781186549,0.));
#13316=DIRECTION('ref_axis',(0.,0.,1.));
#13317=DIRECTION('',(-0.577350269189627,0.577350269189624,0.577350269189626));
#13318=DIRECTION('',(0.,0.,-1.));
#13319=DIRECTION('',(0.577350269189627,-0.577350269189624,0.577350269189626));
#13320=DIRECTION('center_axis',(-0.707106781186547,0.,0.707106781186548));
#13321=DIRECTION('ref_axis',(0.707106781186548,0.,0.707106781186547));
#13322=DIRECTION('',(0.,-1.,0.));
#13323=DIRECTION('',(-0.577350269189627,-0.577350269189624,-0.577350269189626));
#13324=DIRECTION('center_axis',(2.70962114789914E-7,0.999999999999963,0.));
#13325=DIRECTION('ref_axis',(-0.999999999999963,2.70962114789914E-7,0.));
#13326=DIRECTION('',(0.,0.,-1.));
#13327=DIRECTION('',(0.999999999999963,-2.70962114789914E-7,0.));
#13328=DIRECTION('',(-0.999999999999963,2.70962114789914E-7,0.));
#13329=DIRECTION('',(0.,0.,1.));
#13330=DIRECTION('',(0.999999999999963,-2.70962114789914E-7,0.));
#13331=DIRECTION('center_axis',(2.70962114789914E-7,0.999999999999963,0.));
#13332=DIRECTION('ref_axis',(0.999999999999963,-2.70962114789914E-7,0.));
#13333=DIRECTION('',(-0.999999999999963,2.70962114789914E-7,0.));
#13334=DIRECTION('center_axis',(2.70962114789914E-7,0.999999999999963,0.));
#13335=DIRECTION('ref_axis',(-0.999999999999963,2.70962114789914E-7,0.));
#13336=DIRECTION('center_axis',(0.,0.,1.));
#13337=DIRECTION('ref_axis',(1.,0.,0.));
#13338=DIRECTION('center_axis',(0.,0.,-1.));
#13339=DIRECTION('ref_axis',(-0.573576546987743,-0.819151966820331,0.));
#13340=DIRECTION('',(0.34202014411235,-0.93969262049958,0.));
#13341=DIRECTION('',(-0.707652966612095,-0.706560173548652,0.));
#13342=DIRECTION('',(0.,-1.,0.));
#13343=DIRECTION('',(-0.982006446766995,-0.188847394761117,0.));
#13344=DIRECTION('center_axis',(0.,0.,-1.));
#13345=DIRECTION('ref_axis',(-0.0948513395609293,0.995491448171956,0.));
#13346=DIRECTION('',(-1.,0.,0.));
#13347=DIRECTION('center_axis',(0.,0.,-1.));
#13348=DIRECTION('ref_axis',(0.122183263695704,0.992507556682903,0.));
#13349=DIRECTION('',(-0.970142500145332,0.242535625036333,0.));
#13350=DIRECTION('center_axis',(0.,0.,-1.));
#13351=DIRECTION('ref_axis',(0.393235048567341,0.919437978646869,0.));
#13352=DIRECTION('',(-0.845488902186304,0.533992992725372,0.));
#13353=DIRECTION('center_axis',(0.,0.,-1.));
#13354=DIRECTION('ref_axis',(0.87578336154707,0.482704364634622,0.));
#13355=DIRECTION('',(-0.999999999999963,2.7057181509439E-7,0.));
#13356=DIRECTION('center_axis',(0.,0.,1.));
#13357=DIRECTION('ref_axis',(0.707106685524958,-0.707106876848124,0.));
#13358=DIRECTION('',(0.,-1.,0.));
#13359=DIRECTION('center_axis',(0.,0.,1.));
#13360=DIRECTION('ref_axis',(0.875783361077501,0.482704365486574,0.));
#13361=DIRECTION('',(0.845488903225228,-0.533992991080408,0.));
#13362=DIRECTION('center_axis',(0.,0.,1.));
#13363=DIRECTION('ref_axis',(0.39323504871449,0.919437978583935,0.));
#13364=DIRECTION('',(0.970142499595828,-0.242535627234348,0.));
#13365=DIRECTION('center_axis',(0.,0.,1.));
#13366=DIRECTION('ref_axis',(0.122183264820047,0.99250755654449,0.));
#13367=DIRECTION('',(1.,0.,0.));
#13368=DIRECTION('center_axis',(0.,0.,1.));
#13369=DIRECTION('ref_axis',(-0.141602353674283,0.989923619999999,0.));
#13370=DIRECTION('',(0.98200644689579,0.188847394091382,0.));
#13371=DIRECTION('',(0.,1.,0.));
#13372=DIRECTION('',(0.70765296743564,0.706560172723833,0.));
#13373=DIRECTION('',(-0.34202014524644,0.939692620086805,0.));
#13374=DIRECTION('center_axis',(0.,0.,1.));
#13375=DIRECTION('ref_axis',(-0.573576546333577,-0.819151967278384,0.));
#13376=DIRECTION('center_axis',(0.,0.,-1.));
#13377=DIRECTION('ref_axis',(-0.0948513395609293,0.995491448171956,0.));
#13378=DIRECTION('',(0.,0.,1.));
#13379=DIRECTION('',(0.,0.,-1.));
#13380=DIRECTION('center_axis',(0.188847394761117,-0.982006446766995,0.));
#13381=DIRECTION('ref_axis',(0.982006446766995,0.188847394761117,0.));
#13382=DIRECTION('',(0.,0.,1.));
#13383=DIRECTION('center_axis',(0.,0.,-1.));
#13384=DIRECTION('ref_axis',(0.122183263695704,0.992507556682903,0.));
#13385=DIRECTION('',(0.,0.,1.));
#13386=DIRECTION('',(0.,0.,-1.));
#13387=DIRECTION('center_axis',(-0.242535625036333,-0.970142500145332,0.));
#13388=DIRECTION('ref_axis',(0.970142500145332,-0.242535625036333,0.));
#13389=DIRECTION('',(0.,0.,-1.));
#13390=DIRECTION('center_axis',(0.,0.,-1.));
#13391=DIRECTION('ref_axis',(0.393235048567341,0.919437978646869,0.));
#13392=DIRECTION('',(0.,0.,1.));
#13393=DIRECTION('center_axis',(-0.533992992725372,-0.845488902186304,0.));
#13394=DIRECTION('ref_axis',(0.845488902186304,-0.533992992725372,0.));
#13395=DIRECTION('',(0.,0.,-1.));
#13396=DIRECTION('center_axis',(0.,0.,-1.));
#13397=DIRECTION('ref_axis',(0.87578336154707,0.482704364634622,0.));
#13398=DIRECTION('center_axis',(0.,0.,-1.));
#13399=DIRECTION('ref_axis',(-0.573576546987743,-0.819151966820331,0.));
#13400=DIRECTION('',(0.,0.,1.));
#13401=DIRECTION('center_axis',(0.,0.,1.));
#13402=DIRECTION('ref_axis',(-0.573576546333577,-0.819151967278384,0.));
#13403=DIRECTION('center_axis',(0.,0.,1.));
#13404=DIRECTION('ref_axis',(-0.573576546333577,-0.819151967278384,0.));
#13405=DIRECTION('',(0.,0.,1.));
#13406=DIRECTION('',(0.,0.,-1.));
#13407=DIRECTION('center_axis',(0.,0.,1.));
#13408=DIRECTION('ref_axis',(1.,0.,0.));
#13409=DIRECTION('',(0.34202014524644,-0.939692620086805,0.));
#13410=DIRECTION('',(-0.70765296743564,-0.706560172723833,0.));
#13411=DIRECTION('',(0.,-1.,0.));
#13412=DIRECTION('',(-0.98200644689579,-0.188847394091382,0.));
#13413=DIRECTION('center_axis',(0.,0.,1.));
#13414=DIRECTION('ref_axis',(-0.141602353674283,0.989923619999999,0.));
#13415=DIRECTION('',(-1.,0.,0.));
#13416=DIRECTION('center_axis',(0.,0.,1.));
#13417=DIRECTION('ref_axis',(0.122183264820047,0.99250755654449,0.));
#13418=DIRECTION('',(-0.970142499595828,0.242535627234348,0.));
#13419=DIRECTION('center_axis',(0.,0.,1.));
#13420=DIRECTION('ref_axis',(0.39323504871449,0.919437978583935,0.));
#13421=DIRECTION('',(-0.845488903225228,0.533992991080408,0.));
#13422=DIRECTION('center_axis',(0.,0.,1.));
#13423=DIRECTION('ref_axis',(0.875783361077501,0.482704365486574,0.));
#13424=DIRECTION('',(0.,1.,0.));
#13425=DIRECTION('center_axis',(0.,0.,1.));
#13426=DIRECTION('ref_axis',(0.707106685524958,-0.707106876848124,0.));
#13427=DIRECTION('',(0.999999999999963,-2.7057181509439E-7,0.));
#13428=DIRECTION('',(0.,1.,0.));
#13429=DIRECTION('',(-0.999999999999963,2.70886029163354E-7,0.));
#13430=DIRECTION('',(0.,-1.,0.));
#13431=DIRECTION('',(-0.999999999999963,2.70809947880376E-7,0.));
#13432=DIRECTION('center_axis',(0.,0.,1.));
#13433=DIRECTION('ref_axis',(0.707106685440767,-0.707106876932315,0.));
#13434=DIRECTION('',(0.,-1.,0.));
#13435=DIRECTION('center_axis',(0.,0.,1.));
#13436=DIRECTION('ref_axis',(0.875783361350603,0.482704364991078,0.));
#13437=DIRECTION('',(0.84548890262099,-0.533992992037119,0.));
#13438=DIRECTION('center_axis',(0.,0.,1.));
#13439=DIRECTION('ref_axis',(0.393235047126103,0.919437979263273,0.));
#13440=DIRECTION('',(0.970142500708259,-0.242535622784623,0.));
#13441=DIRECTION('center_axis',(0.,0.,1.));
#13442=DIRECTION('ref_axis',(0.122183262543893,0.992507556824698,0.));
#13443=DIRECTION('',(1.,0.,0.));
#13444=DIRECTION('center_axis',(0.,0.,1.));
#13445=DIRECTION('ref_axis',(-0.133838176876986,0.991003200000002,0.));
#13446=DIRECTION('',(0.982006447367713,0.188847391637385,0.));
#13447=DIRECTION('',(0.,1.,0.));
#13448=DIRECTION('',(0.707652966688446,0.706560173472183,0.));
#13449=DIRECTION('',(-0.342020144019579,0.939692620533346,0.));
#13450=DIRECTION('center_axis',(0.,0.,1.));
#13451=DIRECTION('ref_axis',(-0.573576546965854,-0.819151966835659,0.));
#13452=DIRECTION('',(-0.999999999999963,2.70809947880376E-7,0.));
#13453=DIRECTION('center_axis',(-2.7057181509439E-7,-0.999999999999963,
0.));
#13454=DIRECTION('ref_axis',(-0.999999999999963,2.7057181509439E-7,0.));
#13455=DIRECTION('',(0.,0.,-1.));
#13456=DIRECTION('center_axis',(0.,0.,1.));
#13457=DIRECTION('ref_axis',(0.707106685524958,-0.707106876848124,0.));
#13458=DIRECTION('',(0.,0.,1.));
#13459=DIRECTION('center_axis',(0.,0.,1.));
#13460=DIRECTION('ref_axis',(0.875783361077501,0.482704365486574,0.));
#13461=DIRECTION('',(0.,0.,1.));
#13462=DIRECTION('',(0.,0.,-1.));
#13463=DIRECTION('center_axis',(0.533992991080408,0.845488903225228,0.));
#13464=DIRECTION('ref_axis',(0.845488903225228,-0.533992991080408,0.));
#13465=DIRECTION('',(0.,0.,-1.));
#13466=DIRECTION('center_axis',(0.,0.,1.));
#13467=DIRECTION('ref_axis',(0.39323504871449,0.919437978583935,0.));
#13468=DIRECTION('',(0.,0.,1.));
#13469=DIRECTION('center_axis',(0.,0.,1.));
#13470=DIRECTION('ref_axis',(0.122183264820047,0.99250755654449,0.));
#13471=DIRECTION('',(0.,0.,1.));
#13472=DIRECTION('',(0.,0.,-1.));
#13473=DIRECTION('center_axis',(0.,1.,0.));
#13474=DIRECTION('ref_axis',(1.,0.,0.));
#13475=DIRECTION('',(0.,0.,-1.));
#13476=DIRECTION('center_axis',(0.,0.,-1.));
#13477=DIRECTION('ref_axis',(-0.141602353674283,0.989923619999999,0.));
#13478=DIRECTION('',(0.,0.,-1.));
#13479=DIRECTION('center_axis',(0.,0.,1.));
#13480=DIRECTION('ref_axis',(-0.573576546965854,-0.819151966835659,0.));
#13481=DIRECTION('center_axis',(0.,0.,1.));
#13482=DIRECTION('ref_axis',(-0.573576546965854,-0.819151966835659,0.));
#13483=DIRECTION('',(0.,0.,1.));
#13484=DIRECTION('',(0.,0.,-1.));
#13485=DIRECTION('center_axis',(0.,0.,-1.));
#13486=DIRECTION('ref_axis',(-1.,0.,0.));
#13487=DIRECTION('',(0.342020144019579,-0.939692620533346,0.));
#13488=DIRECTION('',(-0.707652966688446,-0.706560173472183,0.));
#13489=DIRECTION('',(0.939692622109206,0.342020139689938,0.));
#13490=DIRECTION('',(0.965926041052801,0.258818243592028,0.));
#13491=DIRECTION('',(0.984807750660908,0.173648191001814,0.));
#13492=DIRECTION('',(0.,1.,0.));
#13493=DIRECTION('',(0.,-1.,0.));
#13494=DIRECTION('',(-0.982006447367713,-0.188847391637385,0.));
#13495=DIRECTION('center_axis',(0.,0.,1.));
#13496=DIRECTION('ref_axis',(-0.133838176876986,0.991003200000002,0.));
#13497=DIRECTION('',(-1.,0.,0.));
#13498=DIRECTION('center_axis',(0.,0.,1.));
#13499=DIRECTION('ref_axis',(0.122183262543893,0.992507556824698,0.));
#13500=DIRECTION('',(-0.970142500708259,0.242535622784623,0.));
#13501=DIRECTION('center_axis',(0.,0.,1.));
#13502=DIRECTION('ref_axis',(0.393235047126103,0.919437979263273,0.));
#13503=DIRECTION('',(-0.84548890262099,0.533992992037119,0.));
#13504=DIRECTION('center_axis',(0.,0.,1.));
#13505=DIRECTION('ref_axis',(0.875783361350603,0.482704364991078,0.));
#13506=DIRECTION('',(0.,1.,0.));
#13507=DIRECTION('',(-1.,0.,0.));
#13508=DIRECTION('',(0.,-1.,0.));
#13509=DIRECTION('',(-1.,0.,0.));
#13510=DIRECTION('center_axis',(0.,0.,-1.));
#13511=DIRECTION('ref_axis',(0.,-1.,0.));
#13512=DIRECTION('',(-1.,0.,0.));
#13513=DIRECTION('',(0.,1.,0.));
#13514=DIRECTION('',(-1.,0.,0.));
#13515=DIRECTION('',(0.,-1.,0.));
#13516=DIRECTION('',(0.999999999999963,-2.70809947880376E-7,0.));
#13517=DIRECTION('',(1.,0.,0.));
#13518=DIRECTION('',(0.,1.,0.));
#13519=DIRECTION('',(-1.,0.,0.));
#13520=DIRECTION('',(0.,-1.,0.));
#13521=DIRECTION('',(0.,1.,0.));
#13522=DIRECTION('',(-1.,0.,0.));
#13523=DIRECTION('',(0.,-1.,0.));
#13524=DIRECTION('',(1.,0.,0.));
#13525=DIRECTION('',(0.,-1.,0.));
#13526=DIRECTION('',(1.,0.,0.));
#13527=DIRECTION('',(0.,1.,0.));
#13528=DIRECTION('',(-1.,0.,0.));
#13529=DIRECTION('',(-1.,0.,0.));
#13530=DIRECTION('',(0.,-1.,0.));
#13531=DIRECTION('',(1.,0.,0.));
#13532=DIRECTION('',(0.,1.,0.));
#13533=DIRECTION('',(0.173648179059275,-0.9848077527667,0.));
#13534=DIRECTION('',(0.9848077527667,0.173648179059274,0.));
#13535=DIRECTION('',(-0.17364817905927,0.984807752766701,0.));
#13536=DIRECTION('',(-0.984807752766701,-0.173648179059272,0.));
#13537=DIRECTION('',(-1.,0.,0.));
#13538=DIRECTION('',(0.,-1.,0.));
#13539=DIRECTION('',(1.,0.,0.));
#13540=DIRECTION('',(0.,1.,0.));
#13541=DIRECTION('',(0.,-1.,0.));
#13542=DIRECTION('',(1.,0.,0.));
#13543=DIRECTION('',(0.,1.,0.));
#13544=DIRECTION('',(-1.,0.,0.));
#13545=DIRECTION('',(0.,-1.,0.));
#13546=DIRECTION('',(1.,0.,0.));
#13547=DIRECTION('',(-5.07530525542929E-15,1.,0.));
#13548=DIRECTION('',(-1.,0.,0.));
#13549=DIRECTION('',(-1.,0.,0.));
#13550=DIRECTION('',(0.,-1.,0.));
#13551=DIRECTION('',(1.,0.,0.));
#13552=DIRECTION('',(0.,1.,0.));
#13553=DIRECTION('',(-5.07530525542929E-15,1.,0.));
#13554=DIRECTION('',(-1.,0.,0.));
#13555=DIRECTION('',(0.,-1.,0.));
#13556=DIRECTION('',(1.,0.,0.));
#13557=DIRECTION('',(-1.,0.,0.));
#13558=DIRECTION('',(0.,-1.,0.));
#13559=DIRECTION('',(1.,0.,0.));
#13560=DIRECTION('',(0.,1.,0.));
#13561=DIRECTION('',(1.,0.,0.));
#13562=DIRECTION('',(0.,1.,0.));
#13563=DIRECTION('',(-1.,0.,0.));
#13564=DIRECTION('',(0.,-1.,0.));
#13565=DIRECTION('',(1.,0.,0.));
#13566=DIRECTION('',(0.,1.,0.));
#13567=DIRECTION('',(-1.,0.,0.));
#13568=DIRECTION('',(0.,-1.,0.));
#13569=DIRECTION('',(-1.,0.,0.));
#13570=DIRECTION('',(0.,-1.,0.));
#13571=DIRECTION('',(1.,0.,0.));
#13572=DIRECTION('',(0.,1.,0.));
#13573=DIRECTION('',(0.,-1.,0.));
#13574=DIRECTION('',(1.,0.,0.));
#13575=DIRECTION('',(0.,1.,0.));
#13576=DIRECTION('',(-1.,0.,0.));
#13577=DIRECTION('',(0.,-1.,0.));
#13578=DIRECTION('',(1.,0.,0.));
#13579=DIRECTION('',(0.,1.,0.));
#13580=DIRECTION('',(-1.,0.,0.));
#13581=DIRECTION('',(0.342020145001071,-0.939692620176112,0.));
#13582=DIRECTION('',(0.939692620176112,0.342020145001072,0.));
#13583=DIRECTION('',(-0.342020145001076,0.93969262017611,0.));
#13584=DIRECTION('',(-0.939692620176111,-0.342020145001073,0.));
#13585=DIRECTION('center_axis',(0.,0.,-1.));
#13586=DIRECTION('ref_axis',(-1.,0.,0.));
#13587=DIRECTION('center_axis',(0.,0.,-1.));
#13588=DIRECTION('ref_axis',(-1.,0.,0.));
#13589=DIRECTION('center_axis',(0.,0.,-1.));
#13590=DIRECTION('ref_axis',(-1.,0.,0.));
#13591=DIRECTION('center_axis',(0.,0.,-1.));
#13592=DIRECTION('ref_axis',(-1.,0.,0.));
#13593=DIRECTION('center_axis',(-2.70809947880376E-7,-0.999999999999963,
0.));
#13594=DIRECTION('ref_axis',(0.999999999999963,-2.70809947880376E-7,0.));
#13595=DIRECTION('',(0.,0.,1.));
#13596=DIRECTION('',(-0.999999999999963,2.70809947880376E-7,0.));
#13597=DIRECTION('',(0.,0.,-1.));
#13598=DIRECTION('',(0.,0.,-1.));
#13599=DIRECTION('center_axis',(2.70809947880376E-7,0.999999999999963,0.));
#13600=DIRECTION('ref_axis',(-0.999999999999963,2.70809947880376E-7,0.));
#13601=DIRECTION('',(0.999999999999963,-2.70809947880376E-7,0.));
#13602=DIRECTION('center_axis',(2.70809947880376E-7,0.999999999999963,0.));
#13603=DIRECTION('ref_axis',(0.999999999999963,-2.70809947880376E-7,0.));
#13604=DIRECTION('',(0.,0.,1.));
#13605=DIRECTION('center_axis',(0.,0.,1.));
#13606=DIRECTION('ref_axis',(0.707106685440767,-0.707106876932315,0.));
#13607=DIRECTION('center_axis',(0.,0.,1.));
#13608=DIRECTION('ref_axis',(0.707106685440767,-0.707106876932315,0.));
#13609=DIRECTION('',(0.,0.,1.));
#13610=DIRECTION('center_axis',(0.,0.,1.));
#13611=DIRECTION('ref_axis',(0.875783361350603,0.482704364991078,0.));
#13612=DIRECTION('',(0.,0.,1.));
#13613=DIRECTION('',(0.,0.,-1.));
#13614=DIRECTION('center_axis',(0.533992992037119,0.84548890262099,0.));
#13615=DIRECTION('ref_axis',(0.84548890262099,-0.533992992037119,0.));
#13616=DIRECTION('',(0.,0.,-1.));
#13617=DIRECTION('center_axis',(0.,0.,1.));
#13618=DIRECTION('ref_axis',(0.393235047126103,0.919437979263273,0.));
#13619=DIRECTION('',(0.,0.,1.));
#13620=DIRECTION('center_axis',(0.,0.,1.));
#13621=DIRECTION('ref_axis',(0.122183262543893,0.992507556824698,0.));
#13622=DIRECTION('',(0.,0.,1.));
#13623=DIRECTION('',(0.,0.,-1.));
#13624=DIRECTION('center_axis',(0.,1.,0.));
#13625=DIRECTION('ref_axis',(1.,0.,0.));
#13626=DIRECTION('',(0.,0.,-1.));
#13627=DIRECTION('center_axis',(0.,0.,-1.));
#13628=DIRECTION('ref_axis',(-0.133838176876986,0.991003200000002,0.));
#13629=DIRECTION('',(0.,0.,-1.));
#13630=DIRECTION('center_axis',(0.707106781186557,-0.614071926610681,-0.350593309902846));
#13631=DIRECTION('ref_axis',(-0.444210680958881,0.,-0.89592235764158));
#13632=DIRECTION('',(0.,-0.495813813741884,0.868428846885413));
#13633=DIRECTION('',(0.654653670707968,0.381120125540595,0.652821584612906));
#13634=DIRECTION('',(0.,0.495813813741884,-0.868428846885413));
#13635=DIRECTION('',(-0.655690010272516,-0.755030204977806,5.15847334063884E-16));
#13636=DIRECTION('center_axis',(0.707106781186555,-0.00341325053260629,
-0.707098543147128));
#13637=DIRECTION('ref_axis',(-0.707102662130843,0.,-0.707110900218258));
#13638=DIRECTION('',(0.,0.999988349652936,-0.00482706519498906));
#13639=DIRECTION('',(0.,-0.999988349652936,0.00482706519498906));
#13640=DIRECTION('',(0.654653670707968,-0.374800013643308,0.656470502918113));
#13641=DIRECTION('center_axis',(0.707106781186561,0.610658676078072,-0.35650523324428));
#13642=DIRECTION('ref_axis',(-0.450193168571818,0.,-0.892931190501971));
#13643=DIRECTION('',(0.,0.504174535911053,0.863601781690424));
#13644=DIRECTION('',(0.,-0.504174535911053,-0.863601781690424));
#13645=DIRECTION('',(0.654653670707967,-0.755920139183887,0.00364891830522051));
#13646=DIRECTION('center_axis',(0.707106781186556,0.614071926610683,0.350593309902845));
#13647=DIRECTION('ref_axis',(0.444210680958881,0.,-0.89592235764158));
#13648=DIRECTION('',(0.,-0.495813813741883,0.868428846885414));
#13649=DIRECTION('',(0.,0.495813813741883,-0.868428846885414));
#13650=DIRECTION('',(0.65465367070797,-0.381120125540581,-0.652821584612911));
#13651=DIRECTION('center_axis',(0.707106781186556,0.00341325053260627,0.707098543147127));
#13652=DIRECTION('ref_axis',(0.707102662130842,0.,-0.707110900218259));
#13653=DIRECTION('',(0.,-0.999988349652936,0.00482706519498904));
#13654=DIRECTION('',(0.,0.999988349652936,-0.00482706519498904));
#13655=DIRECTION('',(0.654653670707967,0.3748000136433,-0.656470502918118));
#13656=DIRECTION('center_axis',(0.707106781186556,-0.610658676078076,0.356505233244281));
#13657=DIRECTION('ref_axis',(0.450193168571822,0.,-0.892931190501969));
#13658=DIRECTION('',(0.,-0.504174535911052,-0.863601781690424));
#13659=DIRECTION('',(0.,0.504174535911052,0.863601781690424));
#13660=DIRECTION('',(0.653604878899188,0.756835954668631,-5.17081047838323E-16));
#13661=DIRECTION('center_axis',(1.,0.,0.));
#13662=DIRECTION('ref_axis',(0.,1.,0.));
#13663=DIRECTION('',(0.,0.,1.));
#13664=DIRECTION('',(0.,1.,-6.83214169000097E-16));
#13665=DIRECTION('',(0.,-0.49581381374188,0.868428846885416));
#13666=DIRECTION('',(0.,-0.999988349652936,0.00482706519499194));
#13667=DIRECTION('',(0.,-0.504174535911053,-0.863601781690424));
#13668=DIRECTION('',(0.,1.,-6.83214169000097E-16));
#13669=DIRECTION('',(0.,-0.495813813741878,0.868428846885417));
#13670=DIRECTION('',(0.,-0.999988349652936,0.00482706519499387));
#13671=DIRECTION('',(0.,-0.504174535911056,-0.863601781690422));
#13672=DIRECTION('',(0.,0.49581381374188,-0.868428846885415));
#13673=DIRECTION('',(0.,0.999988349652936,-0.00482706519499388));
#13674=DIRECTION('',(0.,0.504174535911054,0.863601781690423));
#13675=DIRECTION('',(0.,-1.,6.83214169000096E-16));
#13676=DIRECTION('',(0.,0.495813813741882,-0.868428846885414));
#13677=DIRECTION('',(0.,0.999988349652936,-0.00482706519499195));
#13678=DIRECTION('',(0.,0.504174535911052,0.863601781690424));
#13679=DIRECTION('',(0.,-1.,6.83214169000096E-16));
#13680=DIRECTION('center_axis',(0.,6.83214169000096E-16,1.));
#13681=DIRECTION('ref_axis',(0.,-1.,6.83214169000096E-16));
#13682=DIRECTION('',(0.653604878899183,-0.756835954668635,5.17081047838326E-16));
#13683=DIRECTION('',(1.,0.,0.));
#13684=DIRECTION('',(0.,-1.,6.83214169000096E-16));
#13685=DIRECTION('',(1.,0.,0.));
#13686=DIRECTION('center_axis',(0.70710678118656,-0.614071926610679,-0.350593309902843));
#13687=DIRECTION('ref_axis',(-0.444210680958876,0.,-0.895922357641582));
#13688=DIRECTION('',(0.,-0.495813813741882,0.868428846885414));
#13689=DIRECTION('',(0.654653670707969,0.381120125540595,0.652821584612905));
#13690=DIRECTION('',(-0.655690010272513,-0.755030204977809,5.15847334063886E-16));
#13691=DIRECTION('center_axis',(0.707106781186555,-0.00341325053260834,
-0.707098543147128));
#13692=DIRECTION('ref_axis',(-0.707102662130843,0.,-0.707110900218258));
#13693=DIRECTION('',(0.,-0.999988349652936,0.00482706519499195));
#13694=DIRECTION('',(0.654653670707966,-0.374800013643307,0.656470502918115));
#13695=DIRECTION('center_axis',(0.70710678118656,0.610658676078072,-0.356505233244279));
#13696=DIRECTION('ref_axis',(-0.450193168571818,0.,-0.892931190501971));
#13697=DIRECTION('',(0.,-0.504174535911052,-0.863601781690424));
#13698=DIRECTION('center_axis',(0.70710678118656,0.614071926610681,0.350593309902841));
#13699=DIRECTION('ref_axis',(0.444210680958874,0.,-0.895922357641583));
#13700=DIRECTION('',(0.,0.49581381374188,-0.868428846885416));
#13701=DIRECTION('',(0.654653670707966,-0.381120125540601,-0.652821584612904));
#13702=DIRECTION('',(-0.655690010272514,0.755030204977808,-5.15847334063886E-16));
#13703=DIRECTION('center_axis',(0.707106781186555,0.00341325053260833,0.707098543147128));
#13704=DIRECTION('ref_axis',(0.707102662130842,0.,-0.707110900218258));
#13705=DIRECTION('',(0.,0.999988349652936,-0.00482706519499194));
#13706=DIRECTION('',(0.654653670707971,0.374800013643288,-0.65647050291812));
#13707=DIRECTION('center_axis',(0.707106781186548,-0.610658676078083,0.356505233244286));
#13708=DIRECTION('ref_axis',(0.450193168571831,0.,-0.892931190501964));
#13709=DIRECTION('',(0.,0.504174535911053,0.863601781690424));
#13710=DIRECTION('',(0.653604878899196,0.756835954668624,-5.17081047838318E-16));
#13711=DIRECTION('center_axis',(0.,-6.83214169000097E-16,-1.));
#13712=DIRECTION('ref_axis',(0.,1.,-6.83214169000097E-16));
#13713=DIRECTION('',(1.,0.,0.));
#13714=DIRECTION('',(0.,1.,-6.83214169000097E-16));
#13715=DIRECTION('',(1.,0.,0.));
#13716=DIRECTION('',(-0.655690010272525,0.755030204977798,-5.15847334063879E-16));
#13717=DIRECTION('center_axis',(0.707106781186549,0.61407192661069,0.350593309902845));
#13718=DIRECTION('ref_axis',(0.444210680958883,0.,-0.895922357641579));
#13719=DIRECTION('',(0.,0.495813813741878,-0.868428846885417));
#13720=DIRECTION('',(0.654653670707972,-0.381120125540582,-0.652821584612909));
#13721=DIRECTION('center_axis',(0.707106781186555,0.0034132505326097,0.707098543147128));
#13722=DIRECTION('ref_axis',(0.707102662130843,0.,-0.707110900218258));
#13723=DIRECTION('',(0.,0.999988349652936,-0.00482706519499387));
#13724=DIRECTION('',(0.654653670707969,0.374800013643287,-0.656470502918124));
#13725=DIRECTION('center_axis',(0.707106781186556,-0.610658676078074,0.356505233244284));
#13726=DIRECTION('ref_axis',(0.450193168571825,0.,-0.892931190501967));
#13727=DIRECTION('',(0.,0.504174535911056,0.863601781690422));
#13728=DIRECTION('',(0.65465367070797,0.755920139183884,-0.00364891830521689));
#13729=DIRECTION('center_axis',(0.707106781186551,-0.614071926610688,-0.350593309902846));
#13730=DIRECTION('ref_axis',(-0.444210680958883,0.,-0.895922357641579));
#13731=DIRECTION('',(0.,-0.49581381374188,0.868428846885415));
#13732=DIRECTION('',(0.654653670707972,0.381120125540582,0.652821584612908));
#13733=DIRECTION('center_axis',(0.707106781186555,-0.0034132505326097,-0.707098543147128));
#13734=DIRECTION('ref_axis',(-0.707102662130843,0.,-0.707110900218258));
#13735=DIRECTION('',(0.,-0.999988349652936,0.00482706519499388));
#13736=DIRECTION('',(0.654653670707967,-0.3748000136433,0.656470502918118));
#13737=DIRECTION('center_axis',(0.707106781186557,0.610658676078074,-0.356505233244282));
#13738=DIRECTION('ref_axis',(-0.450193168571823,0.,-0.892931190501968));
#13739=DIRECTION('',(0.,-0.504174535911054,-0.863601781690423));
#13740=DIRECTION('',(0.653604878899186,-0.756835954668633,5.17081047838324E-16));
#13741=DIRECTION('center_axis',(0.0666647467371843,-0.93266637363525,-0.354526793109546));
#13742=DIRECTION('ref_axis',(0.,-0.35531722063502,0.93474577972848));
#13743=DIRECTION('',(-0.354800637700644,-0.35425273683104,0.86522916382594));
#13744=DIRECTION('',(0.729282823851955,-0.196948898254973,0.6552539159064));
#13745=DIRECTION('',(0.354800637700644,0.35425273683104,-0.86522916382594));
#13746=DIRECTION('',(-0.997455223798219,-0.0712956977498952,-1.86320872432555E-16));
#13747=DIRECTION('center_axis',(0.500409249080056,-0.499591681221587,-0.707105887041907));
#13748=DIRECTION('ref_axis',(-0.816273469539394,0.,-0.577665667082717));
#13749=DIRECTION('',(0.707652071776784,0.706559280095191,0.00159028971884284));
#13750=DIRECTION('',(-0.707652071776784,-0.706559280095191,-0.00159028971884284));
#13751=DIRECTION('',(0.194348139085946,-0.73105751015683,0.654051769875387));
#13752=DIRECTION('center_axis',(0.933357992375456,-0.0673115190045456,-0.352579093932352));
#13753=DIRECTION('ref_axis',(-0.353380558278497,0.,-0.935479652921846));
#13754=DIRECTION('',(0.35285143407614,0.35230654326415,0.866819453544783));
#13755=DIRECTION('',(-0.35285143407614,-0.35230654326415,-0.866819453544783));
#13756=DIRECTION('',(-0.0723824735763412,-0.997376224081911,-0.00120214603098475));
#13757=DIRECTION('center_axis',(0.932562233327986,-0.0681060492011112,0.354526793109541));
#13758=DIRECTION('ref_axis',(0.355351889141205,0.,-0.934732600738723));
#13759=DIRECTION('',(-0.354800637700641,-0.354252736831038,0.865229163825941));
#13760=DIRECTION('',(0.354800637700641,0.354252736831038,-0.865229163825941));
#13761=DIRECTION('',(0.195821598527445,-0.729586326105057,-0.655253915906408));
#13762=DIRECTION('center_axis',(0.498817730985128,-0.501180741614785,0.707105887041894));
#13763=DIRECTION('ref_axis',(0.817139782524148,0.,-0.576439568225836));
#13764=DIRECTION('',(-0.707652071776784,-0.706559280095191,-0.00159028971884284));
#13765=DIRECTION('',(0.707652071776784,0.706559280095191,0.00159028971884284));
#13766=DIRECTION('',(0.730756283293403,-0.195477714203162,-0.654051769875381));
#13767=DIRECTION('center_axis',(0.0658689876897337,-0.933460903831845,0.35257909393236));
#13768=DIRECTION('ref_axis',(0.,0.353346463497606,0.935492531629053));
#13769=DIRECTION('',(-0.352851434076142,-0.352306543264152,-0.866819453544782));
#13770=DIRECTION('',(0.352851434076142,0.352306543264152,0.866819453544782));
#13771=DIRECTION('',(0.997519601050668,0.0703892429261408,3.72348595261005E-16));
#13772=DIRECTION('center_axis',(3.48706260125589E-16,3.48167770498296E-16,
-1.));
#13773=DIRECTION('ref_axis',(0.707652966612095,0.706560173548652,4.92764499801405E-16));
#13774=DIRECTION('',(0.706560173548654,-0.707652966612093,0.));
#13775=DIRECTION('',(0.707652966612095,0.706560173548652,4.92764499801405E-16));
#13776=DIRECTION('',(0.706560173548654,-0.707652966612093,0.));
#13777=DIRECTION('',(0.0719307678638444,0.997409627301901,3.72348595261003E-16));
#13778=DIRECTION('',(0.707652966612095,0.706560173548652,4.92764499801405E-16));
#13779=DIRECTION('center_axis',(0.706560173548652,-0.707652966612095,0.));
#13780=DIRECTION('ref_axis',(0.707652966612095,0.706560173548652,0.));
#13781=DIRECTION('',(0.,0.,1.));
#13782=DIRECTION('',(-0.707652966612095,-0.706560173548652,-6.34413156928658E-16));
#13783=DIRECTION('',(2.51408837432655E-14,2.51020599346196E-14,-1.));
#13784=DIRECTION('',(0.707652966612095,0.706560173548652,0.));
#13785=DIRECTION('',(0.,0.,1.));
#13786=DIRECTION('',(-0.352851434076143,-0.352306543264153,0.866819453544781));
#13787=DIRECTION('',(-0.707652071776784,-0.706559280095191,0.00159028971884091));
#13788=DIRECTION('',(-0.354800637700643,-0.35425273683104,-0.86522916382594));
#13789=DIRECTION('',(0.352851434076142,0.352306543264152,-0.866819453544782));
#13790=DIRECTION('',(0.707652071776784,0.706559280095191,-0.00159028971884091));
#13791=DIRECTION('',(0.354800637700643,0.35425273683104,0.86522916382594));
#13792=DIRECTION('',(-0.707652966612095,-0.706560173548652,-2.46382249900703E-16));
#13793=DIRECTION('center_axis',(0.933357992375453,-0.0673115190045196,0.352579093932365));
#13794=DIRECTION('ref_axis',(0.353380558278509,0.,-0.935479652921842));
#13795=DIRECTION('',(0.352851434076143,0.352306543264153,-0.866819453544781));
#13796=DIRECTION('',(0.194348139086002,-0.731057510156824,-0.654051769875377));
#13797=DIRECTION('center_axis',(0.500409249080051,-0.499591681221584,0.707105887041913));
#13798=DIRECTION('ref_axis',(0.816273469539398,0.,-0.577665667082711));
#13799=DIRECTION('',(0.707652071776784,0.706559280095191,-0.00159028971884091));
#13800=DIRECTION('',(0.729282823851957,-0.196948898254944,-0.655253915906406));
#13801=DIRECTION('center_axis',(0.066664746737198,-0.932666373635252,0.35452679310954));
#13802=DIRECTION('ref_axis',(0.,0.355317220635014,0.934745779728482));
#13803=DIRECTION('',(0.354800637700643,0.35425273683104,0.86522916382594));
#13804=DIRECTION('',(0.997486895955692,0.0708409997218985,-0.0012021460310229));
#13805=DIRECTION('center_axis',(0.0658689876897175,-0.933460903831844,-0.352579093932366));
#13806=DIRECTION('ref_axis',(0.,-0.353346463497611,0.935492531629051));
#13807=DIRECTION('',(-0.352851434076142,-0.352306543264152,0.866819453544782));
#13808=DIRECTION('',(0.730756283293432,-0.195477714203154,0.654051769875351));
#13809=DIRECTION('center_axis',(0.498817730985116,-0.501180741614771,-0.707105887041912));
#13810=DIRECTION('ref_axis',(-0.817139782524161,0.,-0.576439568225818));
#13811=DIRECTION('',(-0.707652071776784,-0.706559280095191,0.00159028971884091));
#13812=DIRECTION('',(0.195821598527411,-0.729586326105083,0.655253915906389));
#13813=DIRECTION('center_axis',(0.932562233327985,-0.0681060492011138,-0.354526793109542));
#13814=DIRECTION('ref_axis',(-0.355351889141205,0.,-0.934732600738723));
#13815=DIRECTION('',(-0.354800637700643,-0.35425273683104,-0.86522916382594));
#13816=DIRECTION('',(-0.0728371221138039,-0.997343849252693,-1.86320872432557E-16));
#13817=DIRECTION('center_axis',(-4.48944352558309E-16,-4.48251070261061E-16,
1.));
#13818=DIRECTION('ref_axis',(-0.707652966612096,-0.706560173548651,-6.34413156928658E-16));
#13819=DIRECTION('',(0.707652966688446,0.706560173472183,6.34413156928658E-16));
#13820=DIRECTION('',(0.706560173548653,-0.707652966612095,0.));
#13821=DIRECTION('',(0.706560173548653,-0.707652966612095,0.));
#13822=DIRECTION('center_axis',(-0.707652966612095,-0.706560173548653,-3.55271367880051E-14));
#13823=DIRECTION('ref_axis',(3.76919137105753E-14,1.25316180629869E-14,
-1.));
#13824=DIRECTION('',(-2.51408837459781E-14,-2.51020599319029E-14,1.));
#13825=DIRECTION('',(0.706560173548653,-0.707652966612095,0.));
#13826=DIRECTION('center_axis',(0.,0.,-1.));
#13827=DIRECTION('ref_axis',(0.707652966612095,0.706560173548652,0.));
#13828=DIRECTION('',(-0.707652966688446,-0.706560173472183,0.));
#13829=DIRECTION('',(0.706560173548653,-0.707652966612095,0.));
#13830=DIRECTION('center_axis',(0.707652966612095,0.706560173548653,0.));
#13831=DIRECTION('ref_axis',(0.,0.,1.));
#13832=DIRECTION('',(0.,0.,-1.));
#13833=DIRECTION('center_axis',(-0.613407357818038,-0.61246010353195,-0.49862213644836));
#13834=DIRECTION('ref_axis',(0.352851434076142,0.352306543264153,-0.866819453544781));
#13835=DIRECTION('',(0.352851434076142,0.352306543264153,-0.866819453544781));
#13836=DIRECTION('',(0.706560173548654,-0.707652966612093,0.));
#13837=DIRECTION('center_axis',(-0.00112537323731048,-0.00112363537973687,
-0.999998735488506));
#13838=DIRECTION('ref_axis',(0.707652071776784,0.706559280095191,-0.00159028971884091));
#13839=DIRECTION('',(0.707652071776784,0.706559280095191,-0.00159028971884091));
#13840=DIRECTION('',(0.706560173548654,-0.707652966612093,0.));
#13841=DIRECTION('center_axis',(0.612281984580727,0.611336468152212,-0.501376599040148));
#13842=DIRECTION('ref_axis',(0.354800637700642,0.354252736831041,0.86522916382594));
#13843=DIRECTION('',(0.354800637700642,0.354252736831041,0.86522916382594));
#13844=DIRECTION('',(0.706560173548654,-0.707652966612093,0.));
#13845=DIRECTION('center_axis',(0.613407357818038,0.61246010353195,0.498622136448359));
#13846=DIRECTION('ref_axis',(-0.352851434076143,-0.352306543264151,0.866819453544782));
#13847=DIRECTION('',(-0.352851434076143,-0.352306543264151,0.866819453544782));
#13848=DIRECTION('',(0.706560173548654,-0.707652966612093,0.));
#13849=DIRECTION('center_axis',(0.00112537323731048,0.00112363537973687,
0.999998735488506));
#13850=DIRECTION('ref_axis',(-0.707652071776784,-0.706559280095191,0.00159028971884091));
#13851=DIRECTION('',(-0.707652071776784,-0.706559280095191,0.00159028971884091));
#13852=DIRECTION('',(0.706560173548654,-0.707652966612093,0.));
#13853=DIRECTION('center_axis',(-0.612281984580727,-0.611336468152213,0.501376599040147));
#13854=DIRECTION('ref_axis',(-0.35480063770064,-0.354252736831042,-0.86522916382594));
#13855=DIRECTION('',(-0.35480063770064,-0.354252736831042,-0.86522916382594));
#13856=DIRECTION('',(0.706560173548654,-0.707652966612093,0.));
#13857=DIRECTION('center_axis',(-1.74353130062794E-16,-1.74083885249148E-16,
1.));
#13858=DIRECTION('ref_axis',(-0.707652966612095,-0.706560173548652,-2.46382249900703E-16));
#13859=DIRECTION('',(-0.707652966612095,-0.706560173548652,-2.46382249900703E-16));
#13860=DIRECTION('',(0.706560173548654,-0.707652966612093,0.));
#13861=DIRECTION('center_axis',(0.612281984580727,0.611336468152212,0.501376599040148));
#13862=DIRECTION('ref_axis',(-0.354800637700642,-0.354252736831042,0.86522916382594));
#13863=DIRECTION('',(-0.354800637700642,-0.354252736831041,0.86522916382594));
#13864=DIRECTION('',(0.706560173548654,-0.707652966612093,0.));
#13865=DIRECTION('center_axis',(-0.00112537323731185,-0.00112363537973824,
0.999998735488506));
#13866=DIRECTION('ref_axis',(-0.707652071776787,-0.706559280095189,-0.00159028971884284));
#13867=DIRECTION('',(-0.707652071776787,-0.706559280095189,-0.00159028971884284));
#13868=DIRECTION('',(0.706560173548654,-0.707652966612093,0.));
#13869=DIRECTION('center_axis',(-0.61340735781804,-0.612460103531951,0.498622136448356));
#13870=DIRECTION('ref_axis',(-0.35285143407614,-0.35230654326415,-0.866819453544783));
#13871=DIRECTION('',(-0.35285143407614,-0.35230654326415,-0.866819453544783));
#13872=DIRECTION('',(0.706560173548654,-0.707652966612093,0.));
#13873=DIRECTION('center_axis',(-0.612281984580728,-0.611336468152214,-0.501376599040145));
#13874=DIRECTION('ref_axis',(0.354800637700643,0.354252736831037,-0.865229163825941));
#13875=DIRECTION('',(0.354800637700643,0.354252736831037,-0.865229163825941));
#13876=DIRECTION('',(0.706560173548654,-0.707652966612093,0.));
#13877=DIRECTION('center_axis',(0.00112537323731185,0.00112363537973824,
-0.999998735488506));
#13878=DIRECTION('ref_axis',(0.707652071776784,0.706559280095191,0.00159028971884284));
#13879=DIRECTION('',(0.707652071776784,0.706559280095191,0.00159028971884284));
#13880=DIRECTION('',(0.706560173548654,-0.707652966612093,0.));
#13881=DIRECTION('center_axis',(0.613407357818038,0.61246010353195,-0.498622136448359));
#13882=DIRECTION('ref_axis',(0.352851434076142,0.352306543264152,0.866819453544782));
#13883=DIRECTION('',(0.352851434076142,0.352306543264152,0.866819453544782));
#13884=DIRECTION('center_axis',(-0.706560173548654,0.707652966612093,0.));
#13885=DIRECTION('ref_axis',(0.,0.,1.));
#13886=DIRECTION('center_axis',(0.,-6.83214169000097E-16,-1.));
#13887=DIRECTION('ref_axis',(0.,1.,-6.83214169000097E-16));
#13888=DIRECTION('',(1.,0.,0.));
#13889=DIRECTION('',(0.,1.,-6.83214169000097E-16));
#13890=DIRECTION('',(1.,0.,0.));
#13891=DIRECTION('center_axis',(0.,-0.868428846885416,-0.49581381374188));
#13892=DIRECTION('ref_axis',(0.,0.49581381374188,-0.868428846885416));
#13893=DIRECTION('',(0.,0.49581381374188,-0.868428846885416));
#13894=DIRECTION('',(1.,0.,0.));
#13895=DIRECTION('center_axis',(0.,-0.00482706519499194,-0.999988349652936));
#13896=DIRECTION('ref_axis',(0.,0.999988349652936,-0.00482706519499194));
#13897=DIRECTION('',(0.,0.999988349652936,-0.00482706519499194));
#13898=DIRECTION('',(1.,0.,0.));
#13899=DIRECTION('center_axis',(0.,0.863601781690424,-0.504174535911053));
#13900=DIRECTION('ref_axis',(0.,0.504174535911053,0.863601781690424));
#13901=DIRECTION('',(0.,0.504174535911053,0.863601781690424));
#13902=DIRECTION('center_axis',(0.,-0.868428846885417,-0.495813813741878));
#13903=DIRECTION('ref_axis',(0.,0.495813813741878,-0.868428846885417));
#13904=DIRECTION('',(0.,0.495813813741878,-0.868428846885417));
#13905=DIRECTION('',(1.,0.,0.));
#13906=DIRECTION('center_axis',(0.,-0.00482706519499387,-0.999988349652936));
#13907=DIRECTION('ref_axis',(0.,0.999988349652936,-0.00482706519499387));
#13908=DIRECTION('',(0.,0.999988349652936,-0.00482706519499387));
#13909=DIRECTION('',(1.,0.,0.));
#13910=DIRECTION('center_axis',(0.,0.863601781690422,-0.504174535911056));
#13911=DIRECTION('ref_axis',(0.,0.504174535911056,0.863601781690422));
#13912=DIRECTION('',(0.,0.504174535911056,0.863601781690422));
#13913=DIRECTION('',(1.,0.,0.));
#13914=DIRECTION('center_axis',(0.,0.868428846885415,0.495813813741881));
#13915=DIRECTION('ref_axis',(0.,-0.49581381374188,0.868428846885415));
#13916=DIRECTION('',(0.,-0.49581381374188,0.868428846885415));
#13917=DIRECTION('',(1.,0.,0.));
#13918=DIRECTION('center_axis',(0.,0.00482706519499388,0.999988349652936));
#13919=DIRECTION('ref_axis',(0.,-0.999988349652936,0.00482706519499388));
#13920=DIRECTION('',(0.,-0.999988349652936,0.00482706519499388));
#13921=DIRECTION('',(1.,0.,0.));
#13922=DIRECTION('center_axis',(0.,-0.863601781690423,0.504174535911055));
#13923=DIRECTION('ref_axis',(0.,-0.504174535911054,-0.863601781690423));
#13924=DIRECTION('',(0.,-0.504174535911054,-0.863601781690423));
#13925=DIRECTION('',(1.,0.,0.));
#13926=DIRECTION('center_axis',(0.,6.83214169000096E-16,1.));
#13927=DIRECTION('ref_axis',(0.,-1.,6.83214169000096E-16));
#13928=DIRECTION('',(0.,-1.,6.83214169000096E-16));
#13929=DIRECTION('',(1.,0.,0.));
#13930=DIRECTION('center_axis',(0.,0.868428846885414,0.495813813741882));
#13931=DIRECTION('ref_axis',(0.,-0.495813813741882,0.868428846885414));
#13932=DIRECTION('',(0.,-0.495813813741882,0.868428846885414));
#13933=DIRECTION('',(1.,0.,0.));
#13934=DIRECTION('center_axis',(0.,0.00482706519499195,0.999988349652936));
#13935=DIRECTION('ref_axis',(0.,-0.999988349652936,0.00482706519499195));
#13936=DIRECTION('',(0.,-0.999988349652936,0.00482706519499195));
#13937=DIRECTION('',(1.,0.,0.));
#13938=DIRECTION('center_axis',(0.,-0.863601781690424,0.504174535911052));
#13939=DIRECTION('ref_axis',(0.,-0.504174535911052,-0.863601781690424));
#13940=DIRECTION('',(0.,-0.504174535911052,-0.863601781690424));
#13941=DIRECTION('center_axis',(0.,0.868428846885413,0.495813813741885));
#13942=DIRECTION('ref_axis',(0.,-0.495813813741884,0.868428846885413));
#13943=DIRECTION('',(0.,-0.495813813741884,0.868428846885413));
#13944=DIRECTION('',(1.,0.,0.));
#13945=DIRECTION('center_axis',(0.,0.00482706519498906,0.999988349652936));
#13946=DIRECTION('ref_axis',(0.,-0.999988349652936,0.00482706519498906));
#13947=DIRECTION('',(0.,-0.999988349652936,0.00482706519498906));
#13948=DIRECTION('',(1.,0.,0.));
#13949=DIRECTION('center_axis',(0.,-0.863601781690424,0.504174535911053));
#13950=DIRECTION('ref_axis',(0.,-0.504174535911053,-0.863601781690424));
#13951=DIRECTION('',(0.,-0.504174535911053,-0.863601781690424));
#13952=DIRECTION('',(1.,0.,0.));
#13953=DIRECTION('center_axis',(0.,-0.868428846885414,-0.495813813741883));
#13954=DIRECTION('ref_axis',(0.,0.495813813741883,-0.868428846885414));
#13955=DIRECTION('',(0.,0.495813813741883,-0.868428846885414));
#13956=DIRECTION('',(1.,0.,0.));
#13957=DIRECTION('center_axis',(0.,-0.00482706519498904,-0.999988349652936));
#13958=DIRECTION('ref_axis',(0.,0.999988349652936,-0.00482706519498904));
#13959=DIRECTION('',(0.,0.999988349652936,-0.00482706519498904));
#13960=DIRECTION('',(1.,0.,0.));
#13961=DIRECTION('center_axis',(0.,0.863601781690424,-0.504174535911052));
#13962=DIRECTION('ref_axis',(0.,0.504174535911052,0.863601781690424));
#13963=DIRECTION('',(0.,0.504174535911052,0.863601781690424));
#13964=DIRECTION('center_axis',(-1.,0.,0.));
#13965=DIRECTION('ref_axis',(0.,0.,1.));
#13966=DIRECTION('center_axis',(0.,-0.707106781186555,-0.70710678118654));
#13967=DIRECTION('ref_axis',(-1.,0.,0.));
#13968=DIRECTION('',(-0.57735026918963,0.577350269189617,-0.57735026918963));
#13969=DIRECTION('',(1.,0.,0.));
#13970=DIRECTION('',(0.57735026918963,0.577350269189617,-0.57735026918963));
#13971=DIRECTION('center_axis',(0.,0.707106781186555,-0.70710678118654));
#13972=DIRECTION('ref_axis',(-1.,0.,0.));
#13973=DIRECTION('',(-0.57735026918963,0.577350269189617,0.57735026918963));
#13974=DIRECTION('',(-1.,0.,0.));
#13975=DIRECTION('',(-0.57735026918963,-0.577350269189617,-0.57735026918963));
#13976=DIRECTION('center_axis',(0.707106781186548,0.,-0.707106781186548));
#13977=DIRECTION('ref_axis',(-0.707106781186548,0.,-0.707106781186548));
#13978=DIRECTION('',(0.,1.,0.));
#13979=DIRECTION('center_axis',(-0.707106781186548,0.,-0.707106781186548));
#13980=DIRECTION('ref_axis',(-0.707106781186548,0.,0.707106781186548));
#13981=DIRECTION('',(0.,-1.,0.));
#13982=DIRECTION('center_axis',(1.,0.,0.));
#13983=DIRECTION('ref_axis',(0.,-1.,0.));
#13984=DIRECTION('',(0.,0.,-1.));
#13985=DIRECTION('',(0.,1.,0.));
#13986=DIRECTION('',(0.,0.,-1.));
#13987=DIRECTION('center_axis',(0.,-1.,0.));
#13988=DIRECTION('ref_axis',(-1.,0.,0.));
#13989=DIRECTION('',(1.,0.,0.));
#13990=DIRECTION('',(0.,0.,-1.));
#13991=DIRECTION('center_axis',(-1.,0.,0.));
#13992=DIRECTION('ref_axis',(0.,1.,0.));
#13993=DIRECTION('',(0.,-1.,0.));
#13994=DIRECTION('',(0.,0.,-1.));
#13995=DIRECTION('center_axis',(0.,1.,0.));
#13996=DIRECTION('ref_axis',(1.,0.,0.));
#13997=DIRECTION('',(-1.,0.,0.));
#13998=DIRECTION('center_axis',(1.91599148812594E-7,0.707106781186516,0.707106781186553));
#13999=DIRECTION('ref_axis',(0.999999999999963,0.,-2.70962114789899E-7));
#14000=DIRECTION('',(-1.91599148938299E-7,-0.707106781186527,0.707106781186542));
#14001=DIRECTION('',(-0.999999999999963,2.70962114789914E-7,0.));
#14002=DIRECTION('',(1.91599148938299E-7,0.707106781186527,-0.707106781186542));
#14003=DIRECTION('center_axis',(-2.70962117333874E-7,-0.999999999999963,
0.));
#14004=DIRECTION('ref_axis',(-0.999999999999963,2.70962114789914E-7,0.));
#14005=DIRECTION('',(-1.91599150611433E-7,-0.707106781186469,-0.7071067811866));
#14006=DIRECTION('center_axis',(-2.70962114789914E-7,-0.999999999999963,
0.));
#14007=DIRECTION('ref_axis',(-0.999999999999963,2.70962114789914E-7,0.));
#14008=DIRECTION('center_axis',(1.91599148812594E-7,0.707106781186516,-0.707106781186553));
#14009=DIRECTION('ref_axis',(-0.999999999999963,0.,-2.709621147899E-7));
#14010=DIRECTION('',(-1.91599148938299E-7,-0.707106781186527,-0.707106781186542));
#14011=DIRECTION('',(0.999999999999963,-2.70962114789914E-7,0.));
#14012=DIRECTION('center_axis',(-2.70962112601476E-7,-0.999999999999963,
0.));
#14013=DIRECTION('ref_axis',(0.999999999999963,-2.70962114789914E-7,0.));
#14014=DIRECTION('center_axis',(-2.70962114789914E-7,-0.999999999999963,
0.));
#14015=DIRECTION('ref_axis',(0.999999999999963,-2.70962114789914E-7,0.));
#14016=DIRECTION('center_axis',(0.,-1.,0.));
#14017=DIRECTION('ref_axis',(0.,0.,-1.));
#14018=DIRECTION('',(0.,1.,0.));
#14019=DIRECTION('',(0.,1.,0.));
#14020=DIRECTION('',(0.,1.,0.));
#14021=DIRECTION('center_axis',(0.,0.,-1.));
#14022=DIRECTION('ref_axis',(-1.,0.,0.));
#14023=DIRECTION('',(0.,1.,0.));
#14024=DIRECTION('center_axis',(-1.,0.,0.));
#14025=DIRECTION('ref_axis',(0.,1.,0.));
#14026=DIRECTION('',(0.,0.,-1.));
#14027=DIRECTION('',(0.,1.,0.));
#14028=DIRECTION('center_axis',(2.70886029163354E-7,0.999999999999963,0.));
#14029=DIRECTION('ref_axis',(0.999999999999963,-2.70886029163354E-7,0.));
#14030=DIRECTION('',(0.,0.,-1.));
#14031=DIRECTION('',(0.999999999999963,-2.70886029163354E-7,0.));
#14032=DIRECTION('center_axis',(1.,0.,0.));
#14033=DIRECTION('ref_axis',(0.,-1.,0.));
#14034=DIRECTION('center_axis',(0.,0.,1.));
#14035=DIRECTION('ref_axis',(1.,0.,0.));
#14036=DIRECTION('',(0.,1.,0.));
#14037=DIRECTION('center_axis',(0.,-1.,0.));
#14038=DIRECTION('ref_axis',(0.,0.,1.));
#14039=DIRECTION('center_axis',(-0.707106781186547,0.,-0.707106781186548));
#14040=DIRECTION('ref_axis',(-0.707106781186548,0.,0.707106781186547));
#14041=DIRECTION('',(-0.577350269189627,-0.577350269189624,0.577350269189626));
#14042=DIRECTION('',(0.,1.,0.));
#14043=DIRECTION('center_axis',(-0.707106781186546,0.707106781186549,0.));
#14044=DIRECTION('ref_axis',(0.,0.,1.));
#14045=DIRECTION('',(0.,0.,1.));
#14046=DIRECTION('center_axis',(0.,1.,0.));
#14047=DIRECTION('ref_axis',(0.,0.,-1.));
#14048=DIRECTION('',(-1.,0.,0.));
#14049=DIRECTION('',(0.,0.,1.));
#14050=DIRECTION('',(0.,0.,1.));
#14051=DIRECTION('',(-1.,0.,0.));
#14052=DIRECTION('center_axis',(0.,0.,-1.));
#14053=DIRECTION('ref_axis',(0.,-1.,0.));
#14054=DIRECTION('',(0.,1.,0.));
#14055=DIRECTION('',(-1.,0.,0.));
#14056=DIRECTION('center_axis',(1.,0.,0.));
#14057=DIRECTION('ref_axis',(0.,0.,-1.));
#14058=DIRECTION('',(0.,-1.,0.));
#14059=DIRECTION('',(0.,0.,-1.));
#14060=DIRECTION('center_axis',(0.,-1.,0.));
#14061=DIRECTION('ref_axis',(0.,0.,1.));
#14062=DIRECTION('',(0.,0.,-1.));
#14063=DIRECTION('',(-1.,0.,0.));
#14064=DIRECTION('center_axis',(0.,0.,1.));
#14065=DIRECTION('ref_axis',(0.,1.,0.));
#14066=DIRECTION('',(0.,-1.,0.));
#14067=DIRECTION('center_axis',(0.,0.,1.));
#14068=DIRECTION('ref_axis',(-1.,0.,0.));
#14069=DIRECTION('center_axis',(0.,0.,1.));
#14070=DIRECTION('ref_axis',(-1.,0.,0.));
#14071=DIRECTION('',(-0.707106781186547,-8.65956056235493E-17,-0.707106781186548));
#14072=DIRECTION('center_axis',(0.,0.,1.));
#14073=DIRECTION('ref_axis',(-1.,0.,0.));
#14074=DIRECTION('center_axis',(0.,0.,1.));
#14075=DIRECTION('ref_axis',(-1.,0.,0.));
#14076=DIRECTION('center_axis',(0.,0.,-1.));
#14077=DIRECTION('ref_axis',(0.,-1.,0.));
#14078=DIRECTION('center_axis',(0.,0.,1.));
#14079=DIRECTION('ref_axis',(-1.,0.,0.));
#14080=DIRECTION('',(0.,0.,-1.));
#14081=DIRECTION('center_axis',(0.,0.,1.));
#14082=DIRECTION('ref_axis',(-1.,0.,0.));
#14083=DIRECTION('center_axis',(0.,0.,1.));
#14084=DIRECTION('ref_axis',(-1.,0.,0.));
#14085=DIRECTION('',(-0.707106781186547,-8.65956056235493E-17,-0.707106781186548));
#14086=DIRECTION('center_axis',(0.,0.,1.));
#14087=DIRECTION('ref_axis',(-1.,0.,0.));
#14088=DIRECTION('center_axis',(0.,0.,1.));
#14089=DIRECTION('ref_axis',(-1.,0.,0.));
#14090=DIRECTION('',(0.,0.,-1.));
#14091=DIRECTION('center_axis',(0.,0.,1.));
#14092=DIRECTION('ref_axis',(-1.,0.,0.));
#14093=DIRECTION('center_axis',(0.,0.,1.));
#14094=DIRECTION('ref_axis',(-1.,0.,0.));
#14095=DIRECTION('',(-0.707106781186547,-8.65956056235493E-17,-0.707106781186548));
#14096=DIRECTION('center_axis',(0.,0.,1.));
#14097=DIRECTION('ref_axis',(-1.,0.,0.));
#14098=DIRECTION('center_axis',(0.,0.,1.));
#14099=DIRECTION('ref_axis',(-1.,0.,0.));
#14100=DIRECTION('',(0.,0.,-1.));
#14101=DIRECTION('center_axis',(0.,0.,1.));
#14102=DIRECTION('ref_axis',(-1.,0.,0.));
#14103=DIRECTION('center_axis',(0.,0.,1.));
#14104=DIRECTION('ref_axis',(-1.,0.,0.));
#14105=DIRECTION('',(-0.707106781186547,-8.65956056235493E-17,-0.707106781186548));
#14106=DIRECTION('center_axis',(0.,0.,1.));
#14107=DIRECTION('ref_axis',(-1.,0.,0.));
#14108=DIRECTION('center_axis',(0.,0.,1.));
#14109=DIRECTION('ref_axis',(-1.,0.,0.));
#14110=DIRECTION('',(0.,0.,-1.));
#14111=DIRECTION('center_axis',(0.242535627234348,0.970142499595828,0.));
#14112=DIRECTION('ref_axis',(0.970142499595828,-0.242535627234348,0.));
#14113=DIRECTION('center_axis',(1.,0.,0.));
#14114=DIRECTION('ref_axis',(0.,-1.,0.));
#14115=DIRECTION('center_axis',(-0.188847394091382,0.98200644689579,0.));
#14116=DIRECTION('ref_axis',(0.98200644689579,0.188847394091382,0.));
#14117=DIRECTION('',(0.,0.,-1.));
#14118=DIRECTION('center_axis',(-1.,0.,0.));
#14119=DIRECTION('ref_axis',(0.,1.,0.));
#14120=DIRECTION('',(0.,0.,-1.));
#14121=DIRECTION('center_axis',(-0.706560172723833,0.70765296743564,0.));
#14122=DIRECTION('ref_axis',(0.70765296743564,0.706560172723833,0.));
#14123=DIRECTION('',(0.,0.,-1.));
#14124=DIRECTION('center_axis',(-0.939692620086805,-0.34202014524644,0.));
#14125=DIRECTION('ref_axis',(-0.34202014524644,0.939692620086805,0.));
#14126=DIRECTION('center_axis',(-0.188847391637385,0.982006447367713,0.));
#14127=DIRECTION('ref_axis',(0.982006447367713,0.188847391637385,0.));
#14128=DIRECTION('',(0.,0.,-1.));
#14129=DIRECTION('center_axis',(-1.,0.,0.));
#14130=DIRECTION('ref_axis',(0.,1.,0.));
#14131=DIRECTION('',(0.,0.,-1.));
#14132=DIRECTION('center_axis',(-0.939692620533346,-0.342020144019579,0.));
#14133=DIRECTION('ref_axis',(-0.342020144019579,0.939692620533346,0.));
#14134=DIRECTION('',(0.,0.,-1.));
#14135=DIRECTION('center_axis',(0.242535622784623,0.970142500708259,0.));
#14136=DIRECTION('ref_axis',(0.970142500708259,-0.242535622784623,0.));
#14137=DIRECTION('center_axis',(0.,0.,-1.));
#14138=DIRECTION('ref_axis',(-1.,0.,0.));
#14139=DIRECTION('',(-0.984807750660908,-0.173648191001814,0.));
#14140=DIRECTION('',(-0.965926041052801,-0.258818243592028,0.));
#14141=DIRECTION('',(-0.939692622109206,-0.342020139689938,0.));
#14142=DIRECTION('',(0.707652966688446,0.706560173472183,0.));
#14143=DIRECTION('',(0.,-1.,0.));
#14144=DIRECTION('center_axis',(-0.706560173472183,0.707652966688446,0.));
#14145=DIRECTION('ref_axis',(-0.707652966688446,-0.706560173472183,0.));
#14146=DIRECTION('',(0.,0.,1.));
#14147=DIRECTION('',(0.,0.,1.));
#14148=DIRECTION('center_axis',(1.,0.,0.));
#14149=DIRECTION('ref_axis',(0.,1.,0.));
#14150=DIRECTION('',(0.,0.,1.));
#14151=DIRECTION('center_axis',(0.173648191001814,-0.984807750660908,0.));
#14152=DIRECTION('ref_axis',(0.984807750660908,0.173648191001814,0.));
#14153=DIRECTION('',(0.,0.,1.));
#14154=DIRECTION('center_axis',(0.,0.,-1.));
#14155=DIRECTION('ref_axis',(-1.,0.,0.));
#14156=DIRECTION('',(0.,1.,0.));
#14157=DIRECTION('',(1.,0.,0.));
#14158=DIRECTION('',(0.,-1.,0.));
#14159=DIRECTION('',(1.,0.,0.));
#14160=DIRECTION('center_axis',(0.,0.,1.));
#14161=DIRECTION('ref_axis',(0.,-1.,0.));
#14162=DIRECTION('',(1.,0.,0.));
#14163=DIRECTION('',(0.,1.,0.));
#14164=DIRECTION('',(1.,0.,0.));
#14165=DIRECTION('',(0.,-1.,0.));
#14166=DIRECTION('',(0.,-1.,0.));
#14167=DIRECTION('center_axis',(0.,0.,-1.));
#14168=DIRECTION('ref_axis',(0.,-1.,0.));
#14169=DIRECTION('',(0.,0.,1.));
#14170=DIRECTION('',(0.,0.,1.));
#14171=DIRECTION('center_axis',(0.,1.,0.));
#14172=DIRECTION('ref_axis',(-1.,0.,0.));
#14173=DIRECTION('',(0.,0.,1.));
#14174=DIRECTION('center_axis',(-1.,0.,0.));
#14175=DIRECTION('ref_axis',(0.,-1.,0.));
#14176=DIRECTION('',(0.,0.,1.));
#14177=DIRECTION('center_axis',(0.,1.,0.));
#14178=DIRECTION('ref_axis',(-1.,0.,0.));
#14179=DIRECTION('',(0.,0.,1.));
#14180=DIRECTION('center_axis',(1.,0.,0.));
#14181=DIRECTION('ref_axis',(0.,1.,0.));
#14182=DIRECTION('center_axis',(-1.,0.,0.));
#14183=DIRECTION('ref_axis',(0.,-1.,0.));
#14184=DIRECTION('',(0.,1.,0.));
#14185=DIRECTION('',(0.,0.,1.));
#14186=DIRECTION('center_axis',(0.,-1.,0.));
#14187=DIRECTION('ref_axis',(1.,0.,0.));
#14188=DIRECTION('',(-1.,0.,0.));
#14189=DIRECTION('',(0.,0.,1.));
#14190=DIRECTION('center_axis',(0.,0.,-1.));
#14191=DIRECTION('ref_axis',(0.,-1.,0.));
#14192=DIRECTION('',(0.,0.,1.));
#14193=DIRECTION('center_axis',(0.,-1.,0.));
#14194=DIRECTION('ref_axis',(1.,0.,0.));
#14195=DIRECTION('',(-1.,0.,0.));
#14196=DIRECTION('',(0.,0.,1.));
#14197=DIRECTION('center_axis',(1.,0.,0.));
#14198=DIRECTION('ref_axis',(0.,1.,0.));
#14199=DIRECTION('',(-5.0753052554293E-15,-1.,0.));
#14200=DIRECTION('',(0.,0.,1.));
#14201=DIRECTION('center_axis',(0.,-1.,0.));
#14202=DIRECTION('ref_axis',(1.,0.,0.));
#14203=DIRECTION('',(-1.,0.,0.));
#14204=DIRECTION('',(0.,0.,1.));
#14205=DIRECTION('center_axis',(1.,0.,0.));
#14206=DIRECTION('ref_axis',(0.,1.,0.));
#14207=DIRECTION('',(0.,-1.,0.));
#14208=DIRECTION('',(0.,0.,1.));
#14209=DIRECTION('center_axis',(0.,1.,0.));
#14210=DIRECTION('ref_axis',(-1.,0.,0.));
#14211=DIRECTION('',(1.,0.,0.));
#14212=DIRECTION('',(0.,0.,1.));
#14213=DIRECTION('center_axis',(1.,5.9211894646675E-15,0.));
#14214=DIRECTION('ref_axis',(-5.9211894646675E-15,1.,0.));
#14215=DIRECTION('',(5.9211894646675E-15,-1.,0.));
#14216=DIRECTION('',(0.,0.,1.));
#14217=DIRECTION('center_axis',(0.,1.,0.));
#14218=DIRECTION('ref_axis',(-1.,0.,0.));
#14219=DIRECTION('',(1.,0.,0.));
#14220=DIRECTION('',(0.,0.,1.));
#14221=DIRECTION('center_axis',(1.,0.,0.));
#14222=DIRECTION('ref_axis',(0.,1.,0.));
#14223=DIRECTION('',(0.,-1.,0.));
#14224=DIRECTION('',(0.,0.,1.));
#14225=DIRECTION('center_axis',(0.,1.,0.));
#14226=DIRECTION('ref_axis',(-1.,0.,0.));
#14227=DIRECTION('',(1.,0.,0.));
#14228=DIRECTION('',(0.,0.,1.));
#14229=DIRECTION('center_axis',(-1.,0.,0.));
#14230=DIRECTION('ref_axis',(0.,-1.,0.));
#14231=DIRECTION('',(0.,1.,0.));
#14232=DIRECTION('',(0.,0.,1.));
#14233=DIRECTION('center_axis',(0.,1.,0.));
#14234=DIRECTION('ref_axis',(-1.,0.,0.));
#14235=DIRECTION('',(1.,0.,0.));
#14236=DIRECTION('',(0.,0.,1.));
#14237=DIRECTION('center_axis',(-1.,0.,0.));
#14238=DIRECTION('ref_axis',(0.,-1.,0.));
#14239=DIRECTION('',(0.,1.,0.));
#14240=DIRECTION('',(0.,0.,1.));
#14241=DIRECTION('center_axis',(0.,1.,0.));
#14242=DIRECTION('ref_axis',(-1.,0.,0.));
#14243=DIRECTION('',(1.,0.,0.));
#14244=DIRECTION('',(0.,0.,1.));
#14245=DIRECTION('center_axis',(-1.,0.,0.));
#14246=DIRECTION('ref_axis',(0.,-1.,0.));
#14247=DIRECTION('',(0.,1.,0.));
#14248=DIRECTION('',(0.,0.,1.));
#14249=DIRECTION('center_axis',(-0.17364819100182,0.984807750660907,0.));
#14250=DIRECTION('ref_axis',(-0.984807750660907,-0.17364819100182,0.));
#14251=DIRECTION('',(0.984807750660907,0.17364819100182,0.));
#14252=DIRECTION('',(0.,0.,1.));
#14253=DIRECTION('center_axis',(-1.,0.,0.));
#14254=DIRECTION('ref_axis',(0.,-1.,0.));
#14255=DIRECTION('',(0.,0.,1.));
#14256=DIRECTION('center_axis',(0.,1.,0.));
#14257=DIRECTION('ref_axis',(-1.,0.,0.));
#14258=DIRECTION('',(0.,0.,1.));
#14259=DIRECTION('center_axis',(1.,0.,0.));
#14260=DIRECTION('ref_axis',(0.,1.,0.));
#14261=DIRECTION('',(0.,0.,1.));
#14262=DIRECTION('center_axis',(0.,1.,0.));
#14263=DIRECTION('ref_axis',(-1.,0.,0.));
#14264=DIRECTION('center_axis',(0.258818243592028,-0.965926041052801,0.));
#14265=DIRECTION('ref_axis',(0.965926041052801,0.258818243592028,0.));
#14266=DIRECTION('',(0.,0.,1.));
#14267=DIRECTION('center_axis',(0.342020139689938,-0.939692622109206,0.));
#14268=DIRECTION('ref_axis',(0.939692622109206,0.342020139689938,0.));
#14269=DIRECTION('center_axis',(0.,-1.,0.));
#14270=DIRECTION('ref_axis',(1.,0.,0.));
#14271=DIRECTION('center_axis',(0.93969262049958,0.34202014411235,0.));
#14272=DIRECTION('ref_axis',(-0.34202014411235,0.93969262049958,0.));
#14273=DIRECTION('center_axis',(-0.939692621268976,-0.342020141998453,0.));
#14274=DIRECTION('ref_axis',(0.342020141998453,-0.939692621268976,0.));
#14275=DIRECTION('',(-0.342020141998453,0.939692621268975,0.));
#14276=DIRECTION('',(0.,0.,1.));
#14277=DIRECTION('center_axis',(-0.342020139689936,0.939692622109207,0.));
#14278=DIRECTION('ref_axis',(-0.939692622109207,-0.342020139689936,0.));
#14279=DIRECTION('',(0.939692622109207,0.342020139689936,0.));
#14280=DIRECTION('',(0.,0.,1.));
#14281=DIRECTION('center_axis',(-0.258818243592054,0.965926041052794,0.));
#14282=DIRECTION('ref_axis',(-0.965926041052794,-0.258818243592054,0.));
#14283=DIRECTION('',(0.965926041052794,0.258818243592054,0.));
#14284=DIRECTION('center_axis',(-1.,0.,0.));
#14285=DIRECTION('ref_axis',(0.,-1.,0.));
#14286=DIRECTION('',(0.,0.,1.));
#14287=DIRECTION('',(0.,-1.,0.));
#14288=DIRECTION('',(0.,0.,1.));
#14289=DIRECTION('center_axis',(0.,1.,0.));
#14290=DIRECTION('ref_axis',(-1.,0.,0.));
#14291=DIRECTION('',(0.,0.,1.));
#14292=DIRECTION('',(-1.,0.,0.));
#14293=DIRECTION('center_axis',(1.,0.,0.));
#14294=DIRECTION('ref_axis',(0.,1.,0.));
#14295=DIRECTION('',(0.,0.,1.));
#14296=DIRECTION('',(0.,1.,0.));
#14297=DIRECTION('center_axis',(0.,-1.,0.));
#14298=DIRECTION('ref_axis',(1.,0.,0.));
#14299=DIRECTION('',(1.,0.,0.));
#14300=DIRECTION('center_axis',(0.,-1.,0.));
#14301=DIRECTION('ref_axis',(1.,0.,0.));
#14302=DIRECTION('',(0.,0.,1.));
#14303=DIRECTION('',(1.,0.,0.));
#14304=DIRECTION('',(0.,0.,1.));
#14305=DIRECTION('center_axis',(-1.,0.,0.));
#14306=DIRECTION('ref_axis',(0.,-1.,0.));
#14307=DIRECTION('',(0.,0.,1.));
#14308=DIRECTION('',(0.,-1.,0.));
#14309=DIRECTION('center_axis',(0.,1.,0.));
#14310=DIRECTION('ref_axis',(-1.,0.,0.));
#14311=DIRECTION('',(0.,0.,1.));
#14312=DIRECTION('',(-1.,0.,0.));
#14313=DIRECTION('center_axis',(1.,0.,0.));
#14314=DIRECTION('ref_axis',(0.,1.,0.));
#14315=DIRECTION('',(0.,1.,0.));
#14316=DIRECTION('center_axis',(0.,1.,0.));
#14317=DIRECTION('ref_axis',(-1.,0.,0.));
#14318=DIRECTION('',(0.,0.,1.));
#14319=DIRECTION('',(-1.,0.,0.));
#14320=DIRECTION('',(0.,0.,1.));
#14321=DIRECTION('center_axis',(1.,0.,0.));
#14322=DIRECTION('ref_axis',(0.,1.,0.));
#14323=DIRECTION('',(0.,0.,1.));
#14324=DIRECTION('',(0.,1.,0.));
#14325=DIRECTION('center_axis',(0.,-1.,0.));
#14326=DIRECTION('ref_axis',(1.,0.,0.));
#14327=DIRECTION('',(0.,0.,1.));
#14328=DIRECTION('',(1.,0.,0.));
#14329=DIRECTION('center_axis',(-1.,0.,0.));
#14330=DIRECTION('ref_axis',(0.,-1.,0.));
#14331=DIRECTION('',(0.,-1.,0.));
#14332=DIRECTION('center_axis',(1.,0.,0.));
#14333=DIRECTION('ref_axis',(0.,1.,0.));
#14334=DIRECTION('',(0.,0.,1.));
#14335=DIRECTION('',(0.,1.,0.));
#14336=DIRECTION('',(0.,0.,1.));
#14337=DIRECTION('center_axis',(0.,-1.,0.));
#14338=DIRECTION('ref_axis',(1.,0.,0.));
#14339=DIRECTION('',(0.,0.,1.));
#14340=DIRECTION('',(1.,0.,0.));
#14341=DIRECTION('center_axis',(-1.,0.,0.));
#14342=DIRECTION('ref_axis',(0.,-1.,0.));
#14343=DIRECTION('',(0.,0.,1.));
#14344=DIRECTION('',(0.,-1.,0.));
#14345=DIRECTION('center_axis',(0.,1.,0.));
#14346=DIRECTION('ref_axis',(-1.,0.,0.));
#14347=DIRECTION('',(-1.,0.,0.));
#14348=DIRECTION('center_axis',(-0.173648179059272,0.984807752766701,0.));
#14349=DIRECTION('ref_axis',(-0.984807752766701,-0.173648179059272,0.));
#14350=DIRECTION('',(0.,0.,1.));
#14351=DIRECTION('',(-0.984807752766701,-0.173648179059272,0.));
#14352=DIRECTION('',(0.,0.,1.));
#14353=DIRECTION('center_axis',(0.984807752766701,0.17364817905927,0.));
#14354=DIRECTION('ref_axis',(-0.17364817905927,0.984807752766701,0.));
#14355=DIRECTION('',(0.,0.,1.));
#14356=DIRECTION('',(-0.17364817905927,0.984807752766701,0.));
#14357=DIRECTION('center_axis',(0.173648179059274,-0.9848077527667,0.));
#14358=DIRECTION('ref_axis',(0.9848077527667,0.173648179059274,0.));
#14359=DIRECTION('',(0.,0.,1.));
#14360=DIRECTION('',(0.9848077527667,0.173648179059274,0.));
#14361=DIRECTION('center_axis',(-0.9848077527667,-0.173648179059275,0.));
#14362=DIRECTION('ref_axis',(0.173648179059275,-0.9848077527667,0.));
#14363=DIRECTION('',(0.173648179059275,-0.9848077527667,0.));
#14364=DIRECTION('center_axis',(1.,0.,0.));
#14365=DIRECTION('ref_axis',(0.,1.,0.));
#14366=DIRECTION('',(0.,0.,1.));
#14367=DIRECTION('',(0.,1.,0.));
#14368=DIRECTION('',(0.,0.,1.));
#14369=DIRECTION('center_axis',(0.,-1.,0.));
#14370=DIRECTION('ref_axis',(1.,0.,0.));
#14371=DIRECTION('',(0.,0.,1.));
#14372=DIRECTION('',(1.,0.,0.));
#14373=DIRECTION('center_axis',(-1.,0.,0.));
#14374=DIRECTION('ref_axis',(0.,-1.,0.));
#14375=DIRECTION('',(0.,0.,1.));
#14376=DIRECTION('',(0.,-1.,0.));
#14377=DIRECTION('center_axis',(0.,1.,0.));
#14378=DIRECTION('ref_axis',(-1.,0.,0.));
#14379=DIRECTION('',(-1.,0.,0.));
#14380=DIRECTION('center_axis',(0.,1.,0.));
#14381=DIRECTION('ref_axis',(-1.,0.,0.));
#14382=DIRECTION('',(0.,0.,1.));
#14383=DIRECTION('',(-1.,0.,0.));
#14384=DIRECTION('',(0.,0.,1.));
#14385=DIRECTION('center_axis',(1.,0.,0.));
#14386=DIRECTION('ref_axis',(0.,1.,0.));
#14387=DIRECTION('',(0.,0.,1.));
#14388=DIRECTION('',(0.,1.,0.));
#14389=DIRECTION('center_axis',(0.,-1.,0.));
#14390=DIRECTION('ref_axis',(1.,0.,0.));
#14391=DIRECTION('',(0.,0.,1.));
#14392=DIRECTION('',(1.,0.,0.));
#14393=DIRECTION('center_axis',(-1.,0.,0.));
#14394=DIRECTION('ref_axis',(0.,-1.,0.));
#14395=DIRECTION('',(0.,-1.,0.));
#14396=DIRECTION('center_axis',(0.,1.,0.));
#14397=DIRECTION('ref_axis',(-1.,0.,0.));
#14398=DIRECTION('',(0.,0.,1.));
#14399=DIRECTION('',(-1.,0.,0.));
#14400=DIRECTION('',(0.,0.,1.));
#14401=DIRECTION('center_axis',(1.,5.07530525542929E-15,0.));
#14402=DIRECTION('ref_axis',(-5.07530525542929E-15,1.,0.));
#14403=DIRECTION('',(0.,0.,1.));
#14404=DIRECTION('',(-5.07530525542929E-15,1.,0.));
#14405=DIRECTION('center_axis',(0.,-1.,0.));
#14406=DIRECTION('ref_axis',(1.,0.,0.));
#14407=DIRECTION('',(0.,0.,1.));
#14408=DIRECTION('',(1.,0.,0.));
#14409=DIRECTION('center_axis',(-1.,0.,0.));
#14410=DIRECTION('ref_axis',(0.,-1.,0.));
#14411=DIRECTION('',(0.,-1.,0.));
#14412=DIRECTION('center_axis',(1.,0.,0.));
#14413=DIRECTION('ref_axis',(0.,1.,0.));
#14414=DIRECTION('',(0.,0.,1.));
#14415=DIRECTION('',(0.,1.,0.));
#14416=DIRECTION('',(0.,0.,1.));
#14417=DIRECTION('center_axis',(0.,-1.,0.));
#14418=DIRECTION('ref_axis',(1.,0.,0.));
#14419=DIRECTION('',(0.,0.,1.));
#14420=DIRECTION('',(1.,0.,0.));
#14421=DIRECTION('center_axis',(-1.,0.,0.));
#14422=DIRECTION('ref_axis',(0.,-1.,0.));
#14423=DIRECTION('',(0.,0.,1.));
#14424=DIRECTION('',(0.,-1.,0.));
#14425=DIRECTION('center_axis',(0.,1.,0.));
#14426=DIRECTION('ref_axis',(-1.,0.,0.));
#14427=DIRECTION('',(-1.,0.,0.));
#14428=DIRECTION('center_axis',(0.,-1.,0.));
#14429=DIRECTION('ref_axis',(1.,0.,0.));
#14430=DIRECTION('',(0.,0.,1.));
#14431=DIRECTION('',(1.,0.,0.));
#14432=DIRECTION('',(0.,0.,1.));
#14433=DIRECTION('center_axis',(-1.,0.,0.));
#14434=DIRECTION('ref_axis',(0.,-1.,0.));
#14435=DIRECTION('',(0.,0.,1.));
#14436=DIRECTION('',(0.,-1.,0.));
#14437=DIRECTION('center_axis',(0.,1.,0.));
#14438=DIRECTION('ref_axis',(-1.,0.,0.));
#14439=DIRECTION('',(0.,0.,1.));
#14440=DIRECTION('',(-1.,0.,0.));
#14441=DIRECTION('center_axis',(1.,5.07530525542929E-15,0.));
#14442=DIRECTION('ref_axis',(-5.07530525542929E-15,1.,0.));
#14443=DIRECTION('',(-5.07530525542929E-15,1.,0.));
#14444=DIRECTION('center_axis',(1.,0.,0.));
#14445=DIRECTION('ref_axis',(0.,1.,0.));
#14446=DIRECTION('',(0.,0.,1.));
#14447=DIRECTION('',(0.,1.,0.));
#14448=DIRECTION('',(0.,0.,1.));
#14449=DIRECTION('center_axis',(0.,-1.,0.));
#14450=DIRECTION('ref_axis',(1.,0.,0.));
#14451=DIRECTION('',(0.,0.,1.));
#14452=DIRECTION('',(1.,0.,0.));
#14453=DIRECTION('center_axis',(-1.,0.,0.));
#14454=DIRECTION('ref_axis',(0.,-1.,0.));
#14455=DIRECTION('',(0.,0.,1.));
#14456=DIRECTION('',(0.,-1.,0.));
#14457=DIRECTION('center_axis',(0.,1.,0.));
#14458=DIRECTION('ref_axis',(-1.,0.,0.));
#14459=DIRECTION('',(-1.,0.,0.));
#14460=DIRECTION('center_axis',(-1.,0.,0.));
#14461=DIRECTION('ref_axis',(0.,-1.,0.));
#14462=DIRECTION('',(0.,0.,1.));
#14463=DIRECTION('',(0.,-1.,0.));
#14464=DIRECTION('',(0.,0.,1.));
#14465=DIRECTION('center_axis',(0.,1.,0.));
#14466=DIRECTION('ref_axis',(-1.,0.,0.));
#14467=DIRECTION('',(0.,0.,1.));
#14468=DIRECTION('',(-1.,0.,0.));
#14469=DIRECTION('center_axis',(1.,0.,0.));
#14470=DIRECTION('ref_axis',(0.,1.,0.));
#14471=DIRECTION('',(0.,0.,1.));
#14472=DIRECTION('',(0.,1.,0.));
#14473=DIRECTION('center_axis',(0.,-1.,0.));
#14474=DIRECTION('ref_axis',(1.,0.,0.));
#14475=DIRECTION('',(1.,0.,0.));
#14476=DIRECTION('center_axis',(-1.,0.,0.));
#14477=DIRECTION('ref_axis',(0.,-1.,0.));
#14478=DIRECTION('',(0.,0.,1.));
#14479=DIRECTION('',(0.,-1.,0.));
#14480=DIRECTION('',(0.,0.,1.));
#14481=DIRECTION('center_axis',(0.,1.,0.));
#14482=DIRECTION('ref_axis',(-1.,0.,0.));
#14483=DIRECTION('',(0.,0.,1.));
#14484=DIRECTION('',(-1.,0.,0.));
#14485=DIRECTION('center_axis',(1.,0.,0.));
#14486=DIRECTION('ref_axis',(0.,1.,0.));
#14487=DIRECTION('',(0.,0.,1.));
#14488=DIRECTION('',(0.,1.,0.));
#14489=DIRECTION('center_axis',(0.,-1.,0.));
#14490=DIRECTION('ref_axis',(1.,0.,0.));
#14491=DIRECTION('',(1.,0.,0.));
#14492=DIRECTION('center_axis',(1.,0.,0.));
#14493=DIRECTION('ref_axis',(0.,1.,0.));
#14494=DIRECTION('',(0.,0.,1.));
#14495=DIRECTION('',(0.,1.,0.));
#14496=DIRECTION('',(0.,0.,1.));
#14497=DIRECTION('center_axis',(0.,-1.,0.));
#14498=DIRECTION('ref_axis',(1.,0.,0.));
#14499=DIRECTION('',(0.,0.,1.));
#14500=DIRECTION('',(1.,0.,0.));
#14501=DIRECTION('center_axis',(-1.,0.,0.));
#14502=DIRECTION('ref_axis',(0.,-1.,0.));
#14503=DIRECTION('',(0.,0.,1.));
#14504=DIRECTION('',(0.,-1.,0.));
#14505=DIRECTION('center_axis',(0.,1.,0.));
#14506=DIRECTION('ref_axis',(-1.,0.,0.));
#14507=DIRECTION('',(-1.,0.,0.));
#14508=DIRECTION('center_axis',(0.,1.,0.));
#14509=DIRECTION('ref_axis',(-1.,0.,0.));
#14510=DIRECTION('',(0.,0.,1.));
#14511=DIRECTION('',(-1.,0.,0.));
#14512=DIRECTION('',(0.,0.,1.));
#14513=DIRECTION('center_axis',(1.,0.,0.));
#14514=DIRECTION('ref_axis',(0.,1.,0.));
#14515=DIRECTION('',(0.,0.,1.));
#14516=DIRECTION('',(0.,1.,0.));
#14517=DIRECTION('center_axis',(0.,-1.,0.));
#14518=DIRECTION('ref_axis',(1.,0.,0.));
#14519=DIRECTION('',(0.,0.,1.));
#14520=DIRECTION('',(1.,0.,0.));
#14521=DIRECTION('center_axis',(-1.,0.,0.));
#14522=DIRECTION('ref_axis',(0.,-1.,0.));
#14523=DIRECTION('',(0.,-1.,0.));
#14524=DIRECTION('center_axis',(0.,1.,0.));
#14525=DIRECTION('ref_axis',(-1.,0.,0.));
#14526=DIRECTION('',(0.,0.,1.));
#14527=DIRECTION('',(-1.,0.,0.));
#14528=DIRECTION('',(0.,0.,1.));
#14529=DIRECTION('center_axis',(1.,0.,0.));
#14530=DIRECTION('ref_axis',(0.,1.,0.));
#14531=DIRECTION('',(0.,0.,1.));
#14532=DIRECTION('',(0.,1.,0.));
#14533=DIRECTION('center_axis',(0.,-1.,0.));
#14534=DIRECTION('ref_axis',(1.,0.,0.));
#14535=DIRECTION('',(0.,0.,1.));
#14536=DIRECTION('',(1.,0.,0.));
#14537=DIRECTION('center_axis',(-1.,0.,0.));
#14538=DIRECTION('ref_axis',(0.,-1.,0.));
#14539=DIRECTION('',(0.,-1.,0.));
#14540=DIRECTION('center_axis',(-0.342020145001073,0.939692620176111,0.));
#14541=DIRECTION('ref_axis',(-0.939692620176111,-0.342020145001073,0.));
#14542=DIRECTION('',(0.,0.,1.));
#14543=DIRECTION('',(-0.939692620176111,-0.342020145001073,0.));
#14544=DIRECTION('',(0.,0.,1.));
#14545=DIRECTION('center_axis',(0.93969262017611,0.342020145001076,0.));
#14546=DIRECTION('ref_axis',(-0.342020145001076,0.93969262017611,0.));
#14547=DIRECTION('',(0.,0.,1.));
#14548=DIRECTION('',(-0.342020145001076,0.93969262017611,0.));
#14549=DIRECTION('center_axis',(0.342020145001072,-0.939692620176111,0.));
#14550=DIRECTION('ref_axis',(0.939692620176112,0.342020145001072,0.));
#14551=DIRECTION('',(0.,0.,1.));
#14552=DIRECTION('',(0.939692620176112,0.342020145001072,0.));
#14553=DIRECTION('center_axis',(-0.939692620176112,-0.342020145001071,0.));
#14554=DIRECTION('ref_axis',(0.342020145001071,-0.939692620176112,0.));
#14555=DIRECTION('',(0.342020145001071,-0.939692620176112,0.));
#14556=DIRECTION('center_axis',(0.,0.,-1.));
#14557=DIRECTION('ref_axis',(-1.,0.,0.));
#14558=CARTESIAN_POINT('',(0.,0.,0.));
#14559=CARTESIAN_POINT('Origin',(133.70238420323,-84.4439567459445,4.65));
#14560=CARTESIAN_POINT('',(124.894372326798,-109.63198091427,4.98798783437868));
#14561=CARTESIAN_POINT('',(125.502140027778,-109.166795859655,5.4));
#14562=CARTESIAN_POINT('Ctrl Pts',(124.894372326798,-109.63198091427,4.98798783437868));
#14563=CARTESIAN_POINT('Ctrl Pts',(125.216872144979,-109.406164045054,5.21380461620906));
#14564=CARTESIAN_POINT('Ctrl Pts',(125.502140027778,-109.166795859655,5.40000000000001));
#14565=CARTESIAN_POINT('',(133.225256333164,-87.9477081095349,5.4));
#14566=CARTESIAN_POINT('',(134.407153669181,-84.7004718524434,5.4));
#14567=CARTESIAN_POINT('',(131.8157174,-87.4346779,3.9));
#14568=CARTESIAN_POINT('',(125.859168179885,-85.266671311036,-2.43882727177851));
#14569=CARTESIAN_POINT('',(123.340564518866,-110.719969169671,3.9));
#14570=CARTESIAN_POINT('',(132.997614737278,-84.1874416394457,3.9));
#14571=CARTESIAN_POINT('',(117.36944051597,-114.900996419975,-0.281025632355262));
#14572=CARTESIAN_POINT('Origin',(71.45403955,-58.11000055,5.4));
#14573=CARTESIAN_POINT('',(111.748291,-80.1307321,5.4));
#14574=CARTESIAN_POINT('',(111.748291,-80.1307321,5.4));
#14575=CARTESIAN_POINT('',(128.183295438539,-106.917039253042,5.4));
#14576=CARTESIAN_POINT('Origin',(124.894371266791,-105.719968748648,5.4));
#14577=CARTESIAN_POINT('',(135.671425144846,-86.3435720246065,5.4));
#14578=CARTESIAN_POINT('',(132.109691677021,-96.1293542760818,5.4));
#14579=CARTESIAN_POINT('',(109.,-59.7133342269003,5.4));
#14580=CARTESIAN_POINT('',(112.872290087827,-63.5796445309247,5.4));
#14581=CARTESIAN_POINT('',(109.,-14.9349611402887,5.4));
#14582=CARTESIAN_POINT('',(109.,-58.600667675,5.4));
#14583=CARTESIAN_POINT('',(68.0656849890624,-7.06297743631552,5.4));
#14584=CARTESIAN_POINT('',(95.5082830715507,-12.3404001766817,5.4));
#14585=CARTESIAN_POINT('',(67.4047191073985,-7.00000000000001,5.4));
#14586=CARTESIAN_POINT('Origin',(67.4047191073985,-10.5,5.4));
#14587=CARTESIAN_POINT('',(48.6231056280883,-7.00000000000001,5.4));
#14588=CARTESIAN_POINT('',(69.667581625,-7.00000000000001,5.4));
#14589=CARTESIAN_POINT('',(47.7742309404612,-7.10450124949134,5.4));
#14590=CARTESIAN_POINT('Origin',(48.6231056280883,-10.5,5.4));
#14591=CARTESIAN_POINT('',(28.0493947422119,-12.0357102990537,5.4));
#14592=CARTESIAN_POINT('',(53.2155983081427,-5.74415940757094,5.4));
#14593=CARTESIAN_POINT('',(27.0292939553002,-12.4719978919103,5.4));
#14594=CARTESIAN_POINT('Origin',(28.898269429839,-15.4312090495623,5.4));
#14595=CARTESIAN_POINT('',(8.6310245254612,-24.0919575725196,5.4));
#14596=CARTESIAN_POINT('',(32.9447103038114,-8.73594544818221,5.4));
#14597=CARTESIAN_POINT('',(7.00000000000001,-27.0511687301716,5.4));
#14598=CARTESIAN_POINT('Origin',(10.5,-27.0511687301716,5.4));
#14599=CARTESIAN_POINT('',(7.00000000000001,-105.719999745189,5.4));
#14600=CARTESIAN_POINT('',(7.00000000000001,-41.202662925,5.4));
#14601=CARTESIAN_POINT('',(10.5000009483674,-109.219999745189,5.4));
#14602=CARTESIAN_POINT('Origin',(10.5,-105.719999745189,5.4));
#14603=CARTESIAN_POINT('',(65.75,-109.219984774533,5.4));
#14604=CARTESIAN_POINT('',(69.3520264962129,-109.21998379852,5.4));
#14605=CARTESIAN_POINT('',(65.75,-67.75,5.4));
#14606=CARTESIAN_POINT('',(65.75,-84.4149924590447,5.4));
#14607=CARTESIAN_POINT('',(48.75,-67.75,5.4));
#14608=CARTESIAN_POINT('',(48.75,-67.75,5.4));
#14609=CARTESIAN_POINT('',(48.75,-72.75,5.4));
#14610=CARTESIAN_POINT('',(48.75,-72.75,5.4));
#14611=CARTESIAN_POINT('',(34.1857492994395,-72.75,5.4));
#14612=CARTESIAN_POINT('',(34.1857492994395,-72.75,5.4));
#14613=CARTESIAN_POINT('',(32.,-74.7,5.4));
#14614=CARTESIAN_POINT('Origin',(32.,-72.5,5.4));
#14615=CARTESIAN_POINT('',(29.25,-74.7,5.4));
#14616=CARTESIAN_POINT('',(32.,-74.7,5.4));
#14617=CARTESIAN_POINT('',(29.25,-65.75,5.4));
#14618=CARTESIAN_POINT('',(29.25,-74.7,5.4));
#14619=CARTESIAN_POINT('',(10.25,-65.75,5.4));
#14620=CARTESIAN_POINT('',(8.50000000000001,-65.75,5.4));
#14621=CARTESIAN_POINT('',(10.25,-27.25,5.4));
#14622=CARTESIAN_POINT('',(10.25,-65.75,5.4));
#14623=CARTESIAN_POINT('',(29.25,-27.25,5.4));
#14624=CARTESIAN_POINT('',(29.25,-27.25,5.4));
#14625=CARTESIAN_POINT('',(29.2500000000001,-15.25,5.4));
#14626=CARTESIAN_POINT('',(29.2500000000001,-15.25,5.4));
#14627=CARTESIAN_POINT('',(48.25,-15.25,5.4));
#14628=CARTESIAN_POINT('',(48.25,-15.25,5.4));
#14629=CARTESIAN_POINT('',(48.25,-10.25,5.4));
#14630=CARTESIAN_POINT('',(48.25,-10.25,5.4));
#14631=CARTESIAN_POINT('',(67.75,-10.25,5.4));
#14632=CARTESIAN_POINT('',(67.75,-10.25,5.4));
#14633=CARTESIAN_POINT('',(67.75,-15.25,5.4));
#14634=CARTESIAN_POINT('',(67.75,-15.25,5.4));
#14635=CARTESIAN_POINT('',(86.75,-15.25,5.4));
#14636=CARTESIAN_POINT('',(86.75,-15.25,5.4));
#14637=CARTESIAN_POINT('',(86.75,-17.75,5.4));
#14638=CARTESIAN_POINT('',(86.75,-17.75,5.4));
#14639=CARTESIAN_POINT('',(105.75,-17.75,5.4));
#14640=CARTESIAN_POINT('',(105.75,-17.75,5.4));
#14641=CARTESIAN_POINT('',(105.75,-79.0602175,5.4));
#14642=CARTESIAN_POINT('',(105.75,-60.3353337,5.4));
#14643=CARTESIAN_POINT('',(111.6079964,-80.0931404,5.4));
#14644=CARTESIAN_POINT('',(105.75,-79.0602175,5.4));
#14645=CARTESIAN_POINT('',(111.6079964,-80.0931404,5.4));
#14646=CARTESIAN_POINT('',(65.725,-102.575,5.4));
#14647=CARTESIAN_POINT('',(58.925,-102.575,5.4));
#14648=CARTESIAN_POINT('',(65.389519775,-102.575,5.4));
#14649=CARTESIAN_POINT('',(65.725,-106.875,5.4));
#14650=CARTESIAN_POINT('',(65.725,-80.542500275,5.4));
#14651=CARTESIAN_POINT('',(58.925,-106.875,5.4));
#14652=CARTESIAN_POINT('',(68.389519775,-106.875,5.4));
#14653=CARTESIAN_POINT('',(58.925,-82.292500275,5.4));
#14654=CARTESIAN_POINT('Origin',(124.894371266791,-105.719968748648,4.65));
#14655=CARTESIAN_POINT('',(124.894372621601,-110.719968748648,3.9));
#14656=CARTESIAN_POINT('',(124.894372621601,-110.719968748648,3.9));
#14657=CARTESIAN_POINT('',(129.592834369289,-107.43006946921,3.9));
#14658=CARTESIAN_POINT('Origin',(124.894371266791,-105.719968748648,3.9));
#14659=CARTESIAN_POINT('',(129.592834369289,-107.43006946921,3.9));
#14660=CARTESIAN_POINT('Origin',(69.3520266994345,-109.96998379852,4.65));
#14661=CARTESIAN_POINT('',(69.3520269026561,-110.71998379852,3.9));
#14662=CARTESIAN_POINT('Origin',(66.5,-84.4149924590447,4.65));
#14663=CARTESIAN_POINT('',(67.25,-110.719984368089,3.9));
#14664=CARTESIAN_POINT('',(67.25,-67.75,3.9));
#14665=CARTESIAN_POINT('',(67.25,-84.4149924590447,3.9));
#14666=CARTESIAN_POINT('',(68.25,-67.75,2.9));
#14667=CARTESIAN_POINT('',(65.75,-109.219984774533,5.4));
#14668=CARTESIAN_POINT('Origin',(95.6499186176216,-11.6038953416065,4.65));
#14669=CARTESIAN_POINT('',(110.5,-13.6959378,3.9));
#14670=CARTESIAN_POINT('',(68.3489560812041,-5.58996776616503,3.9));
#14671=CARTESIAN_POINT('',(95.7915541636924,-10.8673905065312,3.9));
#14672=CARTESIAN_POINT('',(68.3489560812041,-5.58996776616503,3.9));
#14673=CARTESIAN_POINT('',(109.,-14.9349611402887,5.4));
#14674=CARTESIAN_POINT('Origin',(109.75,-58.600667675,4.65));
#14675=CARTESIAN_POINT('',(110.5,-59.0913348,3.9));
#14676=CARTESIAN_POINT('',(109.,-59.7133342269003,5.4));
#14677=CARTESIAN_POINT('',(110.5,-58.600667675,3.9));
#14678=CARTESIAN_POINT('Origin',(113.402210217989,-63.0489048059657,4.65));
#14679=CARTESIAN_POINT('',(137.4080791,-85.9578611,3.9));
#14680=CARTESIAN_POINT('',(135.671425144846,-86.3435720246065,5.4));
#14681=CARTESIAN_POINT('',(113.93213034815,-62.5181650810066,3.9));
#14682=CARTESIAN_POINT('Origin',(132.814461142396,-96.385869384166,4.65));
#14683=CARTESIAN_POINT('',(133.51923060777,-96.6423844922503,3.9));
#14684=CARTESIAN_POINT('Origin',(67.4047191073985,-10.5,4.65));
#14685=CARTESIAN_POINT('',(67.4047191073985,-5.50000000000001,3.9));
#14686=CARTESIAN_POINT('Origin',(67.4047191073985,-10.5,3.9));
#14687=CARTESIAN_POINT('',(67.4047191073985,-5.50000000000001,3.9));
#14688=CARTESIAN_POINT('Origin',(69.667581625,-6.25000000000001,4.65));
#14689=CARTESIAN_POINT('',(48.6231056280883,-5.50000000000001,3.9));
#14690=CARTESIAN_POINT('',(48.6231056280883,-5.50000000000001,3.9));
#14691=CARTESIAN_POINT('',(69.667581625,-5.50000000000001,3.9));
#14692=CARTESIAN_POINT('Origin',(48.6231056280883,-10.5,4.65));
#14693=CARTESIAN_POINT('',(47.4104275029067,-5.64928749927334,3.9));
#14694=CARTESIAN_POINT('Origin',(48.6231056280883,-10.5,3.9));
#14695=CARTESIAN_POINT('',(47.4104275029067,-5.64928749927334,3.9));
#14696=CARTESIAN_POINT('Origin',(53.0336965893655,-5.01655253246194,4.65));
#14697=CARTESIAN_POINT('',(27.6855913046574,-10.5804965488357,3.9));
#14698=CARTESIAN_POINT('',(27.6855913046574,-10.5804965488357,3.9));
#14699=CARTESIAN_POINT('',(52.8517948705883,-4.28894565735295,3.9));
#14700=CARTESIAN_POINT('Origin',(28.898269429839,-15.4312090495623,4.65));
#14701=CARTESIAN_POINT('',(26.2283044662122,-11.2037645386308,3.9));
#14702=CARTESIAN_POINT('Origin',(28.898269429839,-15.4312090495623,3.9));
#14703=CARTESIAN_POINT('',(26.2283044662122,-11.2037645386308,3.9));
#14704=CARTESIAN_POINT('Origin',(32.5442155592674,-8.10182877154248,4.65));
#14705=CARTESIAN_POINT('',(7.83003503637315,-22.8237242192401,3.9));
#14706=CARTESIAN_POINT('',(7.83003503637315,-22.8237242192401,3.9));
#14707=CARTESIAN_POINT('',(32.1437208147234,-7.46771209490275,3.9));
#14708=CARTESIAN_POINT('Origin',(10.5,-27.0511687301716,4.65));
#14709=CARTESIAN_POINT('',(5.50000000000001,-27.0511687301716,3.9));
#14710=CARTESIAN_POINT('Origin',(10.5,-27.0511687301716,3.9));
#14711=CARTESIAN_POINT('',(5.50000000000001,-27.0511687301716,3.9));
#14712=CARTESIAN_POINT('Origin',(6.25000000000001,-41.202662925,4.65));
#14713=CARTESIAN_POINT('',(6.15000000000001,-101.96,4.55));
#14714=CARTESIAN_POINT('',(5.50000000000001,-102.61,3.9));
#14715=CARTESIAN_POINT('',(15.7178895125,-92.3921104875001,14.1178895125));
#14716=CARTESIAN_POINT('',(5.50000000000001,-105.719999745189,3.9));
#14717=CARTESIAN_POINT('',(5.50000000000001,-41.202662925,3.9));
#14718=CARTESIAN_POINT('',(5.50000000000001,-105.719999745189,3.9));
#14719=CARTESIAN_POINT('',(5.50000000000001,-88.61,3.9));
#14720=CARTESIAN_POINT('',(5.50000000000001,-41.202662925,3.9));
#14721=CARTESIAN_POINT('',(6.15000000000001,-89.26,4.55));
#14722=CARTESIAN_POINT('',(-3.08455617916665,-80.0254438208334,-4.68455617916666));
#14723=CARTESIAN_POINT('',(6.15000000000001,-49.0776627875,4.55));
#14724=CARTESIAN_POINT('Origin',(10.5,-105.719999745189,4.65));
#14725=CARTESIAN_POINT('',(10.5000013548106,-110.719999745189,3.9));
#14726=CARTESIAN_POINT('Origin',(10.5,-105.719999745189,3.9));
#14727=CARTESIAN_POINT('',(10.5000013548106,-110.719999745189,3.9));
#14728=CARTESIAN_POINT('Origin',(69.3520266994345,-109.96998379852,4.65));
#14729=CARTESIAN_POINT('',(69.3520269026561,-110.71998379852,3.9));
#14730=CARTESIAN_POINT('Origin',(67.25,-67.75,-1.6));
#14731=CARTESIAN_POINT('',(67.25,-67.75,0.));
#14732=CARTESIAN_POINT('',(67.25,-67.75,-1.6));
#14733=CARTESIAN_POINT('',(48.75,-67.75,0.));
#14734=CARTESIAN_POINT('',(48.75,-67.75,0.));
#14735=CARTESIAN_POINT('',(48.75,-67.75,-1.6));
#14736=CARTESIAN_POINT('Origin',(67.25,-110.719984368089,-1.6));
#14737=CARTESIAN_POINT('',(67.25,-110.719984368089,0.));
#14738=CARTESIAN_POINT('',(67.25,-110.719984368089,-1.6));
#14739=CARTESIAN_POINT('',(67.25,-110.719984368089,0.));
#14740=CARTESIAN_POINT('Origin',(10.5,-105.719999745189,-1.6));
#14741=CARTESIAN_POINT('',(5.50000000000001,-105.719999745189,-9.2));
#14742=CARTESIAN_POINT('',(5.50000000000001,-105.719999745189,-1.6));
#14743=CARTESIAN_POINT('',(10.5000013548106,-110.719999745189,-9.2));
#14744=CARTESIAN_POINT('Origin',(10.5,-105.719999745189,-9.2));
#14745=CARTESIAN_POINT('',(10.5000013548106,-110.719999745189,-1.6));
#14746=CARTESIAN_POINT('Origin',(5.50000000000001,-24.2953253,-1.6));
#14747=CARTESIAN_POINT('',(5.50000000000001,-102.61,-4.8));
#14748=CARTESIAN_POINT('',(5.50000000000001,-102.61,1.3));
#14749=CARTESIAN_POINT('',(5.50000000000001,-88.61,-4.8));
#14750=CARTESIAN_POINT('',(5.50000000000001,-62.95266265,-4.8));
#14751=CARTESIAN_POINT('',(5.50000000000001,-88.61,-2.7));
#14752=CARTESIAN_POINT('',(5.50000000000001,-27.0511687301716,-9.2));
#14753=CARTESIAN_POINT('',(5.50000000000001,-27.0511687301716,-1.6));
#14754=CARTESIAN_POINT('',(5.50000000000001,-24.2953253,-9.2));
#14755=CARTESIAN_POINT('Origin',(6.00000000000001,-102.11,1.3));
#14756=CARTESIAN_POINT('',(6.50000000000001,-101.61,4.2));
#14757=CARTESIAN_POINT('',(6.50000000000001,-101.61,4.2));
#14758=CARTESIAN_POINT('',(6.50000000000001,-101.61,-3.8));
#14759=CARTESIAN_POINT('',(6.50000000000001,-101.61,1.3));
#14760=CARTESIAN_POINT('',(5.50000000000001,-102.61,-4.8));
#14761=CARTESIAN_POINT('Origin',(6.00000000000001,-56.95266265,4.7));
#14762=CARTESIAN_POINT('',(6.50000000000001,-89.61,4.2));
#14763=CARTESIAN_POINT('',(5.50000000000001,-88.61,5.2));
#14764=CARTESIAN_POINT('',(6.50000000000001,-56.95266265,4.2));
#14765=CARTESIAN_POINT('Origin',(67.25,-110.719984368089,-1.6));
#14766=CARTESIAN_POINT('',(123.340564518866,-110.719969169671,0.));
#14767=CARTESIAN_POINT('',(123.340564518866,-110.719969169671,-1.6));
#14768=CARTESIAN_POINT('',(5.50000000000001,-110.7200011,0.));
#14769=CARTESIAN_POINT('',(124.894372621601,-110.719968748648,-9.2));
#14770=CARTESIAN_POINT('',(5.50000000000001,-110.7200011,-9.2));
#14771=CARTESIAN_POINT('',(124.894372621601,-110.719968748648,-1.6));
#14772=CARTESIAN_POINT('',(53.4250001354811,-110.719988114141,-2.25));
#14773=CARTESIAN_POINT('',(49.4250001354811,-110.719989197989,-2.25));
#14774=CARTESIAN_POINT('',(58.3374999999982,-110.719986783039,-2.25));
#14775=CARTESIAN_POINT('',(53.425000135481,-110.719988114141,-6.24999986451903));
#14776=CARTESIAN_POINT('Origin',(53.425000135481,-110.719988114141,-4.25));
#14777=CARTESIAN_POINT('',(49.4250001354811,-110.719989197989,-6.25));
#14778=CARTESIAN_POINT('',(60.3374999999981,-110.719986241115,-6.25));
#14779=CARTESIAN_POINT('Origin',(49.4250001354811,-110.719989197989,-4.25));
#14780=CARTESIAN_POINT('Origin',(71.45403955,-58.11000055,-9.2));
#14781=CARTESIAN_POINT('',(7.83003503637315,-22.8237242192401,-9.2));
#14782=CARTESIAN_POINT('Origin',(10.5,-27.0511687301716,-9.2));
#14783=CARTESIAN_POINT('',(26.2283044662122,-11.2037645386308,-9.2));
#14784=CARTESIAN_POINT('',(26.9069223000001,-10.7751638,-9.2));
#14785=CARTESIAN_POINT('',(27.6855913046574,-10.5804965488357,-9.2));
#14786=CARTESIAN_POINT('Origin',(28.898269429839,-15.4312090495623,-9.2));
#14787=CARTESIAN_POINT('',(47.4104275029067,-5.64928749927334,-9.2));
#14788=CARTESIAN_POINT('',(48.0075775,-5.50000000000001,-9.2));
#14789=CARTESIAN_POINT('',(48.6231056280883,-5.50000000000001,-9.2));
#14790=CARTESIAN_POINT('Origin',(48.6231056280883,-10.5,-9.2));
#14791=CARTESIAN_POINT('',(67.4047191073985,-5.50000000000001,-9.2));
#14792=CARTESIAN_POINT('',(67.8811237,-5.50000000000001,-9.2));
#14793=CARTESIAN_POINT('',(68.3489560812041,-5.58996776616503,-9.2));
#14794=CARTESIAN_POINT('Origin',(67.4047191073985,-10.5,-9.2));
#14795=CARTESIAN_POINT('',(110.5,-13.6959378,-9.2));
#14796=CARTESIAN_POINT('',(110.5,-13.6959378,-9.2));
#14797=CARTESIAN_POINT('',(110.5,-59.0913348,-9.2));
#14798=CARTESIAN_POINT('',(110.5,-59.0913348,-9.2));
#14799=CARTESIAN_POINT('',(137.4080791,-85.9578611,-9.2));
#14800=CARTESIAN_POINT('',(137.4080791,-85.9578611,-9.2));
#14801=CARTESIAN_POINT('',(129.592834369289,-107.43006946921,-9.2));
#14802=CARTESIAN_POINT('',(128.3954093,-110.7199678,-9.2));
#14803=CARTESIAN_POINT('Origin',(124.894371266791,-105.719968748648,-9.2));
#14804=CARTESIAN_POINT('',(11.7000013528591,-109.519999447141,-9.2));
#14805=CARTESIAN_POINT('',(124.054123524644,-109.519969047282,-9.2));
#14806=CARTESIAN_POINT('',(6.7,-109.5200008,-9.2));
#14807=CARTESIAN_POINT('',(128.752585272219,-106.230069773514,-9.2));
#14808=CARTESIAN_POINT('Origin',(124.054122171785,-104.519969047282,-9.2));
#14809=CARTESIAN_POINT('',(136.018756,-86.2664299,-9.2));
#14810=CARTESIAN_POINT('',(127.5551602,-109.5199681,-9.2));
#14811=CARTESIAN_POINT('',(109.3,-59.5889344,-9.2));
#14812=CARTESIAN_POINT('',(136.018756,-86.2664299,-9.2));
#14813=CARTESIAN_POINT('',(109.3,-14.6871564,-9.2));
#14814=CARTESIAN_POINT('',(109.3,-59.5889344,-9.2));
#14815=CARTESIAN_POINT('',(68.0287727,-6.7503819,-9.2));
#14816=CARTESIAN_POINT('',(109.3,-14.6871564,-9.2));
#14817=CARTESIAN_POINT('',(67.3207609316286,-6.7,-9.2));
#14818=CARTESIAN_POINT('Origin',(67.3207609316286,-11.7,-9.2));
#14819=CARTESIAN_POINT('',(48.7708323338383,-6.7,-9.2));
#14820=CARTESIAN_POINT('',(67.7667866,-6.7,-9.2));
#14821=CARTESIAN_POINT('',(47.5581541976666,-6.84928750202086,-9.2));
#14822=CARTESIAN_POINT('Origin',(48.7708323338383,-11.7,-9.2));
#14823=CARTESIAN_POINT('',(28.1635145937393,-11.6979474496907,-9.2));
#14824=CARTESIAN_POINT('',(48.1553042,-6.7,-9.2));
#14825=CARTESIAN_POINT('',(26.706227774509,-12.3212154315437,-9.2));
#14826=CARTESIAN_POINT('Origin',(29.3761927299111,-16.5486599476699,-9.2));
#14827=CARTESIAN_POINT('',(9.03003504459796,-23.485126620387,-9.2));
#14828=CARTESIAN_POINT('',(27.3848456,-11.8926147,-9.2));
#14829=CARTESIAN_POINT('',(6.7,-27.7125711365132,-9.2));
#14830=CARTESIAN_POINT('Origin',(11.7,-27.7125711365132,-9.2));
#14831=CARTESIAN_POINT('',(6.7,-104.519999447141,-9.2));
#14832=CARTESIAN_POINT('',(6.7,-24.9567277,-9.2));
#14833=CARTESIAN_POINT('Origin',(11.7,-104.519999447141,-9.2));
#14834=CARTESIAN_POINT('Origin',(67.4047191073985,-10.5,-1.6));
#14835=CARTESIAN_POINT('',(68.3489560812041,-5.58996776616503,-1.6));
#14836=CARTESIAN_POINT('',(67.4047191073985,-5.50000000000001,-1.6));
#14837=CARTESIAN_POINT('Origin',(110.5,-13.6959378,-1.6));
#14838=CARTESIAN_POINT('',(110.5,-13.6959378,-1.6));
#14839=CARTESIAN_POINT('Origin',(48.6231056280883,-10.5,-1.6));
#14840=CARTESIAN_POINT('',(48.6231056280883,-5.50000000000001,-1.6));
#14841=CARTESIAN_POINT('',(47.4104275029067,-5.64928749927334,-1.6));
#14842=CARTESIAN_POINT('Origin',(48.0075775,-5.50000000000001,-1.6));
#14843=CARTESIAN_POINT('',(27.6855913046574,-10.5804965488357,-1.6));
#14844=CARTESIAN_POINT('Origin',(28.898269429839,-15.4312090495623,-1.6));
#14845=CARTESIAN_POINT('',(26.2283044662122,-11.2037645386308,-1.6));
#14846=CARTESIAN_POINT('Origin',(26.9069223000001,-10.7751638,-1.6));
#14847=CARTESIAN_POINT('',(7.83003503637315,-22.8237242192401,-1.6));
#14848=CARTESIAN_POINT('Origin',(10.5,-27.0511687301716,-1.6));
#14849=CARTESIAN_POINT('Origin',(124.894371266791,-105.719968748648,-1.6));
#14850=CARTESIAN_POINT('',(129.592834369289,-107.43006946921,-1.6));
#14851=CARTESIAN_POINT('Origin',(124.054122171785,-104.519969047282,-1.6));
#14852=CARTESIAN_POINT('',(128.752585272219,-106.230069773514,-8.4));
#14853=CARTESIAN_POINT('',(124.054123524644,-109.519969047282,-8.4));
#14854=CARTESIAN_POINT('Origin',(124.054122171785,-104.519969047282,-8.4));
#14855=CARTESIAN_POINT('',(128.752585272219,-106.230069773514,-1.6));
#14856=CARTESIAN_POINT('',(124.054123524644,-109.519969047282,-1.6));
#14857=CARTESIAN_POINT('Origin',(71.359378,-58.1100004,-8.4));
#14858=CARTESIAN_POINT('',(11.7000013528591,-109.519999447141,-8.4));
#14859=CARTESIAN_POINT('',(6.7,-109.5200008,-8.4));
#14860=CARTESIAN_POINT('',(6.7,-104.519999447141,-8.4));
#14861=CARTESIAN_POINT('Origin',(11.7,-104.519999447141,-8.4));
#14862=CARTESIAN_POINT('',(6.7,-27.7125711365132,-8.4));
#14863=CARTESIAN_POINT('',(6.7,-24.9567277,-8.4));
#14864=CARTESIAN_POINT('',(9.03003504459796,-23.485126620387,-8.4));
#14865=CARTESIAN_POINT('Origin',(11.7,-27.7125711365132,-8.4));
#14866=CARTESIAN_POINT('',(26.706227774509,-12.3212154315437,-8.4));
#14867=CARTESIAN_POINT('',(27.3848456,-11.8926147,-8.4));
#14868=CARTESIAN_POINT('',(28.1635145937393,-11.6979474496907,-8.4));
#14869=CARTESIAN_POINT('Origin',(29.3761927299111,-16.5486599476699,-8.4));
#14870=CARTESIAN_POINT('',(47.5581541976666,-6.84928750202086,-8.4));
#14871=CARTESIAN_POINT('',(48.1553042,-6.7,-8.4));
#14872=CARTESIAN_POINT('',(48.7708323338383,-6.7,-8.4));
#14873=CARTESIAN_POINT('Origin',(48.7708323338383,-11.7,-8.4));
#14874=CARTESIAN_POINT('',(67.3207609316286,-6.7,-8.4));
#14875=CARTESIAN_POINT('',(67.7667866,-6.7,-8.4));
#14876=CARTESIAN_POINT('',(68.0287727,-6.7503819,-8.4));
#14877=CARTESIAN_POINT('Origin',(67.3207609316286,-11.7,-8.4));
#14878=CARTESIAN_POINT('',(109.3,-14.6871564,-8.4));
#14879=CARTESIAN_POINT('',(109.3,-14.6871564,-8.4));
#14880=CARTESIAN_POINT('',(109.3,-59.5889344,-8.4));
#14881=CARTESIAN_POINT('',(109.3,-59.5889344,-8.4));
#14882=CARTESIAN_POINT('',(136.018756,-86.2664299,-8.4));
#14883=CARTESIAN_POINT('',(136.018756,-86.2664299,-8.4));
#14884=CARTESIAN_POINT('',(127.5551602,-109.5199681,-8.4));
#14885=CARTESIAN_POINT('',(53.425,-109.219988124002,-8.4));
#14886=CARTESIAN_POINT('',(53.425,-107.719988133863,-8.4));
#14887=CARTESIAN_POINT('',(53.425,-82.9149942669316,-8.4));
#14888=CARTESIAN_POINT('',(124.894371828267,-107.719968779246,-8.4));
#14889=CARTESIAN_POINT('',(8.50000000000001,-107.7200003,-8.4));
#14890=CARTESIAN_POINT('',(126.773756527713,-106.404009067285,-8.4));
#14891=CARTESIAN_POINT('Origin',(124.894371286647,-105.719968779246,-8.4));
#14892=CARTESIAN_POINT('',(133.9347712,-86.729283,-8.4));
#14893=CARTESIAN_POINT('',(126.2947865,-107.7199684,-8.4));
#14894=CARTESIAN_POINT('',(107.5,-60.3353337,-8.4));
#14895=CARTESIAN_POINT('',(133.9347712,-86.729283,-8.4));
#14896=CARTESIAN_POINT('',(107.5,-16.1739844,-8.4));
#14897=CARTESIAN_POINT('',(107.5,-60.3353337,-8.4));
#14898=CARTESIAN_POINT('',(67.6888474,-8.5179936,-8.4));
#14899=CARTESIAN_POINT('',(107.5,-16.1739844,-8.4));
#14900=CARTESIAN_POINT('',(67.4211710462461,-8.5,-8.4));
#14901=CARTESIAN_POINT('Origin',(67.4211710462461,-10.5,-8.4));
#14902=CARTESIAN_POINT('',(48.6231056488792,-8.5,-8.4));
#14903=CARTESIAN_POINT('',(67.5952809,-8.5,-8.4));
#14904=CARTESIAN_POINT('',(48.1380344033099,-8.55971499858348,-8.4));
#14905=CARTESIAN_POINT('Origin',(48.6231056488792,-10.5,-8.4));
#14906=CARTESIAN_POINT('',(28.4131982035433,-13.4909239998823,-8.4));
#14907=CARTESIAN_POINT('',(48.3768944000001,-8.5,-8.4));
#14908=CARTESIAN_POINT('',(27.8302834650383,-13.7402311960568,-8.4));
#14909=CARTESIAN_POINT('Origin',(28.8982694491125,-15.4312090012988,-8.4));
#14910=CARTESIAN_POINT('',(9.43201401592578,-25.360190867888,-8.4));
#14911=CARTESIAN_POINT('',(28.1017306,-13.5687909,-8.4));
#14912=CARTESIAN_POINT('',(8.50000000000001,-27.05116867313,-8.4));
#14913=CARTESIAN_POINT('Origin',(10.5,-27.05116867313,-8.4));
#14914=CARTESIAN_POINT('',(8.50000000000001,-105.71999975838,-8.4));
#14915=CARTESIAN_POINT('',(8.50000000000001,-25.9488313,-8.4));
#14916=CARTESIAN_POINT('',(10.5000005416199,-107.71999975838,-8.4));
#14917=CARTESIAN_POINT('Origin',(10.5,-105.71999975838,-8.4));
#14918=CARTESIAN_POINT('',(49.425,-107.719989217103,-8.4));
#14919=CARTESIAN_POINT('',(8.50000000000001,-107.7200003,-8.4));
#14920=CARTESIAN_POINT('',(49.425,-109.219989207546,-8.4));
#14921=CARTESIAN_POINT('',(49.425,-83.664994803773,-8.4));
#14922=CARTESIAN_POINT('',(62.3921959224902,-109.219985694914,-8.4));
#14923=CARTESIAN_POINT('Origin',(6.7,-109.5200008,-1.6));
#14924=CARTESIAN_POINT('',(11.7000013528591,-109.519999447141,-1.6));
#14925=CARTESIAN_POINT('Origin',(11.7,-104.519999447141,-1.6));
#14926=CARTESIAN_POINT('',(6.7,-104.519999447141,-1.6));
#14927=CARTESIAN_POINT('Origin',(11.7,-27.7125711365132,-1.6));
#14928=CARTESIAN_POINT('',(6.7,-27.7125711365132,-1.6));
#14929=CARTESIAN_POINT('',(9.03003504459796,-23.485126620387,-1.6));
#14930=CARTESIAN_POINT('Origin',(27.3848456,-11.8926147,-1.6));
#14931=CARTESIAN_POINT('',(26.706227774509,-12.3212154315437,-1.6));
#14932=CARTESIAN_POINT('Origin',(29.3761927299111,-16.5486599476699,-1.6));
#14933=CARTESIAN_POINT('',(28.1635145937393,-11.6979474496907,-1.6));
#14934=CARTESIAN_POINT('Origin',(48.7708323338383,-11.7,-1.6));
#14935=CARTESIAN_POINT('',(47.5581541976666,-6.84928750202086,-1.6));
#14936=CARTESIAN_POINT('',(48.7708323338383,-6.7,-1.6));
#14937=CARTESIAN_POINT('Origin',(67.7667866,-6.7,-1.6));
#14938=CARTESIAN_POINT('',(67.3207609316286,-6.7,-1.6));
#14939=CARTESIAN_POINT('Origin',(67.3207609316286,-11.7,-1.6));
#14940=CARTESIAN_POINT('',(68.0287727,-6.7503819,-1.6));
#14941=CARTESIAN_POINT('Origin',(124.894371286647,-105.719968779246,-1.6));
#14942=CARTESIAN_POINT('',(126.773756527713,-106.404009067285,-1.6));
#14943=CARTESIAN_POINT('',(124.894371828267,-107.719968779246,-1.6));
#14944=CARTESIAN_POINT('Origin',(124.894371286647,-105.719968779246,-1.6));
#14945=CARTESIAN_POINT('',(126.773756527713,-106.404009067285,-1.6));
#14946=CARTESIAN_POINT('',(124.894371828267,-107.719968779246,-1.6));
#14947=CARTESIAN_POINT('Origin',(71.0328587000001,-60.4849921840447,-1.6));
#14948=CARTESIAN_POINT('',(66.05,-107.719984714888,-1.6));
#14949=CARTESIAN_POINT('',(39.7664357458528,-107.719991832738,-1.6));
#14950=CARTESIAN_POINT('',(66.05,-68.95,-1.6));
#14951=CARTESIAN_POINT('',(66.05,-110.719984368089,-1.6));
#14952=CARTESIAN_POINT('',(49.95,-68.95,-1.6));
#14953=CARTESIAN_POINT('',(49.95,-68.95,-1.6));
#14954=CARTESIAN_POINT('',(49.95,-73.95,-1.6));
#14955=CARTESIAN_POINT('',(49.95,-73.95,-1.6));
#14956=CARTESIAN_POINT('',(35.0753048629364,-73.95,-1.6));
#14957=CARTESIAN_POINT('',(35.0753048629364,-73.95,-1.6));
#14958=CARTESIAN_POINT('',(32.,-75.9,-1.6));
#14959=CARTESIAN_POINT('Origin',(32.,-72.5,-1.6));
#14960=CARTESIAN_POINT('',(28.05,-75.9,-1.6));
#14961=CARTESIAN_POINT('',(32.,-75.9,-1.6));
#14962=CARTESIAN_POINT('',(28.05,-66.95,-1.6));
#14963=CARTESIAN_POINT('',(28.05,-75.9,-1.6));
#14964=CARTESIAN_POINT('',(8.50000000000001,-66.95,-1.6));
#14965=CARTESIAN_POINT('',(8.50000000000001,-66.95,-1.6));
#14966=CARTESIAN_POINT('',(8.50000000000001,-27.05116867313,-1.6));
#14967=CARTESIAN_POINT('',(8.50000000000001,-43.2169117420224,-1.6));
#14968=CARTESIAN_POINT('',(9.43201401592578,-25.360190867888,-1.6));
#14969=CARTESIAN_POINT('Origin',(10.5,-27.05116867313,-1.6));
#14970=CARTESIAN_POINT('',(27.8302834650383,-13.7402311960568,-1.6));
#14971=CARTESIAN_POINT('',(32.8554368658328,-10.5664500954211,-1.6));
#14972=CARTESIAN_POINT('',(28.4131982035433,-13.4909239998823,-1.6));
#14973=CARTESIAN_POINT('Origin',(28.8982694491125,-15.4312090012988,-1.6));
#14974=CARTESIAN_POINT('',(48.1380344033099,-8.55971499858348,-1.6));
#14975=CARTESIAN_POINT('',(52.9226432910108,-7.36356278845747,-1.6));
#14976=CARTESIAN_POINT('',(48.6231056488792,-8.5,-1.6));
#14977=CARTESIAN_POINT('Origin',(48.6231056488792,-10.5,-1.6));
#14978=CARTESIAN_POINT('',(67.4211710462461,-8.5,-1.6));
#14979=CARTESIAN_POINT('',(69.3140698,-8.5,-1.6));
#14980=CARTESIAN_POINT('',(67.6888474,-8.5179936,-1.6));
#14981=CARTESIAN_POINT('Origin',(67.4211710462461,-10.5,-1.6));
#14982=CARTESIAN_POINT('',(107.5,-16.1739844,-1.6));
#14983=CARTESIAN_POINT('',(94.0254232628875,-13.5827196715021,-1.6));
#14984=CARTESIAN_POINT('',(107.5,-60.3353337,-1.6));
#14985=CARTESIAN_POINT('',(107.5,-60.4101629420224,-1.6));
#14986=CARTESIAN_POINT('',(107.5,-77.5917931656299,-1.6));
#14987=CARTESIAN_POINT('',(107.5,-77.5917931656299,-1.6));
#14988=CARTESIAN_POINT('',(111.98712586738,-78.3829945845312,-1.6));
#14989=CARTESIAN_POINT('',(107.5,-77.5917931656299,-1.6));
#14990=CARTESIAN_POINT('',(112.2750267987,-78.4601371505309,-1.6));
#14991=CARTESIAN_POINT('',(111.98712586738,-78.3829945845312,-1.6));
#14992=CARTESIAN_POINT('',(133.326965839018,-86.1224162425518,-1.6));
#14993=CARTESIAN_POINT('',(112.2750267987,-78.4601371505309,-1.6));
#14994=CARTESIAN_POINT('',(133.9347712,-86.729283,-1.6));
#14995=CARTESIAN_POINT('',(111.62392538359,-64.4528907111026,-1.6));
#14996=CARTESIAN_POINT('',(130.653092090916,-95.7456222293875,-1.6));
#14997=CARTESIAN_POINT('',(103.,-72.5,-1.6));
#14998=CARTESIAN_POINT('',(89.0000000000001,-72.5,-1.6));
#14999=CARTESIAN_POINT('',(89.0000000000001,-72.5,-1.6));
#15000=CARTESIAN_POINT('',(103.,-58.5,-1.6));
#15001=CARTESIAN_POINT('',(103.,-72.5,-1.6));
#15002=CARTESIAN_POINT('',(89.0000000000001,-58.5,-1.6));
#15003=CARTESIAN_POINT('',(103.,-58.5,-1.6));
#15004=CARTESIAN_POINT('',(89.0000000000001,-58.5,-1.6));
#15005=CARTESIAN_POINT('',(70.,-70.,-1.6));
#15006=CARTESIAN_POINT('',(70.,-56.,-1.6));
#15007=CARTESIAN_POINT('',(70.,-56.,-1.6));
#15008=CARTESIAN_POINT('',(84.0000000000001,-70.,-1.6));
#15009=CARTESIAN_POINT('',(70.,-70.,-1.6));
#15010=CARTESIAN_POINT('',(84.0000000000001,-56.,-1.6));
#15011=CARTESIAN_POINT('',(84.0000000000001,-70.,-1.6));
#15012=CARTESIAN_POINT('',(84.0000000000001,-56.,-1.6));
#15013=CARTESIAN_POINT('',(84.0000000000001,-18.,-1.6));
#15014=CARTESIAN_POINT('',(84.0000000000001,-32.,-1.6));
#15015=CARTESIAN_POINT('',(84.0000000000001,-32.,-1.6));
#15016=CARTESIAN_POINT('',(70.,-18.,-1.6));
#15017=CARTESIAN_POINT('',(84.0000000000001,-18.,-1.6));
#15018=CARTESIAN_POINT('',(70.,-32.,-1.6));
#15019=CARTESIAN_POINT('',(70.,-18.,-1.6));
#15020=CARTESIAN_POINT('',(70.,-32.,-1.6));
#15021=CARTESIAN_POINT('',(70.,-37.,-1.6));
#15022=CARTESIAN_POINT('',(84.0000000000001,-37.,-1.6));
#15023=CARTESIAN_POINT('',(84.0000000000001,-37.,-1.6));
#15024=CARTESIAN_POINT('',(70.,-51.,-1.6));
#15025=CARTESIAN_POINT('',(70.,-37.,-1.6));
#15026=CARTESIAN_POINT('',(84.0000000000001,-51.,-1.6));
#15027=CARTESIAN_POINT('',(70.,-51.,-1.6));
#15028=CARTESIAN_POINT('',(84.0000000000001,-51.,-1.6));
#15029=CARTESIAN_POINT('',(106.5951199,-82.0016582,-1.6));
#15030=CARTESIAN_POINT('',(104.1640454,-95.7889667,-1.6));
#15031=CARTESIAN_POINT('',(104.1640454,-95.7889667,-1.6));
#15032=CARTESIAN_POINT('',(92.8078114,-79.5705837,-1.6));
#15033=CARTESIAN_POINT('',(106.5951199,-82.0016582,-1.6));
#15034=CARTESIAN_POINT('',(90.3767369000001,-93.3578922,-1.6));
#15035=CARTESIAN_POINT('',(92.8078114,-79.5705837,-1.6));
#15036=CARTESIAN_POINT('',(90.3767369000001,-93.3578922,-1.6));
#15037=CARTESIAN_POINT('',(70.,-78.8,-1.6));
#15038=CARTESIAN_POINT('',(84.0000000000001,-78.8,-1.6));
#15039=CARTESIAN_POINT('',(84.0000000000001,-78.8,-1.6));
#15040=CARTESIAN_POINT('',(70.,-92.8,-1.6));
#15041=CARTESIAN_POINT('',(70.,-78.8,-1.6));
#15042=CARTESIAN_POINT('',(84.0000000000001,-92.8,-1.6));
#15043=CARTESIAN_POINT('',(70.,-92.8,-1.6));
#15044=CARTESIAN_POINT('',(84.0000000000001,-92.8,-1.6));
#15045=CARTESIAN_POINT('',(103.,-39.5,-1.6));
#15046=CARTESIAN_POINT('',(103.,-53.5,-1.6));
#15047=CARTESIAN_POINT('',(103.,-53.5,-1.6));
#15048=CARTESIAN_POINT('',(89.0000000000001,-39.5,-1.6));
#15049=CARTESIAN_POINT('',(103.,-39.5,-1.6));
#15050=CARTESIAN_POINT('',(89.0000000000001,-53.5,-1.6));
#15051=CARTESIAN_POINT('',(89.0000000000001,-39.5,-1.6));
#15052=CARTESIAN_POINT('',(89.0000000000001,-53.5,-1.6));
#15053=CARTESIAN_POINT('',(27.,-30.,-1.6));
#15054=CARTESIAN_POINT('',(27.,-44.,-1.6));
#15055=CARTESIAN_POINT('',(27.,-44.,-1.6));
#15056=CARTESIAN_POINT('',(13.0000000000001,-30.,-1.6));
#15057=CARTESIAN_POINT('',(27.,-30.,-1.6));
#15058=CARTESIAN_POINT('',(13.,-44.,-1.6));
#15059=CARTESIAN_POINT('',(13.0000000000001,-30.,-1.6));
#15060=CARTESIAN_POINT('',(13.,-44.,-1.6));
#15061=CARTESIAN_POINT('',(89.0000000000001,-20.5,-1.6));
#15062=CARTESIAN_POINT('',(103.,-20.5,-1.6));
#15063=CARTESIAN_POINT('',(103.,-20.5,-1.6));
#15064=CARTESIAN_POINT('',(89.0000000000001,-34.5,-1.6));
#15065=CARTESIAN_POINT('',(89.0000000000001,-20.5,-1.6));
#15066=CARTESIAN_POINT('',(103.,-34.5,-1.6));
#15067=CARTESIAN_POINT('',(89.0000000000001,-34.5,-1.6));
#15068=CARTESIAN_POINT('',(103.,-34.5,-1.6));
#15069=CARTESIAN_POINT('',(13.,-63.,-1.6));
#15070=CARTESIAN_POINT('',(13.0000000000001,-49.,-1.6));
#15071=CARTESIAN_POINT('',(13.0000000000001,-49.,-1.6));
#15072=CARTESIAN_POINT('',(27.,-63.,-1.6));
#15073=CARTESIAN_POINT('',(13.,-63.,-1.6));
#15074=CARTESIAN_POINT('',(27.,-49.,-1.6));
#15075=CARTESIAN_POINT('',(27.,-63.,-1.6));
#15076=CARTESIAN_POINT('',(27.,-49.,-1.6));
#15077=CARTESIAN_POINT('',(51.,-32.,-1.6));
#15078=CARTESIAN_POINT('',(65.,-32.,-1.6));
#15079=CARTESIAN_POINT('',(65.,-32.,-1.6));
#15080=CARTESIAN_POINT('',(51.,-46.,-1.6));
#15081=CARTESIAN_POINT('',(51.,-32.,-1.6));
#15082=CARTESIAN_POINT('',(65.,-46.,-1.6));
#15083=CARTESIAN_POINT('',(51.,-46.,-1.6));
#15084=CARTESIAN_POINT('',(65.,-46.,-1.6));
#15085=CARTESIAN_POINT('',(65.,-65.,-1.6));
#15086=CARTESIAN_POINT('',(51.,-65.,-1.6));
#15087=CARTESIAN_POINT('',(51.,-65.,-1.6));
#15088=CARTESIAN_POINT('',(65.,-51.,-1.6));
#15089=CARTESIAN_POINT('',(65.,-65.,-1.6));
#15090=CARTESIAN_POINT('',(51.,-51.,-1.6));
#15091=CARTESIAN_POINT('',(65.,-51.,-1.6));
#15092=CARTESIAN_POINT('',(51.,-51.,-1.6));
#15093=CARTESIAN_POINT('',(65.,-27.,-1.6));
#15094=CARTESIAN_POINT('',(51.,-27.,-1.6));
#15095=CARTESIAN_POINT('',(51.,-27.,-1.6));
#15096=CARTESIAN_POINT('',(65.,-13.,-1.6));
#15097=CARTESIAN_POINT('',(65.,-27.,-1.6));
#15098=CARTESIAN_POINT('',(51.,-13.,-1.6));
#15099=CARTESIAN_POINT('',(65.,-13.,-1.6));
#15100=CARTESIAN_POINT('',(51.,-13.,-1.6));
#15101=CARTESIAN_POINT('',(32.,-56.,-1.6));
#15102=CARTESIAN_POINT('',(46.,-56.,-1.6));
#15103=CARTESIAN_POINT('',(46.,-56.,-1.6));
#15104=CARTESIAN_POINT('',(32.,-70.,-1.6));
#15105=CARTESIAN_POINT('',(32.,-56.,-1.6));
#15106=CARTESIAN_POINT('',(46.,-70.,-1.6));
#15107=CARTESIAN_POINT('',(32.,-70.,-1.6));
#15108=CARTESIAN_POINT('',(46.,-70.,-1.6));
#15109=CARTESIAN_POINT('',(46.,-18.,-1.6));
#15110=CARTESIAN_POINT('',(46.,-32.,-1.6));
#15111=CARTESIAN_POINT('',(46.,-32.,-1.6));
#15112=CARTESIAN_POINT('',(32.,-18.,-1.6));
#15113=CARTESIAN_POINT('',(46.,-18.,-1.6));
#15114=CARTESIAN_POINT('',(32.,-32.,-1.6));
#15115=CARTESIAN_POINT('',(32.,-18.,-1.6));
#15116=CARTESIAN_POINT('',(32.,-32.,-1.6));
#15117=CARTESIAN_POINT('',(46.,-37.,-1.6));
#15118=CARTESIAN_POINT('',(46.,-51.,-1.6));
#15119=CARTESIAN_POINT('',(46.,-51.,-1.6));
#15120=CARTESIAN_POINT('',(32.,-37.,-1.6));
#15121=CARTESIAN_POINT('',(46.,-37.,-1.6));
#15122=CARTESIAN_POINT('',(32.,-51.,-1.6));
#15123=CARTESIAN_POINT('',(32.,-37.,-1.6));
#15124=CARTESIAN_POINT('',(32.,-51.,-1.6));
#15125=CARTESIAN_POINT('',(128.2910072,-89.0782773,-1.6));
#15126=CARTESIAN_POINT('',(123.5027252,-102.2339739,-1.6));
#15127=CARTESIAN_POINT('',(123.5027252,-102.2339739,-1.6));
#15128=CARTESIAN_POINT('',(115.1353106,-84.2899953,-1.6));
#15129=CARTESIAN_POINT('',(128.2910072,-89.0782773,-1.6));
#15130=CARTESIAN_POINT('',(110.3470286,-97.4456919,-1.6));
#15131=CARTESIAN_POINT('',(115.1353106,-84.2899953,-1.6));
#15132=CARTESIAN_POINT('',(110.3470286,-97.4456919,-1.6));
#15133=CARTESIAN_POINT('',(30.8,-34.5,-1.6));
#15134=CARTESIAN_POINT('Origin',(32.,-34.5,-1.6));
#15135=CARTESIAN_POINT('',(98.9355861000001,-78.3241015,-1.6));
#15136=CARTESIAN_POINT('Origin',(100.1355861,-78.3241015,-1.6));
#15137=CARTESIAN_POINT('',(82.8000000000001,-34.5,-1.6));
#15138=CARTESIAN_POINT('Origin',(84.0000000000001,-34.5,-1.6));
#15139=CARTESIAN_POINT('',(30.8,-72.5,-1.6));
#15140=CARTESIAN_POINT('Origin',(32.,-72.5,-1.6));
#15141=CARTESIAN_POINT('Origin',(66.0500000000001,-107.719984714888,-1.6));
#15142=CARTESIAN_POINT('',(53.425,-107.719988133863,-5.75));
#15143=CARTESIAN_POINT('',(53.425,-107.719988133863,-3.675));
#15144=CARTESIAN_POINT('',(53.425,-107.719988133863,-2.75));
#15145=CARTESIAN_POINT('Origin',(53.425,-107.719988133863,-4.25));
#15146=CARTESIAN_POINT('',(49.425,-107.719989217103,-2.75));
#15147=CARTESIAN_POINT('',(57.7374995937833,-107.719986965995,-2.75));
#15148=CARTESIAN_POINT('',(49.425,-107.719989217103,-5.75));
#15149=CARTESIAN_POINT('Origin',(49.425,-107.719989217103,-4.25));
#15150=CARTESIAN_POINT('',(49.425,-107.719989217103,-3.675));
#15151=CARTESIAN_POINT('',(10.5000005416199,-107.71999975838,3.8));
#15152=CARTESIAN_POINT('',(10.5000005416199,-107.71999975838,-1.6));
#15153=CARTESIAN_POINT('',(66.05,-107.719984714888,3.8));
#15154=CARTESIAN_POINT('',(51.6625027602294,-107.719988611165,3.8));
#15155=CARTESIAN_POINT('',(66.05,-107.719984714888,-1.6));
#15156=CARTESIAN_POINT('Origin',(10.5,-105.71999975838,-1.6));
#15157=CARTESIAN_POINT('',(8.50000000000001,-105.71999975838,3.8));
#15158=CARTESIAN_POINT('Origin',(10.5,-105.71999975838,3.8));
#15159=CARTESIAN_POINT('',(8.50000000000001,-105.71999975838,-1.6));
#15160=CARTESIAN_POINT('Origin',(10.5,-27.05116867313,-1.6));
#15161=CARTESIAN_POINT('',(8.50000000000001,-27.05116867313,-1.6));
#15162=CARTESIAN_POINT('',(9.43201401592578,-25.360190867888,-1.6));
#15163=CARTESIAN_POINT('Origin',(28.1017306,-13.5687909,-1.6));
#15164=CARTESIAN_POINT('',(27.8302834650383,-13.7402311960568,-1.6));
#15165=CARTESIAN_POINT('Origin',(28.8982694491125,-15.4312090012988,-1.6));
#15166=CARTESIAN_POINT('',(28.4131982035433,-13.4909239998823,-1.6));
#15167=CARTESIAN_POINT('Origin',(48.6231056488792,-10.5,-1.6));
#15168=CARTESIAN_POINT('',(48.1380344033099,-8.55971499858348,-1.6));
#15169=CARTESIAN_POINT('',(48.6231056488792,-8.5,-1.6));
#15170=CARTESIAN_POINT('Origin',(67.5952809,-8.5,-1.6));
#15171=CARTESIAN_POINT('',(67.4211710462461,-8.5,-1.6));
#15172=CARTESIAN_POINT('Origin',(67.4211710462461,-10.5,-1.6));
#15173=CARTESIAN_POINT('',(67.6888474,-8.5179936,-1.6));
#15174=CARTESIAN_POINT('Origin',(110.3,-30.8166660261957,3.08110097492913));
#15175=CARTESIAN_POINT('',(110.1,-25.7077644670131,-5.46387573299628));
#15176=CARTESIAN_POINT('',(110.1,-27.5426689497284,-2.25000000000001));
#15177=CARTESIAN_POINT('',(110.1,-30.6429802568186,3.18026373767751));
#15178=CARTESIAN_POINT('',(110.5,-28.0032708763395,-2.25000000000001));
#15179=CARTESIAN_POINT('',(111.039400746999,-28.6243934345478,-2.25000000000001));
#15180=CARTESIAN_POINT('',(110.5,-25.9406327102345,-5.86275630990157));
#15181=CARTESIAN_POINT('',(110.5,-30.9903517955728,2.98193821218075));
#15182=CARTESIAN_POINT('',(110.5,-25.9406327102345,-5.86275630990157));
#15183=CARTESIAN_POINT('Origin',(110.3,-40.1145110171554,-5.5943349480462));
#15184=CARTESIAN_POINT('',(110.5,-20.8888767102217,-5.88714174956164));
#15185=CARTESIAN_POINT('',(110.5,-40.1154764301944,-5.79433261797678));
#15186=CARTESIAN_POINT('',(110.1,-21.1178833012871,-5.48603164674458));
#15187=CARTESIAN_POINT('',(110.5,-20.8888767102217,-5.88714174956164));
#15188=CARTESIAN_POINT('',(110.1,-40.1135456041164,-5.39433727811561));
#15189=CARTESIAN_POINT('Origin',(110.3,-23.7683711431641,-10.4227467033591));
#15190=CARTESIAN_POINT('',(110.5,-18.3418802999871,-1.52438543966009));
#15191=CARTESIAN_POINT('',(110.5,-23.595650786826,-10.5235816105413));
#15192=CARTESIAN_POINT('',(110.1,-18.803755134274,-1.5221559137483));
#15193=CARTESIAN_POINT('',(110.5,-18.3418802999871,-1.52438543966009));
#15194=CARTESIAN_POINT('',(110.1,-23.9410914995022,-10.3219117961769));
#15195=CARTESIAN_POINT('Origin',(110.3,-24.7031616540589,9.21416214304614));
#15196=CARTESIAN_POINT('',(110.5,-20.8466398897655,2.86275630990155));
#15197=CARTESIAN_POINT('',(110.5,-24.5294758846819,9.31332490579451));
#15198=CARTESIAN_POINT('',(110.1,-21.0795081329869,2.46387573299627));
#15199=CARTESIAN_POINT('',(110.5,-20.8466398897655,2.86275630990155));
#15200=CARTESIAN_POINT('',(110.1,-24.876847423436,9.11499938029776));
#15201=CARTESIAN_POINT('Origin',(110.3,-42.3691456056403,2.76664572842998));
#15202=CARTESIAN_POINT('',(110.5,-25.8983958897784,2.88714174956163));
#15203=CARTESIAN_POINT('',(110.5,-42.3681801926013,2.96664339836056));
#15204=CARTESIAN_POINT('',(110.1,-25.6693892987129,2.48603164674456));
#15205=CARTESIAN_POINT('',(110.5,-25.8983958897784,2.88714174956163));
#15206=CARTESIAN_POINT('',(110.1,-42.3701110186793,2.56664805849939));
#15207=CARTESIAN_POINT('Origin',(110.3,-31.9240508070463,-7.83090515187411));
#15208=CARTESIAN_POINT('',(110.5,-28.0217753136125,-0.750000000000003));
#15209=CARTESIAN_POINT('',(110.5,-32.0967711633844,-7.73007024469189));
#15210=CARTESIAN_POINT('',(110.1,-27.5585988722473,-0.750000000000003));
#15211=CARTESIAN_POINT('',(112.466909416653,-30.2993405738449,-0.750000000000001));
#15212=CARTESIAN_POINT('',(110.1,-31.7513304507082,-7.93174005905632));
#15213=CARTESIAN_POINT('Origin',(110.5,-59.0913348,-1.6));
#15214=CARTESIAN_POINT('',(110.5,-59.0913348,-1.6));
#15215=CARTESIAN_POINT('',(110.5,-31.7654972863875,-2.25));
#15216=CARTESIAN_POINT('',(110.5,-43.3170018748642,-2.25));
#15217=CARTESIAN_POINT('',(110.5,-33.8888767102217,-5.88714174956164));
#15218=CARTESIAN_POINT('',(110.5,-35.155862326268,-8.05736447494495));
#15219=CARTESIAN_POINT('',(110.5,-38.9406327102345,-5.86275630990155));
#15220=CARTESIAN_POINT('',(110.5,-46.615627883824,-5.82570817620377));
#15221=CARTESIAN_POINT('',(110.5,-41.0032708763394,-2.25));
#15222=CARTESIAN_POINT('',(110.5,-42.3924480992405,0.183174591685554));
#15223=CARTESIAN_POINT('',(110.5,-44.7654972863875,-2.25));
#15224=CARTESIAN_POINT('',(110.5,-49.8170018748642,-2.24999999999999));
#15225=CARTESIAN_POINT('',(110.5,-46.8888767102217,-5.88714174956164));
#15226=CARTESIAN_POINT('',(110.5,-46.5036145689707,-5.22722529622273));
#15227=CARTESIAN_POINT('',(110.5,-51.9406327102345,-5.86275630990154));
#15228=CARTESIAN_POINT('',(110.5,-53.1157793374536,-5.8570837344308));
#15229=CARTESIAN_POINT('',(110.5,-54.4453923000129,-1.47561456033989));
#15230=CARTESIAN_POINT('',(110.5,-53.7945444029083,-2.61558902880963));
#15231=CARTESIAN_POINT('',(110.5,-51.8983958897783,2.88714174956166));
#15232=CARTESIAN_POINT('',(110.5,-55.0047349455291,-2.43371393037328));
#15233=CARTESIAN_POINT('',(110.5,-46.8466398897655,2.86275630990155));
#15234=CARTESIAN_POINT('',(110.5,-55.3684830998604,2.90389228190655));
#15235=CARTESIAN_POINT('',(110.5,-44.7840017236606,-0.749999999999992));
#15236=CARTESIAN_POINT('',(110.5,-47.3336684920173,3.71579766480409));
#15237=CARTESIAN_POINT('',(110.5,-41.0217753136125,-0.749999999999994));
#15238=CARTESIAN_POINT('',(110.5,-52.1679692251358,-0.749999999999986));
#15239=CARTESIAN_POINT('',(110.5,-38.8983958897784,2.88714174956164));
#15240=CARTESIAN_POINT('',(110.5,-43.4445234060871,-4.89993106596967));
#15241=CARTESIAN_POINT('',(110.5,-33.8466398897655,2.86275630990155));
#15242=CARTESIAN_POINT('',(110.5,-48.8683316462308,2.93526784013358));
#15243=CARTESIAN_POINT('',(110.5,-31.7840017236606,-0.75));
#15244=CARTESIAN_POINT('',(110.5,-35.9315721883495,6.51456128529928));
#15245=CARTESIAN_POINT('',(110.5,-45.6679692251358,-0.749999999999991));
#15246=CARTESIAN_POINT('Origin',(110.5,-27.5426689497284,-2.25000000000001));
#15247=CARTESIAN_POINT('',(108.5,-27.5426689497284,-2.25000000000001));
#15248=CARTESIAN_POINT('',(110.5,-27.5426689497284,-2.25000000000001));
#15249=CARTESIAN_POINT('',(108.5,-32.2286737277527,-2.25));
#15250=CARTESIAN_POINT('',(108.5,-49.3936363,-2.24999999999999));
#15251=CARTESIAN_POINT('',(110.1,-32.2286737277527,-2.25));
#15252=CARTESIAN_POINT('',(110.5,-32.2286737277527,-2.25));
#15253=CARTESIAN_POINT('',(110.620458138111,-31.6260138570281,-2.25));
#15254=CARTESIAN_POINT('Origin',(110.3,-42.2187623298634,0.282337354433931));
#15255=CARTESIAN_POINT('',(110.1,-38.7077644670131,-5.46387573299626));
#15256=CARTESIAN_POINT('',(110.1,-40.5426689497284,-2.25));
#15257=CARTESIAN_POINT('',(110.1,-42.0450765604863,0.381500117182309));
#15258=CARTESIAN_POINT('',(110.6438670408,-41.1689344667605,-2.25));
#15259=CARTESIAN_POINT('',(110.5,-38.9406327102345,-5.86275630990155));
#15260=CARTESIAN_POINT('Origin',(110.3,-46.614662470785,-5.62571050627318));
#15261=CARTESIAN_POINT('',(110.1,-34.1178833012871,-5.48603164674457));
#15262=CARTESIAN_POINT('',(110.1,-46.613697057746,-5.42571283634259));
#15263=CARTESIAN_POINT('',(110.5,-33.8888767102217,-5.88714174956164));
#15264=CARTESIAN_POINT('Origin',(110.3,-35.3285826826061,-7.95652956776274));
#15265=CARTESIAN_POINT('',(110.1,-35.5013030389442,-7.85569466058053));
#15266=CARTESIAN_POINT('Origin',(110.3,-36.1052579577266,6.41539852255091));
#15267=CARTESIAN_POINT('',(110.1,-34.0795081329869,2.46387573299627));
#15268=CARTESIAN_POINT('',(110.1,-32.2446036502716,-0.75));
#15269=CARTESIAN_POINT('',(110.1,-36.2789437271037,6.31623575980253));
#15270=CARTESIAN_POINT('',(109.273339931946,-33.196506700267,-0.75));
#15271=CARTESIAN_POINT('',(110.5,-33.8466398897655,2.86275630990155));
#15272=CARTESIAN_POINT('Origin',(110.3,-48.8692970592698,2.73527017020299));
#15273=CARTESIAN_POINT('',(110.1,-38.6693892987129,2.48603164674458));
#15274=CARTESIAN_POINT('',(110.5,-38.8983958897784,2.88714174956164));
#15275=CARTESIAN_POINT('',(110.1,-48.8702624723088,2.5352725002724));
#15276=CARTESIAN_POINT('Origin',(110.3,-43.271803049749,-5.00076597315188));
#15277=CARTESIAN_POINT('',(110.1,-40.5585988722473,-0.749999999999994));
#15278=CARTESIAN_POINT('',(112.058249335911,-42.8261362690302,-0.749999999999993));
#15279=CARTESIAN_POINT('',(110.1,-43.0990826934109,-5.10160088033409));
#15280=CARTESIAN_POINT('Origin',(110.5,-45.2446036502716,-0.749999999999991));
#15281=CARTESIAN_POINT('',(110.1,-45.2446036502716,-0.749999999999991));
#15282=CARTESIAN_POINT('',(109.668873638145,-45.7410477324797,-0.749999999999991));
#15283=CARTESIAN_POINT('',(108.5,-45.2446036502716,-0.749999999999991));
#15284=CARTESIAN_POINT('',(110.5,-45.2446036502716,-0.749999999999991));
#15285=CARTESIAN_POINT('',(108.5,-40.5585988722473,-0.749999999999995));
#15286=CARTESIAN_POINT('',(108.5,-23.3936363,-0.750000000000006));
#15287=CARTESIAN_POINT('',(110.5,-40.5585988722473,-0.749999999999994));
#15288=CARTESIAN_POINT('Origin',(110.3,-47.5073542613944,3.61663490205571));
#15289=CARTESIAN_POINT('',(110.1,-47.0795081329869,2.46387573299627));
#15290=CARTESIAN_POINT('',(110.1,-47.6810400307715,3.51747213930734));
#15291=CARTESIAN_POINT('',(110.5,-46.8466398897655,2.86275630990155));
#15292=CARTESIAN_POINT('Origin',(110.3,-55.3694485128994,2.70389461197596));
#15293=CARTESIAN_POINT('',(110.1,-51.6693892987129,2.48603164674459));
#15294=CARTESIAN_POINT('',(110.5,-51.8983958897783,2.88714174956165));
#15295=CARTESIAN_POINT('',(110.1,-55.3704139259384,2.50389694204537));
#15296=CARTESIAN_POINT('Origin',(110.3,-54.832014589191,-2.53454883755549));
#15297=CARTESIAN_POINT('',(110.1,-53.983517465726,-1.47784408625168));
#15298=CARTESIAN_POINT('',(110.1,-54.6592942328529,-2.6353837447377));
#15299=CARTESIAN_POINT('',(110.5,-54.4453923000129,-1.47561456033989));
#15300=CARTESIAN_POINT('Origin',(110.3,-53.6208586335312,-2.51642626606126));
#15301=CARTESIAN_POINT('',(110.1,-51.7077644670131,-5.46387573299625));
#15302=CARTESIAN_POINT('',(110.1,-53.4471728641541,-2.41726350331288));
#15303=CARTESIAN_POINT('',(110.5,-51.9406327102345,-5.86275630990154));
#15304=CARTESIAN_POINT('Origin',(110.3,-53.1148139244146,-5.65708606450021));
#15305=CARTESIAN_POINT('',(110.1,-47.1178833012871,-5.48603164674457));
#15306=CARTESIAN_POINT('',(110.1,-53.1138485113756,-5.45708839456963));
#15307=CARTESIAN_POINT('',(110.5,-46.8888767102217,-5.88714174956164));
#15308=CARTESIAN_POINT('Origin',(110.3,-46.6763349253088,-5.12639038904051));
#15309=CARTESIAN_POINT('',(110.1,-45.2286737277527,-2.24999999999999));
#15310=CARTESIAN_POINT('',(111.029118218853,-44.1528095522135,-2.25));
#15311=CARTESIAN_POINT('',(110.1,-46.8490552816469,-5.0255554818583));
#15312=CARTESIAN_POINT('Origin',(120.824213109434,-69.6822291507093,1.88886244683031));
#15313=CARTESIAN_POINT('',(117.498164683537,-66.6439413818811,-5.47864463650093));
#15314=CARTESIAN_POINT('',(118.82212049066,-67.9658526703053,-2.25));
#15315=CARTESIAN_POINT('',(120.560444677808,-69.7014924504012,1.98913776663833));
#15316=CARTESIAN_POINT('',(119.431896254081,-68.0094379736721,-2.25));
#15317=CARTESIAN_POINT('',(120.009636722525,-68.0507334712878,-2.25));
#15318=CARTESIAN_POINT('',(117.943763849315,-66.5236036173089,-5.87901139237523));
#15319=CARTESIAN_POINT('',(121.087981541059,-69.6629658510173,1.78858712702228));
#15320=CARTESIAN_POINT('',(117.943763849315,-66.5236036173089,-5.87901139237523));
#15321=CARTESIAN_POINT('Origin',(125.826651160849,-74.6769421873771,-5.69704373236849));
#15322=CARTESIAN_POINT('',(114.368836600652,-62.9541969498968,-5.87097754314918));
#15323=CARTESIAN_POINT('',(125.967738120911,-74.5351868669788,-5.89704347946619));
#15324=CARTESIAN_POINT('',(114.250087926181,-63.4008804669181,-5.47134531063268));
#15325=CARTESIAN_POINT('',(114.368836600652,-62.9541969498968,-5.87097754314918));
#15326=CARTESIAN_POINT('',(125.685564200786,-74.8186975077755,-5.49704398527079));
#15327=CARTESIAN_POINT('Origin',(115.710577104396,-64.5764898778543,-9.11315849285669));
#15328=CARTESIAN_POINT('',(112.586296484234,-61.1744095209771,-1.49196615077397));
#15329=CARTESIAN_POINT('',(115.729207667543,-64.3124672638255,-9.21288292014636));
#15330=CARTESIAN_POINT('',(112.630522906121,-61.783816460071,-1.49270067413175));
#15331=CARTESIAN_POINT('',(112.586296484234,-61.1744095209771,-1.49196615077397));
#15332=CARTESIAN_POINT('',(115.69194654125,-64.8405124918831,-9.01343406556702));
#15333=CARTESIAN_POINT('Origin',(116.525914406833,-65.3905680956962,8.06102970413185));
#15334=CARTESIAN_POINT('',(114.378683616478,-62.9640287594695,2.87901139237525));
#15335=CARTESIAN_POINT('',(116.544770044626,-65.1267702087434,8.16130502393988));
#15336=CARTESIAN_POINT('',(114.259034643417,-63.409813368187,2.47864463650094));
#15337=CARTESIAN_POINT('',(114.378683616478,-62.9640287594695,2.87901139237525));
#15338=CARTESIAN_POINT('',(116.507058769039,-65.6543659826491,7.96075438432383));
#15339=CARTESIAN_POINT('Origin',(127.460086406058,-76.3078550002795,2.64929604602641));
#15340=CARTESIAN_POINT('',(117.953610865142,-66.5334354268816,2.87097754314919));
#15341=CARTESIAN_POINT('',(127.601623515416,-76.166549134033,2.84929579312411));
#15342=CARTESIAN_POINT('',(117.507111400774,-66.65287428315,2.47134531063269));
#15343=CARTESIAN_POINT('',(117.953610865142,-66.5334354268816,2.87097754314919));
#15344=CARTESIAN_POINT('',(127.318549296701,-76.4491608665259,2.4492962989287));
#15345=CARTESIAN_POINT('Origin',(121.488176213594,-70.3451669298745,-6.56033630882927));
#15346=CARTESIAN_POINT('',(119.427582305945,-68.0051306873504,-0.749999999999995));
#15347=CARTESIAN_POINT('',(121.752169719867,-70.3261283572585,-6.4606118815396));
#15348=CARTESIAN_POINT('',(118.818406743608,-67.9621446582069,-0.749999999999995));
#15349=CARTESIAN_POINT('',(124.022688053304,-68.3293809721383,-0.749999999999997));
#15350=CARTESIAN_POINT('',(121.224182707321,-70.3642055024906,-6.66006073611894));
#15351=CARTESIAN_POINT('Origin',(125.976436420524,-74.5438717342433,-0.75));
#15352=CARTESIAN_POINT('',(125.649884927607,-74.217824518455,-0.749999999999999));
#15353=CARTESIAN_POINT('',(131.692257760262,-80.2508664171217,-0.750000000000004));
#15354=CARTESIAN_POINT('',(125.693812351105,-74.8269329208882,-0.75));
#15355=CARTESIAN_POINT('',(125.74972920914,-75.6022897562023,-0.75));
#15356=CARTESIAN_POINT('',(124.563316073427,-75.9591776674675,-0.75));
#15357=CARTESIAN_POINT('',(125.976436420524,-74.5438717342433,-0.75));
#15358=CARTESIAN_POINT('',(117.68791046593,-69.0943894047863,-0.749999999999995));
#15359=CARTESIAN_POINT('',(114.748103385799,-66.1591221216134,-0.749999999999993));
#15360=CARTESIAN_POINT('',(119.101030813027,-67.6790834715621,-0.749999999999995));
#15361=CARTESIAN_POINT('Origin',(137.4080791,-85.9578611,-1.6));
#15362=CARTESIAN_POINT('',(137.4080791,-85.9578611,-1.6));
#15363=CARTESIAN_POINT('',(119.233887294021,-67.8117347889408,-5.5));
#15364=CARTESIAN_POINT('',(124.187458060306,-72.7576560037813,-5.5));
#15365=CARTESIAN_POINT('',(128.320983197011,-76.8847979444704,-5.50000000000001));
#15366=CARTESIAN_POINT('',(124.187458060306,-72.7576560037813,-4.5));
#15367=CARTESIAN_POINT('',(124.187458060306,-72.7576560037813,-3.55));
#15368=CARTESIAN_POINT('',(119.233887294021,-67.8117347889408,-4.5));
#15369=CARTESIAN_POINT('',(130.797768580153,-79.3577585518907,-4.5));
#15370=CARTESIAN_POINT('',(119.233887294021,-67.8117347889408,-3.04999999999954));
#15371=CARTESIAN_POINT('',(125.645570979471,-74.2135172321333,-2.25));
#15372=CARTESIAN_POINT('',(128.25641183004,-76.8203262918302,-2.25));
#15373=CARTESIAN_POINT('',(127.133703384237,-75.6993515884965,-5.87901139237524));
#15374=CARTESIAN_POINT('',(127.065341464237,-75.6310952363888,-5.7123016388015));
#15375=CARTESIAN_POINT('',(130.7086306329,-79.2687582559086,-5.87097754314919));
#15376=CARTESIAN_POINT('',(132.354998612294,-80.912583831621,-5.86727769943294));
#15377=CARTESIAN_POINT('',(132.491170749318,-81.0485456848283,-1.49196615077396));
#15378=CARTESIAN_POINT('',(132.235353727178,-80.7931237081137,-2.12040959729));
#15379=CARTESIAN_POINT('',(130.698783617073,-79.2589264463359,2.87901139237524));
#15380=CARTESIAN_POINT('',(133.08478673288,-81.6412449769327,-2.93957871545068));
#15381=CARTESIAN_POINT('',(127.12385636841,-75.6895197789238,2.87097754314919));
#15382=CARTESIAN_POINT('',(133.969189975146,-82.5242824795298,2.88636089902561));
#15383=CARTESIAN_POINT('',(127.6778218563,-76.2426298056327,4.23185641488361));
#15384=CARTESIAN_POINT('Origin',(127.659191293154,-76.5066524196615,4.13213198759394));
#15385=CARTESIAN_POINT('',(127.005107693939,-76.1362032959451,2.47134531063269));
#15386=CARTESIAN_POINT('',(127.640560730008,-76.7706750336903,4.03240756030427));
#15387=CARTESIAN_POINT('',(127.12385636841,-75.6895197789238,2.87097754314919));
#15388=CARTESIAN_POINT('Origin',(133.828103015083,-82.6660377999282,2.68636115192791));
#15389=CARTESIAN_POINT('',(130.253184451295,-79.3792642109081,2.47864463650093));
#15390=CARTESIAN_POINT('',(130.698783617073,-79.2589264463359,2.87901139237524));
#15391=CARTESIAN_POINT('',(133.687016055021,-82.8077931203266,2.48636140483021));
#15392=CARTESIAN_POINT('Origin',(132.821018301254,-81.6605082766247,-3.03985403525871));
#15393=CARTESIAN_POINT('',(131.881696188592,-81.0052611190241,-1.49270067413176));
#15394=CARTESIAN_POINT('',(132.491170749318,-81.0485456848283,-1.49196615077396));
#15395=CARTESIAN_POINT('',(132.557249869628,-81.6797715763167,-3.14012935506673));
#15396=CARTESIAN_POINT('Origin',(131.971360220905,-80.8121622807298,-2.02068517000033));
#15397=CARTESIAN_POINT('',(130.262131168532,-79.388197112177,-5.4713453106327));
#15398=CARTESIAN_POINT('',(131.707366714631,-80.8312008533458,-1.92096074271066));
#15399=CARTESIAN_POINT('',(130.7086306329,-79.2687582559086,-5.87097754314919));
#15400=CARTESIAN_POINT('Origin',(132.213461502937,-81.0538896978675,-5.66727795233524));
#15401=CARTESIAN_POINT('',(127.014054411175,-76.145136197214,-5.47864463650093));
#15402=CARTESIAN_POINT('',(132.071924393579,-81.195195564114,-5.46727820523753));
#15403=CARTESIAN_POINT('',(127.133703384237,-75.6993515884965,-5.87901139237524));
#15404=CARTESIAN_POINT('Origin',(127.046485826443,-75.8948931233417,-5.61202631899347));
#15405=CARTESIAN_POINT('',(125.690098604053,-74.8232249087898,-2.25));
#15406=CARTESIAN_POINT('',(125.455799480106,-71.6150148179412,-2.25));
#15407=CARTESIAN_POINT('',(127.02763018865,-76.1586910102945,-5.51175099918543));
#15408=CARTESIAN_POINT('Origin',(119.233887294021,-67.8117347889408,-5.5));
#15409=CARTESIAN_POINT('',(122.067777518132,-74.8806149251788,-5.5));
#15410=CARTESIAN_POINT('',(117.114206751313,-69.9346937108735,-5.5));
#15411=CARTESIAN_POINT('',(112.307103375771,-65.1350137055513,-5.49999999999999));
#15412=CARTESIAN_POINT('',(124.187458060306,-72.7576560037813,-5.5));
#15413=CARTESIAN_POINT('',(119.233887294021,-67.8117347889408,-5.5));
#15414=CARTESIAN_POINT('Origin',(119.233887294021,-67.8117347889408,-4.5));
#15415=CARTESIAN_POINT('',(117.114206751313,-69.9346937108736,-4.5));
#15416=CARTESIAN_POINT('',(117.114206751313,-69.9346937108736,-3.05000000000024));
#15417=CARTESIAN_POINT('',(119.233887294021,-67.8117347889408,-4.5));
#15418=CARTESIAN_POINT('Origin',(124.187458060306,-72.7576560037813,-4.5));
#15419=CARTESIAN_POINT('',(122.067777518132,-74.8806149251788,-4.5));
#15420=CARTESIAN_POINT('',(114.783888759181,-67.607974312704,-4.5));
#15421=CARTESIAN_POINT('',(124.187458060306,-72.7576560037813,-4.5));
#15422=CARTESIAN_POINT('Origin',(124.187458060306,-72.7576560037813,-5.5));
#15423=CARTESIAN_POINT('',(122.067777518132,-74.8806149251788,-3.55));
#15424=CARTESIAN_POINT('Origin',(127.287731763358,-75.8531421093002,2.47134531063269));
#15425=CARTESIAN_POINT('',(125.874611416261,-77.2684480425244,2.47134531063269));
#15426=CARTESIAN_POINT('',(127.287731763358,-75.8531421093002,2.47134531063269));
#15427=CARTESIAN_POINT('',(124.255046396201,-75.6513840356774,-1.50729932586823));
#15428=CARTESIAN_POINT('Origin',(130.535808520715,-79.0962030242632,2.47864463650093));
#15429=CARTESIAN_POINT('',(129.122688173618,-80.5115089574875,2.47864463650093));
#15430=CARTESIAN_POINT('',(130.535808520715,-79.0962030242632,2.47864463650093));
#15431=CARTESIAN_POINT('',(125.874611416261,-77.2684480425244,2.47134531063269));
#15432=CARTESIAN_POINT('Origin',(132.164320258012,-80.7221999323792,-1.49270067413176));
#15433=CARTESIAN_POINT('',(130.751199910914,-82.1375058656034,-1.49270067413176));
#15434=CARTESIAN_POINT('',(132.164320258012,-80.7221999323792,-1.49270067413176));
#15435=CARTESIAN_POINT('',(129.122688173618,-80.5115089574875,2.47864463650093));
#15436=CARTESIAN_POINT('Origin',(130.544755237952,-79.1051359255322,-5.4713453106327));
#15437=CARTESIAN_POINT('',(129.131634890854,-80.5204418587564,-5.4713453106327));
#15438=CARTESIAN_POINT('',(130.544755237952,-79.1051359255322,-5.4713453106327));
#15439=CARTESIAN_POINT('',(130.751199910914,-82.1375058656034,-1.49270067413176));
#15440=CARTESIAN_POINT('Origin',(127.296678480595,-75.8620750105691,-5.47864463650093));
#15441=CARTESIAN_POINT('',(125.883558133498,-77.2773809437933,-5.47864463650093));
#15442=CARTESIAN_POINT('',(127.296678480595,-75.8620750105691,-5.47864463650093));
#15443=CARTESIAN_POINT('',(129.131634890854,-80.5204418587564,-5.4713453106327));
#15444=CARTESIAN_POINT('Origin',(125.972722673472,-74.540163722145,-2.25));
#15445=CARTESIAN_POINT('',(124.559602326375,-75.9554696553691,-2.25));
#15446=CARTESIAN_POINT('',(125.972722673472,-74.540163722145,-2.25));
#15447=CARTESIAN_POINT('',(125.883558133498,-77.2773809437933,-5.47864463650093));
#15448=CARTESIAN_POINT('Origin',(119.10474456008,-67.6827914836605,-2.25));
#15449=CARTESIAN_POINT('',(117.691624212982,-69.0980974168846,-2.25));
#15450=CARTESIAN_POINT('',(119.10474456008,-67.6827914836605,-2.25));
#15451=CARTESIAN_POINT('',(127.503123153558,-78.8944449506404,-2.25));
#15452=CARTESIAN_POINT('Origin',(117.780788752957,-66.3608801952363,-5.47864463650093));
#15453=CARTESIAN_POINT('',(116.36766840586,-67.7761861284605,-5.47864463650093));
#15454=CARTESIAN_POINT('',(117.780788752957,-66.3608801952363,-5.47864463650093));
#15455=CARTESIAN_POINT('',(117.996180143156,-69.4021830365765,-1.50729932586824));
#15456=CARTESIAN_POINT('Origin',(114.5327119956,-63.1178192802733,-5.47134531063268));
#15457=CARTESIAN_POINT('',(113.119591648503,-64.5331252134974,-5.47134531063268));
#15458=CARTESIAN_POINT('',(114.5327119956,-63.1178192802733,-5.47134531063268));
#15459=CARTESIAN_POINT('',(116.36766840586,-67.7761861284605,-5.47864463650093));
#15460=CARTESIAN_POINT('Origin',(112.91314697554,-61.5007552734262,-1.49270067413175));
#15461=CARTESIAN_POINT('',(111.500026628443,-62.9160612066504,-1.49270067413175));
#15462=CARTESIAN_POINT('',(112.91314697554,-61.5007552734262,-1.49270067413175));
#15463=CARTESIAN_POINT('',(113.119591648503,-64.5331252134975,-5.47134531063268));
#15464=CARTESIAN_POINT('Origin',(114.541658712837,-63.1267521815422,2.47864463650094));
#15465=CARTESIAN_POINT('',(113.128538365739,-64.5420581147663,2.47864463650094));
#15466=CARTESIAN_POINT('',(114.541658712837,-63.1267521815422,2.47864463650094));
#15467=CARTESIAN_POINT('',(111.500026628443,-62.9160612066504,-1.49270067413175));
#15468=CARTESIAN_POINT('Origin',(117.789735470193,-66.3698130965052,2.47134531063269));
#15469=CARTESIAN_POINT('',(116.376615123096,-67.7851190297294,2.47134531063269));
#15470=CARTESIAN_POINT('',(117.789735470193,-66.3698130965052,2.47134531063269));
#15471=CARTESIAN_POINT('',(113.128538365739,-64.5420581147664,2.47864463650094));
#15472=CARTESIAN_POINT('Origin',(119.101030813027,-67.6790834715621,-0.749999999999995));
#15473=CARTESIAN_POINT('',(116.376615123096,-67.7851190297294,2.47134531063269));
#15474=CARTESIAN_POINT('Origin',(121.125613269678,-72.5267835361269,-1.5));
#15475=CARTESIAN_POINT('Origin',(110.5,-32.2446036502716,-0.75));
#15476=CARTESIAN_POINT('',(108.5,-32.2446036502716,-0.75));
#15477=CARTESIAN_POINT('',(110.5,-32.2446036502716,-0.75));
#15478=CARTESIAN_POINT('',(108.5,-27.5585988722473,-0.750000000000003));
#15479=CARTESIAN_POINT('',(108.5,-23.3936363,-0.750000000000006));
#15480=CARTESIAN_POINT('',(110.5,-27.5585988722473,-0.750000000000003));
#15481=CARTESIAN_POINT('Origin',(110.5,-34.0795081329869,2.46387573299627));
#15482=CARTESIAN_POINT('',(108.5,-34.0795081329869,2.46387573299627));
#15483=CARTESIAN_POINT('',(110.5,-34.0795081329869,2.46387573299627));
#15484=CARTESIAN_POINT('',(108.5,-31.8037551342741,-1.52215591374831));
#15485=CARTESIAN_POINT('Origin',(110.5,-38.6693892987129,2.48603164674458));
#15486=CARTESIAN_POINT('',(108.5,-38.6693892987129,2.48603164674458));
#15487=CARTESIAN_POINT('',(110.5,-38.6693892987129,2.48603164674458));
#15488=CARTESIAN_POINT('',(108.5,-34.0795081329869,2.46387573299627));
#15489=CARTESIAN_POINT('Origin',(110.5,-40.5585988722473,-0.749999999999994));
#15490=CARTESIAN_POINT('',(108.5,-38.6693892987129,2.48603164674458));
#15491=CARTESIAN_POINT('Origin',(110.5,-47.0795081329869,2.46387573299627));
#15492=CARTESIAN_POINT('',(108.5,-47.0795081329869,2.46387573299627));
#15493=CARTESIAN_POINT('',(110.5,-47.0795081329869,2.46387573299627));
#15494=CARTESIAN_POINT('',(108.5,-44.803755134274,-1.52215591374831));
#15495=CARTESIAN_POINT('Origin',(110.5,-51.6693892987129,2.48603164674459));
#15496=CARTESIAN_POINT('',(108.5,-51.6693892987129,2.48603164674459));
#15497=CARTESIAN_POINT('',(110.5,-51.6693892987129,2.48603164674459));
#15498=CARTESIAN_POINT('',(108.5,-47.0795081329869,2.46387573299627));
#15499=CARTESIAN_POINT('Origin',(110.5,-53.983517465726,-1.47784408625168));
#15500=CARTESIAN_POINT('',(108.5,-53.983517465726,-1.47784408625168));
#15501=CARTESIAN_POINT('',(110.5,-53.983517465726,-1.47784408625168));
#15502=CARTESIAN_POINT('',(108.5,-51.6693892987129,2.48603164674459));
#15503=CARTESIAN_POINT('Origin',(110.5,-51.7077644670131,-5.46387573299625));
#15504=CARTESIAN_POINT('',(108.5,-51.7077644670131,-5.46387573299625));
#15505=CARTESIAN_POINT('',(110.5,-51.7077644670131,-5.46387573299625));
#15506=CARTESIAN_POINT('',(108.5,-53.983517465726,-1.47784408625168));
#15507=CARTESIAN_POINT('Origin',(110.5,-47.1178833012871,-5.48603164674457));
#15508=CARTESIAN_POINT('',(108.5,-47.1178833012871,-5.48603164674457));
#15509=CARTESIAN_POINT('',(110.5,-47.1178833012871,-5.48603164674457));
#15510=CARTESIAN_POINT('',(108.5,-51.7077644670131,-5.46387573299625));
#15511=CARTESIAN_POINT('Origin',(110.5,-45.2286737277527,-2.24999999999999));
#15512=CARTESIAN_POINT('',(108.5,-45.2286737277527,-2.24999999999999));
#15513=CARTESIAN_POINT('',(110.5,-45.2286737277527,-2.24999999999999));
#15514=CARTESIAN_POINT('',(108.5,-47.1178833012871,-5.48603164674457));
#15515=CARTESIAN_POINT('Origin',(110.5,-40.5426689497284,-2.25));
#15516=CARTESIAN_POINT('',(108.5,-40.5426689497284,-2.25));
#15517=CARTESIAN_POINT('',(110.5,-40.5426689497284,-2.25));
#15518=CARTESIAN_POINT('',(108.5,-49.3936363,-2.24999999999999));
#15519=CARTESIAN_POINT('Origin',(110.5,-38.7077644670131,-5.46387573299626));
#15520=CARTESIAN_POINT('',(108.5,-38.7077644670131,-5.46387573299626));
#15521=CARTESIAN_POINT('',(110.5,-38.7077644670131,-5.46387573299626));
#15522=CARTESIAN_POINT('',(108.5,-40.983517465726,-1.47784408625169));
#15523=CARTESIAN_POINT('Origin',(110.5,-34.1178833012871,-5.48603164674457));
#15524=CARTESIAN_POINT('',(108.5,-34.1178833012871,-5.48603164674457));
#15525=CARTESIAN_POINT('',(110.5,-34.1178833012871,-5.48603164674457));
#15526=CARTESIAN_POINT('',(108.5,-38.7077644670131,-5.46387573299626));
#15527=CARTESIAN_POINT('Origin',(110.5,-32.2286737277527,-2.25));
#15528=CARTESIAN_POINT('',(108.5,-34.1178833012871,-5.48603164674457));
#15529=CARTESIAN_POINT('Origin',(110.5,-25.7077644670131,-5.46387573299628));
#15530=CARTESIAN_POINT('',(108.5,-25.7077644670131,-5.46387573299628));
#15531=CARTESIAN_POINT('',(110.5,-25.7077644670131,-5.46387573299628));
#15532=CARTESIAN_POINT('',(108.5,-27.983517465726,-1.47784408625171));
#15533=CARTESIAN_POINT('Origin',(110.5,-21.1178833012871,-5.48603164674458));
#15534=CARTESIAN_POINT('',(108.5,-21.1178833012871,-5.48603164674458));
#15535=CARTESIAN_POINT('',(110.5,-21.1178833012871,-5.48603164674458));
#15536=CARTESIAN_POINT('',(108.5,-25.7077644670131,-5.46387573299628));
#15537=CARTESIAN_POINT('Origin',(110.5,-18.803755134274,-1.5221559137483));
#15538=CARTESIAN_POINT('',(108.5,-18.803755134274,-1.5221559137483));
#15539=CARTESIAN_POINT('',(110.5,-18.803755134274,-1.5221559137483));
#15540=CARTESIAN_POINT('',(108.5,-21.1178833012871,-5.48603164674458));
#15541=CARTESIAN_POINT('Origin',(110.5,-21.0795081329869,2.46387573299627));
#15542=CARTESIAN_POINT('',(108.5,-21.0795081329869,2.46387573299627));
#15543=CARTESIAN_POINT('',(110.5,-21.0795081329869,2.46387573299627));
#15544=CARTESIAN_POINT('',(108.5,-18.803755134274,-1.5221559137483));
#15545=CARTESIAN_POINT('Origin',(110.5,-25.6693892987129,2.48603164674456));
#15546=CARTESIAN_POINT('',(108.5,-25.6693892987129,2.48603164674456));
#15547=CARTESIAN_POINT('',(110.5,-25.6693892987129,2.48603164674456));
#15548=CARTESIAN_POINT('',(108.5,-21.0795081329869,2.46387573299627));
#15549=CARTESIAN_POINT('Origin',(110.5,-27.5585988722473,-0.750000000000003));
#15550=CARTESIAN_POINT('',(108.5,-25.6693892987129,2.48603164674456));
#15551=CARTESIAN_POINT('Origin',(108.5,-36.3936363,-1.5));
#15552=CARTESIAN_POINT('Origin',(68.389519775,-106.675,5.2));
#15553=CARTESIAN_POINT('',(65.325,-106.475,5.));
#15554=CARTESIAN_POINT('',(65.725,-106.875,5.4));
#15555=CARTESIAN_POINT('',(59.325,-106.475,5.));
#15556=CARTESIAN_POINT('',(68.389519775,-106.475,5.));
#15557=CARTESIAN_POINT('',(58.925,-106.875,5.4));
#15558=CARTESIAN_POINT('Origin',(65.389519775,-102.775,5.2));
#15559=CARTESIAN_POINT('',(59.325,-102.975,5.));
#15560=CARTESIAN_POINT('',(58.925,-102.575,5.4));
#15561=CARTESIAN_POINT('',(65.325,-102.975,5.));
#15562=CARTESIAN_POINT('',(65.389519775,-102.975,5.));
#15563=CARTESIAN_POINT('',(65.325,-102.975,5.));
#15564=CARTESIAN_POINT('Origin',(59.125,-82.292500275,5.2));
#15565=CARTESIAN_POINT('',(59.325,-82.292500275,5.));
#15566=CARTESIAN_POINT('Origin',(65.525,-80.542500275,5.2));
#15567=CARTESIAN_POINT('',(65.325,-80.542500275,5.));
#15568=CARTESIAN_POINT('Origin',(65.325,-102.975,5.4));
#15569=CARTESIAN_POINT('',(65.325,-102.975,3.8));
#15570=CARTESIAN_POINT('',(65.325,-102.975,5.4));
#15571=CARTESIAN_POINT('',(65.325,-106.475,3.8));
#15572=CARTESIAN_POINT('',(65.325,-95.155000075,3.8));
#15573=CARTESIAN_POINT('',(65.325,-106.475,5.4));
#15574=CARTESIAN_POINT('Origin',(59.325,-102.975,5.4));
#15575=CARTESIAN_POINT('',(59.325,-102.975,3.8));
#15576=CARTESIAN_POINT('',(59.325,-102.975,5.4));
#15577=CARTESIAN_POINT('',(48.3,-102.975,3.8));
#15578=CARTESIAN_POINT('Origin',(59.325,-106.475,5.4));
#15579=CARTESIAN_POINT('',(59.325,-106.475,3.8));
#15580=CARTESIAN_POINT('',(59.325,-106.475,5.4));
#15581=CARTESIAN_POINT('',(59.325,-96.905000075,3.8));
#15582=CARTESIAN_POINT('Origin',(65.325,-106.475,5.4));
#15583=CARTESIAN_POINT('',(51.3,-106.475,3.8));
#15584=CARTESIAN_POINT('Origin',(58.3374999322577,-110.469986783039,-2.5));
#15585=CARTESIAN_POINT('',(53.425,-110.219988114141,-2.75));
#15586=CARTESIAN_POINT('',(53.425,-110.219988114141,-2.75));
#15587=CARTESIAN_POINT('',(49.425,-110.219989197989,-2.75));
#15588=CARTESIAN_POINT('',(49.4250001354811,-110.719989197989,-2.25));
#15589=CARTESIAN_POINT('',(58.3374998645171,-110.219986783039,-2.75));
#15590=CARTESIAN_POINT('Origin',(53.4250000677405,-110.469988181881,-4.25));
#15591=CARTESIAN_POINT('',(53.425,-110.219988249622,-5.75));
#15592=CARTESIAN_POINT('',(53.425,-110.219988249622,-5.75));
#15593=CARTESIAN_POINT('Origin',(53.425,-110.219988249622,-4.25));
#15594=CARTESIAN_POINT('Origin',(60.3374999322575,-110.469986241115,-6.));
#15595=CARTESIAN_POINT('',(49.425,-110.219989197989,-5.75));
#15596=CARTESIAN_POINT('',(49.425,-110.219989197989,-5.75));
#15597=CARTESIAN_POINT('',(60.337499864517,-110.219986241115,-5.75));
#15598=CARTESIAN_POINT('Origin',(49.4250000677406,-110.469989130249,-4.25));
#15599=CARTESIAN_POINT('Origin',(49.425,-110.219989062508,-4.25));
#15600=CARTESIAN_POINT('Origin',(53.425,-110.720002590292,-4.25));
#15601=CARTESIAN_POINT('',(53.425,-110.720002590292,-2.75));
#15602=CARTESIAN_POINT('',(53.425,-109.219988124002,-5.75));
#15603=CARTESIAN_POINT('',(53.425,-110.720002590292,-5.75));
#15604=CARTESIAN_POINT('',(53.425,-110.720002590292,-5.75));
#15605=CARTESIAN_POINT('Origin',(49.425,-110.720002590292,-2.75));
#15606=CARTESIAN_POINT('',(49.425,-110.720002590292,-2.75));
#15607=CARTESIAN_POINT('Origin',(49.425,-109.219989207546,-5.75));
#15608=CARTESIAN_POINT('',(49.425,-109.219989207546,-5.75));
#15609=CARTESIAN_POINT('',(49.425,-110.720002590292,-5.75));
#15610=CARTESIAN_POINT('',(49.425,-109.219989207546,-5.75));
#15611=CARTESIAN_POINT('Origin',(53.425,-109.219988124002,-5.75));
#15612=CARTESIAN_POINT('',(53.4249997968335,-109.219988124002,-5.75));
#15613=CARTESIAN_POINT('',(53.425,-109.219988124002,-5.75));
#15614=CARTESIAN_POINT('Origin',(53.425,-107.719988133863,-5.75));
#15615=CARTESIAN_POINT('Origin',(53.425,-110.720002590292,-5.75));
#15616=CARTESIAN_POINT('',(49.425,-110.720002590292,-5.75));
#15617=CARTESIAN_POINT('Origin',(49.425,-110.720002590292,-4.25));
#15618=CARTESIAN_POINT('Origin',(6.00000000000001,-62.95266265,-4.3));
#15619=CARTESIAN_POINT('',(6.50000000000001,-89.61,-3.8));
#15620=CARTESIAN_POINT('',(6.50000000000001,-62.95266265,-3.8));
#15621=CARTESIAN_POINT('',(5.50000000000001,-88.61,-4.8));
#15622=CARTESIAN_POINT('Origin',(6.00000000000001,-89.11,-2.7));
#15623=CARTESIAN_POINT('',(6.50000000000001,-89.61,-2.7));
#15624=CARTESIAN_POINT('Origin',(5.50000000000001,-101.61,4.2));
#15625=CARTESIAN_POINT('',(8.50000000000001,-101.61,4.2));
#15626=CARTESIAN_POINT('',(5.50000000000001,-101.61,4.2));
#15627=CARTESIAN_POINT('',(8.50000000000001,-101.61,3.8));
#15628=CARTESIAN_POINT('',(8.50000000000001,-101.61,2.2));
#15629=CARTESIAN_POINT('',(8.50000000000001,-101.61,-3.8));
#15630=CARTESIAN_POINT('',(8.50000000000001,-101.61,1.3));
#15631=CARTESIAN_POINT('',(5.50000000000001,-101.61,-3.8));
#15632=CARTESIAN_POINT('Origin',(5.50000000000001,-89.61,4.2));
#15633=CARTESIAN_POINT('',(8.50000000000001,-89.61,4.2));
#15634=CARTESIAN_POINT('',(5.50000000000001,-89.61,4.2));
#15635=CARTESIAN_POINT('',(8.50000000000001,-92.61,4.2));
#15636=CARTESIAN_POINT('Origin',(8.50000000000001,-95.61,0.199999999999999));
#15637=CARTESIAN_POINT('',(8.50000000000001,-89.61,3.8));
#15638=CARTESIAN_POINT('',(8.50000000000001,-97.527500225,3.8));
#15639=CARTESIAN_POINT('',(8.50000000000001,-89.61,-1.8));
#15640=CARTESIAN_POINT('Origin',(5.50000000000001,-89.61,-3.8));
#15641=CARTESIAN_POINT('',(8.50000000000001,-89.61,-3.8));
#15642=CARTESIAN_POINT('',(5.50000000000001,-89.61,-3.8));
#15643=CARTESIAN_POINT('',(8.50000000000001,-89.61,-2.7));
#15644=CARTESIAN_POINT('Origin',(5.50000000000001,-101.61,-3.8));
#15645=CARTESIAN_POINT('',(8.50000000000001,-104.66500015,-3.8));
#15646=CARTESIAN_POINT('Origin',(32.,-72.5,-0.5));
#15647=CARTESIAN_POINT('',(32.,-74.7,0.));
#15648=CARTESIAN_POINT('',(29.8,-72.5,4.02455846426619E-15));
#15649=CARTESIAN_POINT('Origin',(32.,-72.5,0.));
#15650=CARTESIAN_POINT('',(34.1857492994395,-72.75,0.));
#15651=CARTESIAN_POINT('Origin',(32.,-72.5,0.));
#15652=CARTESIAN_POINT('Origin',(32.,-72.5,0.));
#15653=CARTESIAN_POINT('',(30.8,-72.5,-1.));
#15654=CARTESIAN_POINT('',(30.3,-72.5,-0.5));
#15655=CARTESIAN_POINT('Origin',(32.,-72.5,-1.));
#15656=CARTESIAN_POINT('Origin',(32.,-72.5,-12.5));
#15657=CARTESIAN_POINT('',(30.8,-72.5,-12.5));
#15658=CARTESIAN_POINT('Origin',(84.0000000000001,-34.5,-0.5));
#15659=CARTESIAN_POINT('',(81.8000000000001,-34.5,3.53883589099269E-15));
#15660=CARTESIAN_POINT('Origin',(84.0000000000001,-34.5,0.));
#15661=CARTESIAN_POINT('',(82.8000000000001,-34.5,-1.));
#15662=CARTESIAN_POINT('',(82.3000000000001,-34.5,-0.5));
#15663=CARTESIAN_POINT('Origin',(84.0000000000001,-34.5,-1.));
#15664=CARTESIAN_POINT('Origin',(84.0000000000001,-34.5,-12.5));
#15665=CARTESIAN_POINT('',(82.8000000000001,-34.5,-12.5));
#15666=CARTESIAN_POINT('Origin',(100.1355861,-78.3241015,-0.5));
#15667=CARTESIAN_POINT('',(97.9355861,-78.3241015,3.53883589099269E-15));
#15668=CARTESIAN_POINT('Origin',(100.1355861,-78.3241015,0.));
#15669=CARTESIAN_POINT('',(98.9355861000001,-78.3241015,-1.));
#15670=CARTESIAN_POINT('',(98.4355861,-78.3241015,-0.5));
#15671=CARTESIAN_POINT('Origin',(100.1355861,-78.3241015,-1.));
#15672=CARTESIAN_POINT('Origin',(100.1355861,-78.3241015,-12.5));
#15673=CARTESIAN_POINT('',(98.9355861000001,-78.3241015,-12.5));
#15674=CARTESIAN_POINT('Origin',(32.,-34.5,-0.5));
#15675=CARTESIAN_POINT('',(29.8,-34.5,1.2490009027033E-15));
#15676=CARTESIAN_POINT('Origin',(32.,-34.5,0.));
#15677=CARTESIAN_POINT('',(30.8,-34.5,-1.));
#15678=CARTESIAN_POINT('',(30.3,-34.5,-0.5));
#15679=CARTESIAN_POINT('Origin',(32.,-34.5,-1.));
#15680=CARTESIAN_POINT('Origin',(32.,-34.5,-12.5));
#15681=CARTESIAN_POINT('',(30.8,-34.5,-12.5));
#15682=CARTESIAN_POINT('Origin',(48.1553042,-6.7,-1.6));
#15683=CARTESIAN_POINT('Origin',(6.7,-24.9567277,-1.6));
#15684=CARTESIAN_POINT('Origin',(109.3,-14.6871564,-1.6));
#15685=CARTESIAN_POINT('',(109.3,-14.6871564,-1.6));
#15686=CARTESIAN_POINT('Origin',(109.3,-59.5889344,-1.6));
#15687=CARTESIAN_POINT('',(109.3,-59.5889344,-1.6));
#15688=CARTESIAN_POINT('Origin',(136.018756,-86.2664299,-1.6));
#15689=CARTESIAN_POINT('',(136.018756,-86.2664299,-1.6));
#15690=CARTESIAN_POINT('Origin',(127.5551602,-109.5199681,-1.6));
#15691=CARTESIAN_POINT('Origin',(107.5,-16.1739844,-1.6));
#15692=CARTESIAN_POINT('',(107.5,-16.1739844,-1.6));
#15693=CARTESIAN_POINT('Origin',(107.5,-60.3353337,-1.6));
#15694=CARTESIAN_POINT('',(107.5,-60.3353337,-1.6));
#15695=CARTESIAN_POINT('Origin',(126.2947865,-107.7199684,-1.6));
#15696=CARTESIAN_POINT('',(133.9347712,-86.729283,-1.6));
#15697=CARTESIAN_POINT('Origin',(48.3768944000001,-8.5,-1.6));
#15698=CARTESIAN_POINT('Origin',(120.413482919509,-73.2288749712759,3.8));
#15699=CARTESIAN_POINT('',(107.5,-77.5917931656299,3.8));
#15700=CARTESIAN_POINT('',(111.98712586738,-78.3829945845312,3.8));
#15701=CARTESIAN_POINT('',(115.632558281397,-79.0257827263677,3.8));
#15702=CARTESIAN_POINT('',(107.5,-60.3353337,3.8));
#15703=CARTESIAN_POINT('',(107.5,-75.4103340684529,3.8));
#15704=CARTESIAN_POINT('',(133.326965839018,-86.1224162425518,3.8));
#15705=CARTESIAN_POINT('',(113.956741459754,-66.782104335638,3.8));
#15706=CARTESIAN_POINT('',(112.2750267987,-78.4601371505309,3.8));
#15707=CARTESIAN_POINT('',(125.5535675107,-83.2931306660096,3.8));
#15708=CARTESIAN_POINT('',(115.417764061467,-79.3022282670869,3.8));
#15709=CARTESIAN_POINT('Origin',(107.5,-60.3353337,-1.6));
#15710=CARTESIAN_POINT('',(107.5,-60.3353337,-1.6));
#15711=CARTESIAN_POINT('',(133.326965839018,-86.1224162425518,-1.6));
#15712=CARTESIAN_POINT('Origin',(107.5,-77.5917931656299,-1.6));
#15713=CARTESIAN_POINT('',(107.5,-77.5917931656299,-1.6));
#15714=CARTESIAN_POINT('Origin',(111.98712586738,-78.3829945845312,-1.6));
#15715=CARTESIAN_POINT('',(111.98712586738,-78.3829945845312,-1.6));
#15716=CARTESIAN_POINT('Origin',(37.275,-87.33500015,3.8));
#15717=CARTESIAN_POINT('',(8.50000000000001,-97.527500225,3.8));
#15718=CARTESIAN_POINT('',(8.50000000000001,-66.95,3.8));
#15719=CARTESIAN_POINT('',(8.50000000000001,-97.527500225,3.8));
#15720=CARTESIAN_POINT('',(28.05,-66.95,3.8));
#15721=CARTESIAN_POINT('',(22.8875,-66.95,3.8));
#15722=CARTESIAN_POINT('',(28.05,-75.9,3.8));
#15723=CARTESIAN_POINT('',(28.05,-77.142500075,3.8));
#15724=CARTESIAN_POINT('',(32.,-75.9,3.8));
#15725=CARTESIAN_POINT('',(32.6625,-75.9,3.8));
#15726=CARTESIAN_POINT('',(35.0753048629364,-73.95,3.8));
#15727=CARTESIAN_POINT('Origin',(32.,-72.5,3.8));
#15728=CARTESIAN_POINT('',(49.95,-73.95,3.8));
#15729=CARTESIAN_POINT('',(36.1751524314682,-73.95,3.8));
#15730=CARTESIAN_POINT('',(49.95,-68.95,3.8));
#15731=CARTESIAN_POINT('',(49.95,-80.642500075,3.8));
#15732=CARTESIAN_POINT('',(66.05,-68.95,3.8));
#15733=CARTESIAN_POINT('',(43.6125,-68.95,3.8));
#15734=CARTESIAN_POINT('',(66.05,-78.142500075,3.8));
#15735=CARTESIAN_POINT('Origin',(32.,-72.5,-1.6));
#15736=CARTESIAN_POINT('',(32.,-75.9,-1.6));
#15737=CARTESIAN_POINT('',(35.0753048629364,-73.95,-1.6));
#15738=CARTESIAN_POINT('Origin',(28.05,-75.9,-1.6));
#15739=CARTESIAN_POINT('',(28.05,-75.9,-1.6));
#15740=CARTESIAN_POINT('Origin',(28.05,-66.95,-1.6));
#15741=CARTESIAN_POINT('',(28.05,-66.95,-1.6));
#15742=CARTESIAN_POINT('Origin',(8.50000000000001,-66.95,-1.6));
#15743=CARTESIAN_POINT('',(8.50000000000001,-66.95,-1.6));
#15744=CARTESIAN_POINT('Origin',(8.50000000000001,-107.7200003,-1.6));
#15745=CARTESIAN_POINT('Origin',(48.75,-67.75,-1.6));
#15746=CARTESIAN_POINT('',(48.75,-72.75,0.));
#15747=CARTESIAN_POINT('',(48.75,-72.75,0.));
#15748=CARTESIAN_POINT('',(48.75,-72.75,-1.6));
#15749=CARTESIAN_POINT('Origin',(48.75,-72.75,-1.6));
#15750=CARTESIAN_POINT('',(34.1857492994395,-72.75,0.));
#15751=CARTESIAN_POINT('',(34.1857492994395,-72.75,-1.6));
#15752=CARTESIAN_POINT('Origin',(32.,-72.5,-1.6));
#15753=CARTESIAN_POINT('',(32.,-74.7,-1.6));
#15754=CARTESIAN_POINT('Origin',(32.,-74.7,-1.6));
#15755=CARTESIAN_POINT('',(29.25,-74.7,0.));
#15756=CARTESIAN_POINT('',(32.,-74.7,0.));
#15757=CARTESIAN_POINT('',(29.25,-74.7,-1.6));
#15758=CARTESIAN_POINT('Origin',(29.25,-74.7,-1.6));
#15759=CARTESIAN_POINT('',(29.25,-65.75,0.));
#15760=CARTESIAN_POINT('',(29.25,-65.75,0.));
#15761=CARTESIAN_POINT('',(29.25,-65.75,-1.6));
#15762=CARTESIAN_POINT('Origin',(29.25,-65.75,-1.6));
#15763=CARTESIAN_POINT('',(10.25,-65.75,0.));
#15764=CARTESIAN_POINT('',(8.50000000000001,-65.75,0.));
#15765=CARTESIAN_POINT('',(10.25,-65.75,-1.6));
#15766=CARTESIAN_POINT('Origin',(10.25,-65.75,-1.6));
#15767=CARTESIAN_POINT('',(10.25,-27.25,0.));
#15768=CARTESIAN_POINT('',(10.25,-65.75,0.));
#15769=CARTESIAN_POINT('',(10.25,-27.25,-1.6));
#15770=CARTESIAN_POINT('Origin',(10.25,-27.25,-1.6));
#15771=CARTESIAN_POINT('',(29.25,-27.25,0.));
#15772=CARTESIAN_POINT('',(29.25,-27.25,0.));
#15773=CARTESIAN_POINT('',(29.25,-27.25,-1.6));
#15774=CARTESIAN_POINT('Origin',(29.25,-27.25,-1.6));
#15775=CARTESIAN_POINT('',(29.2500000000001,-15.25,0.));
#15776=CARTESIAN_POINT('',(29.2500000000001,-15.25,0.));
#15777=CARTESIAN_POINT('',(29.2500000000001,-15.25,-1.6));
#15778=CARTESIAN_POINT('Origin',(29.2500000000001,-15.25,-1.6));
#15779=CARTESIAN_POINT('',(48.25,-15.25,0.));
#15780=CARTESIAN_POINT('',(48.25,-15.25,0.));
#15781=CARTESIAN_POINT('',(48.25,-15.25,-1.6));
#15782=CARTESIAN_POINT('Origin',(48.25,-15.25,-1.6));
#15783=CARTESIAN_POINT('',(48.25,-10.25,0.));
#15784=CARTESIAN_POINT('',(48.25,-10.25,0.));
#15785=CARTESIAN_POINT('',(48.25,-10.25,-1.6));
#15786=CARTESIAN_POINT('Origin',(48.25,-10.25,-1.6));
#15787=CARTESIAN_POINT('',(67.75,-10.25,0.));
#15788=CARTESIAN_POINT('',(67.75,-10.25,0.));
#15789=CARTESIAN_POINT('',(67.75,-10.25,-1.6));
#15790=CARTESIAN_POINT('Origin',(67.75,-10.25,-1.6));
#15791=CARTESIAN_POINT('',(67.75,-15.25,0.));
#15792=CARTESIAN_POINT('',(67.75,-15.25,0.));
#15793=CARTESIAN_POINT('',(67.75,-15.25,-1.6));
#15794=CARTESIAN_POINT('Origin',(67.75,-15.25,-1.6));
#15795=CARTESIAN_POINT('',(86.75,-15.25,0.));
#15796=CARTESIAN_POINT('',(86.75,-15.25,0.));
#15797=CARTESIAN_POINT('',(86.75,-15.25,-1.6));
#15798=CARTESIAN_POINT('Origin',(86.75,-15.25,-1.6));
#15799=CARTESIAN_POINT('',(86.75,-17.75,0.));
#15800=CARTESIAN_POINT('',(86.75,-17.75,0.));
#15801=CARTESIAN_POINT('',(86.75,-17.75,-1.6));
#15802=CARTESIAN_POINT('Origin',(86.75,-17.75,-1.6));
#15803=CARTESIAN_POINT('',(105.75,-17.75,0.));
#15804=CARTESIAN_POINT('',(105.75,-17.75,0.));
#15805=CARTESIAN_POINT('',(105.75,-17.75,-1.6));
#15806=CARTESIAN_POINT('Origin',(105.75,-17.75,-1.6));
#15807=CARTESIAN_POINT('',(105.75,-79.0602175,0.));
#15808=CARTESIAN_POINT('',(105.75,-79.0602175,0.));
#15809=CARTESIAN_POINT('',(105.75,-79.0602175,-1.6));
#15810=CARTESIAN_POINT('Origin',(105.75,-79.0602175,-1.6));
#15811=CARTESIAN_POINT('',(111.6079964,-80.0931404,0.));
#15812=CARTESIAN_POINT('',(105.75,-79.0602175,0.));
#15813=CARTESIAN_POINT('',(111.6079964,-80.0931404,-1.6));
#15814=CARTESIAN_POINT('Origin',(66.05,-68.95,-1.6));
#15815=CARTESIAN_POINT('',(66.05,-68.95,-1.6));
#15816=CARTESIAN_POINT('Origin',(49.95,-68.95,-1.6));
#15817=CARTESIAN_POINT('',(49.95,-68.95,-1.6));
#15818=CARTESIAN_POINT('Origin',(49.95,-73.95,-1.6));
#15819=CARTESIAN_POINT('',(49.95,-73.95,-1.6));
#15820=CARTESIAN_POINT('Origin',(35.0753048629364,-73.95,-1.6));
#15821=CARTESIAN_POINT('Origin',(112.2750267987,-78.4601371505309,-1.6));
#15822=CARTESIAN_POINT('',(112.2750267987,-78.4601371505309,-1.6));
#15823=CARTESIAN_POINT('Origin',(133.326965839018,-86.1224162425518,-1.6));
#15824=CARTESIAN_POINT('Origin',(67.8811237,-5.50000000000001,-1.6));
#15825=CARTESIAN_POINT('Origin',(128.3954093,-110.7199678,-1.6));
#15826=CARTESIAN_POINT('Origin',(131.8157174,-87.4346779,-1.6));
#15827=CARTESIAN_POINT('',(131.8157174,-87.4346779,0.));
#15828=CARTESIAN_POINT('',(131.8157174,-87.4346779,-1.6));
#15829=CARTESIAN_POINT('',(123.340564518866,-110.719969169671,0.));
#15830=CARTESIAN_POINT('Origin',(111.748291,-80.1307321,-1.6));
#15831=CARTESIAN_POINT('',(111.748291,-80.1307321,0.));
#15832=CARTESIAN_POINT('',(111.748291,-80.1307321,0.));
#15833=CARTESIAN_POINT('',(111.748291,-80.1307321,-1.6));
#15834=CARTESIAN_POINT('Origin',(111.6079964,-80.0931404,-1.6));
#15835=CARTESIAN_POINT('',(111.6079964,-80.0931404,0.));
#15836=CARTESIAN_POINT('Origin',(103.,-58.5,-1.6));
#15837=CARTESIAN_POINT('',(103.,-72.5,0.));
#15838=CARTESIAN_POINT('',(103.,-72.5,-1.6));
#15839=CARTESIAN_POINT('',(103.,-58.5,0.));
#15840=CARTESIAN_POINT('',(103.,-72.5,0.));
#15841=CARTESIAN_POINT('',(103.,-58.5,-1.6));
#15842=CARTESIAN_POINT('Origin',(89.0000000000001,-58.5,-1.6));
#15843=CARTESIAN_POINT('',(89.0000000000001,-58.5,0.));
#15844=CARTESIAN_POINT('',(103.,-58.5,0.));
#15845=CARTESIAN_POINT('',(89.0000000000001,-58.5,-1.6));
#15846=CARTESIAN_POINT('Origin',(89.0000000000001,-72.5,-1.6));
#15847=CARTESIAN_POINT('',(89.0000000000001,-72.5,0.));
#15848=CARTESIAN_POINT('',(89.0000000000001,-58.5,0.));
#15849=CARTESIAN_POINT('',(89.0000000000001,-72.5,-1.6));
#15850=CARTESIAN_POINT('Origin',(103.,-72.5,-1.6));
#15851=CARTESIAN_POINT('',(89.0000000000001,-72.5,0.));
#15852=CARTESIAN_POINT('Origin',(84.0000000000001,-70.,-1.6));
#15853=CARTESIAN_POINT('',(70.,-70.,0.));
#15854=CARTESIAN_POINT('',(70.,-70.,-1.6));
#15855=CARTESIAN_POINT('',(84.0000000000001,-70.,0.));
#15856=CARTESIAN_POINT('',(70.,-70.,0.));
#15857=CARTESIAN_POINT('',(84.0000000000001,-70.,-1.6));
#15858=CARTESIAN_POINT('Origin',(84.0000000000001,-56.,-1.6));
#15859=CARTESIAN_POINT('',(84.0000000000001,-56.,0.));
#15860=CARTESIAN_POINT('',(84.0000000000001,-70.,0.));
#15861=CARTESIAN_POINT('',(84.0000000000001,-56.,-1.6));
#15862=CARTESIAN_POINT('Origin',(70.,-56.,-1.6));
#15863=CARTESIAN_POINT('',(70.,-56.,0.));
#15864=CARTESIAN_POINT('',(84.0000000000001,-56.,0.));
#15865=CARTESIAN_POINT('',(70.,-56.,-1.6));
#15866=CARTESIAN_POINT('Origin',(70.,-70.,-1.6));
#15867=CARTESIAN_POINT('',(70.,-56.,0.));
#15868=CARTESIAN_POINT('Origin',(70.,-18.,-1.6));
#15869=CARTESIAN_POINT('',(84.0000000000001,-18.,0.));
#15870=CARTESIAN_POINT('',(84.0000000000001,-18.,-1.6));
#15871=CARTESIAN_POINT('',(70.,-18.,0.));
#15872=CARTESIAN_POINT('',(84.0000000000001,-18.,0.));
#15873=CARTESIAN_POINT('',(70.,-18.,-1.6));
#15874=CARTESIAN_POINT('Origin',(70.,-32.,-1.6));
#15875=CARTESIAN_POINT('',(70.,-32.,0.));
#15876=CARTESIAN_POINT('',(70.,-18.,0.));
#15877=CARTESIAN_POINT('',(70.,-32.,-1.6));
#15878=CARTESIAN_POINT('Origin',(84.0000000000001,-32.,-1.6));
#15879=CARTESIAN_POINT('',(84.0000000000001,-32.,0.));
#15880=CARTESIAN_POINT('',(70.,-32.,0.));
#15881=CARTESIAN_POINT('',(84.0000000000001,-32.,-1.6));
#15882=CARTESIAN_POINT('Origin',(84.0000000000001,-18.,-1.6));
#15883=CARTESIAN_POINT('',(84.0000000000001,-32.,0.));
#15884=CARTESIAN_POINT('Origin',(70.,-51.,-1.6));
#15885=CARTESIAN_POINT('',(70.,-37.,0.));
#15886=CARTESIAN_POINT('',(70.,-37.,-1.6));
#15887=CARTESIAN_POINT('',(70.,-51.,0.));
#15888=CARTESIAN_POINT('',(70.,-37.,0.));
#15889=CARTESIAN_POINT('',(70.,-51.,-1.6));
#15890=CARTESIAN_POINT('Origin',(84.0000000000001,-51.,-1.6));
#15891=CARTESIAN_POINT('',(84.0000000000001,-51.,0.));
#15892=CARTESIAN_POINT('',(70.,-51.,0.));
#15893=CARTESIAN_POINT('',(84.0000000000001,-51.,-1.6));
#15894=CARTESIAN_POINT('Origin',(84.0000000000001,-37.,-1.6));
#15895=CARTESIAN_POINT('',(84.0000000000001,-37.,0.));
#15896=CARTESIAN_POINT('',(84.0000000000001,-51.,0.));
#15897=CARTESIAN_POINT('',(84.0000000000001,-37.,-1.6));
#15898=CARTESIAN_POINT('Origin',(70.,-37.,-1.6));
#15899=CARTESIAN_POINT('',(84.0000000000001,-37.,0.));
#15900=CARTESIAN_POINT('Origin',(92.8078114,-79.5705837,-1.6));
#15901=CARTESIAN_POINT('',(106.5951199,-82.0016582,0.));
#15902=CARTESIAN_POINT('',(106.5951199,-82.0016582,-1.6));
#15903=CARTESIAN_POINT('',(92.8078114,-79.5705837,0.));
#15904=CARTESIAN_POINT('',(106.5951199,-82.0016582,0.));
#15905=CARTESIAN_POINT('',(92.8078114,-79.5705837,-1.6));
#15906=CARTESIAN_POINT('Origin',(90.3767369000001,-93.3578922,-1.6));
#15907=CARTESIAN_POINT('',(90.3767369000001,-93.3578922,0.));
#15908=CARTESIAN_POINT('',(92.8078114,-79.5705837,0.));
#15909=CARTESIAN_POINT('',(90.3767369000001,-93.3578922,-1.6));
#15910=CARTESIAN_POINT('Origin',(104.1640454,-95.7889667,-1.6));
#15911=CARTESIAN_POINT('',(104.1640454,-95.7889667,0.));
#15912=CARTESIAN_POINT('',(90.3767369000001,-93.3578922,0.));
#15913=CARTESIAN_POINT('',(104.1640454,-95.7889667,-1.6));
#15914=CARTESIAN_POINT('Origin',(106.5951199,-82.0016582,-1.6));
#15915=CARTESIAN_POINT('',(104.1640454,-95.7889667,0.));
#15916=CARTESIAN_POINT('Origin',(70.,-92.8,-1.6));
#15917=CARTESIAN_POINT('',(70.,-78.8,0.));
#15918=CARTESIAN_POINT('',(70.,-78.8,-1.6));
#15919=CARTESIAN_POINT('',(70.,-92.8,0.));
#15920=CARTESIAN_POINT('',(70.,-78.8,0.));
#15921=CARTESIAN_POINT('',(70.,-92.8,-1.6));
#15922=CARTESIAN_POINT('Origin',(84.0000000000001,-92.8,-1.6));
#15923=CARTESIAN_POINT('',(84.0000000000001,-92.8,0.));
#15924=CARTESIAN_POINT('',(70.,-92.8,0.));
#15925=CARTESIAN_POINT('',(84.0000000000001,-92.8,-1.6));
#15926=CARTESIAN_POINT('Origin',(84.0000000000001,-78.8,-1.6));
#15927=CARTESIAN_POINT('',(84.0000000000001,-78.8,0.));
#15928=CARTESIAN_POINT('',(84.0000000000001,-92.8,0.));
#15929=CARTESIAN_POINT('',(84.0000000000001,-78.8,-1.6));
#15930=CARTESIAN_POINT('Origin',(70.,-78.8,-1.6));
#15931=CARTESIAN_POINT('',(84.0000000000001,-78.8,0.));
#15932=CARTESIAN_POINT('Origin',(89.0000000000001,-39.5,-1.6));
#15933=CARTESIAN_POINT('',(103.,-39.5,0.));
#15934=CARTESIAN_POINT('',(103.,-39.5,-1.6));
#15935=CARTESIAN_POINT('',(89.0000000000001,-39.5,0.));
#15936=CARTESIAN_POINT('',(103.,-39.5,0.));
#15937=CARTESIAN_POINT('',(89.0000000000001,-39.5,-1.6));
#15938=CARTESIAN_POINT('Origin',(89.0000000000001,-53.5,-1.6));
#15939=CARTESIAN_POINT('',(89.0000000000001,-53.5,0.));
#15940=CARTESIAN_POINT('',(89.0000000000001,-39.5,0.));
#15941=CARTESIAN_POINT('',(89.0000000000001,-53.5,-1.6));
#15942=CARTESIAN_POINT('Origin',(103.,-53.5,-1.6));
#15943=CARTESIAN_POINT('',(103.,-53.5,0.));
#15944=CARTESIAN_POINT('',(89.0000000000001,-53.5,0.));
#15945=CARTESIAN_POINT('',(103.,-53.5,-1.6));
#15946=CARTESIAN_POINT('Origin',(103.,-39.5,-1.6));
#15947=CARTESIAN_POINT('',(103.,-53.5,0.));
#15948=CARTESIAN_POINT('Origin',(13.0000000000001,-30.,-1.6));
#15949=CARTESIAN_POINT('',(27.,-30.,0.));
#15950=CARTESIAN_POINT('',(27.,-30.,-1.6));
#15951=CARTESIAN_POINT('',(13.0000000000001,-30.,0.));
#15952=CARTESIAN_POINT('',(27.,-30.,0.));
#15953=CARTESIAN_POINT('',(13.0000000000001,-30.,-1.6));
#15954=CARTESIAN_POINT('Origin',(13.,-44.,-1.6));
#15955=CARTESIAN_POINT('',(13.,-44.,0.));
#15956=CARTESIAN_POINT('',(13.0000000000001,-30.,0.));
#15957=CARTESIAN_POINT('',(13.,-44.,-1.6));
#15958=CARTESIAN_POINT('Origin',(27.,-44.,-1.6));
#15959=CARTESIAN_POINT('',(27.,-44.,0.));
#15960=CARTESIAN_POINT('',(13.,-44.,0.));
#15961=CARTESIAN_POINT('',(27.,-44.,-1.6));
#15962=CARTESIAN_POINT('Origin',(27.,-30.,-1.6));
#15963=CARTESIAN_POINT('',(27.,-44.,0.));
#15964=CARTESIAN_POINT('Origin',(89.0000000000001,-34.5,-1.6));
#15965=CARTESIAN_POINT('',(89.0000000000001,-20.5,0.));
#15966=CARTESIAN_POINT('',(89.0000000000001,-20.5,-1.6));
#15967=CARTESIAN_POINT('',(89.0000000000001,-34.5,0.));
#15968=CARTESIAN_POINT('',(89.0000000000001,-20.5,0.));
#15969=CARTESIAN_POINT('',(89.0000000000001,-34.5,-1.6));
#15970=CARTESIAN_POINT('Origin',(103.,-34.5,-1.6));
#15971=CARTESIAN_POINT('',(103.,-34.5,0.));
#15972=CARTESIAN_POINT('',(89.0000000000001,-34.5,0.));
#15973=CARTESIAN_POINT('',(103.,-34.5,-1.6));
#15974=CARTESIAN_POINT('Origin',(103.,-20.5,-1.6));
#15975=CARTESIAN_POINT('',(103.,-20.5,0.));
#15976=CARTESIAN_POINT('',(103.,-34.5,0.));
#15977=CARTESIAN_POINT('',(103.,-20.5,-1.6));
#15978=CARTESIAN_POINT('Origin',(89.0000000000001,-20.5,-1.6));
#15979=CARTESIAN_POINT('',(103.,-20.5,0.));
#15980=CARTESIAN_POINT('Origin',(27.,-63.,-1.6));
#15981=CARTESIAN_POINT('',(13.,-63.,0.));
#15982=CARTESIAN_POINT('',(13.,-63.,-1.6));
#15983=CARTESIAN_POINT('',(27.,-63.,0.));
#15984=CARTESIAN_POINT('',(13.,-63.,0.));
#15985=CARTESIAN_POINT('',(27.,-63.,-1.6));
#15986=CARTESIAN_POINT('Origin',(27.,-49.,-1.6));
#15987=CARTESIAN_POINT('',(27.,-49.,0.));
#15988=CARTESIAN_POINT('',(27.,-63.,0.));
#15989=CARTESIAN_POINT('',(27.,-49.,-1.6));
#15990=CARTESIAN_POINT('Origin',(13.0000000000001,-49.,-1.6));
#15991=CARTESIAN_POINT('',(13.0000000000001,-49.,0.));
#15992=CARTESIAN_POINT('',(27.,-49.,0.));
#15993=CARTESIAN_POINT('',(13.0000000000001,-49.,-1.6));
#15994=CARTESIAN_POINT('Origin',(13.,-63.,-1.6));
#15995=CARTESIAN_POINT('',(13.0000000000001,-49.,0.));
#15996=CARTESIAN_POINT('Origin',(51.,-46.,-1.6));
#15997=CARTESIAN_POINT('',(51.,-32.,0.));
#15998=CARTESIAN_POINT('',(51.,-32.,-1.6));
#15999=CARTESIAN_POINT('',(51.,-46.,0.));
#16000=CARTESIAN_POINT('',(51.,-32.,0.));
#16001=CARTESIAN_POINT('',(51.,-46.,-1.6));
#16002=CARTESIAN_POINT('Origin',(65.,-46.,-1.6));
#16003=CARTESIAN_POINT('',(65.,-46.,0.));
#16004=CARTESIAN_POINT('',(51.,-46.,0.));
#16005=CARTESIAN_POINT('',(65.,-46.,-1.6));
#16006=CARTESIAN_POINT('Origin',(65.,-32.,-1.6));
#16007=CARTESIAN_POINT('',(65.,-32.,0.));
#16008=CARTESIAN_POINT('',(65.,-46.,0.));
#16009=CARTESIAN_POINT('',(65.,-32.,-1.6));
#16010=CARTESIAN_POINT('Origin',(51.,-32.,-1.6));
#16011=CARTESIAN_POINT('',(65.,-32.,0.));
#16012=CARTESIAN_POINT('Origin',(65.,-51.,-1.6));
#16013=CARTESIAN_POINT('',(65.,-65.,0.));
#16014=CARTESIAN_POINT('',(65.,-65.,-1.6));
#16015=CARTESIAN_POINT('',(65.,-51.,0.));
#16016=CARTESIAN_POINT('',(65.,-65.,0.));
#16017=CARTESIAN_POINT('',(65.,-51.,-1.6));
#16018=CARTESIAN_POINT('Origin',(51.,-51.,-1.6));
#16019=CARTESIAN_POINT('',(51.,-51.,0.));
#16020=CARTESIAN_POINT('',(65.,-51.,0.));
#16021=CARTESIAN_POINT('',(51.,-51.,-1.6));
#16022=CARTESIAN_POINT('Origin',(51.,-65.,-1.6));
#16023=CARTESIAN_POINT('',(51.,-65.,0.));
#16024=CARTESIAN_POINT('',(51.,-51.,0.));
#16025=CARTESIAN_POINT('',(51.,-65.,-1.6));
#16026=CARTESIAN_POINT('Origin',(65.,-65.,-1.6));
#16027=CARTESIAN_POINT('',(51.,-65.,0.));
#16028=CARTESIAN_POINT('Origin',(65.,-13.,-1.6));
#16029=CARTESIAN_POINT('',(65.,-27.,0.));
#16030=CARTESIAN_POINT('',(65.,-27.,-1.6));
#16031=CARTESIAN_POINT('',(65.,-13.,0.));
#16032=CARTESIAN_POINT('',(65.,-27.,0.));
#16033=CARTESIAN_POINT('',(65.,-13.,-1.6));
#16034=CARTESIAN_POINT('Origin',(51.,-13.,-1.6));
#16035=CARTESIAN_POINT('',(51.,-13.,0.));
#16036=CARTESIAN_POINT('',(65.,-13.,0.));
#16037=CARTESIAN_POINT('',(51.,-13.,-1.6));
#16038=CARTESIAN_POINT('Origin',(51.,-27.,-1.6));
#16039=CARTESIAN_POINT('',(51.,-27.,0.));
#16040=CARTESIAN_POINT('',(51.,-13.,0.));
#16041=CARTESIAN_POINT('',(51.,-27.,-1.6));
#16042=CARTESIAN_POINT('Origin',(65.,-27.,-1.6));
#16043=CARTESIAN_POINT('',(51.,-27.,0.));
#16044=CARTESIAN_POINT('Origin',(32.,-70.,-1.6));
#16045=CARTESIAN_POINT('',(32.,-56.,0.));
#16046=CARTESIAN_POINT('',(32.,-56.,-1.6));
#16047=CARTESIAN_POINT('',(32.,-70.,0.));
#16048=CARTESIAN_POINT('',(32.,-56.,0.));
#16049=CARTESIAN_POINT('',(32.,-70.,-1.6));
#16050=CARTESIAN_POINT('Origin',(46.,-70.,-1.6));
#16051=CARTESIAN_POINT('',(46.,-70.,0.));
#16052=CARTESIAN_POINT('',(32.,-70.,0.));
#16053=CARTESIAN_POINT('',(46.,-70.,-1.6));
#16054=CARTESIAN_POINT('Origin',(46.,-56.,-1.6));
#16055=CARTESIAN_POINT('',(46.,-56.,0.));
#16056=CARTESIAN_POINT('',(46.,-70.,0.));
#16057=CARTESIAN_POINT('',(46.,-56.,-1.6));
#16058=CARTESIAN_POINT('Origin',(32.,-56.,-1.6));
#16059=CARTESIAN_POINT('',(46.,-56.,0.));
#16060=CARTESIAN_POINT('Origin',(32.,-18.,-1.6));
#16061=CARTESIAN_POINT('',(46.,-18.,0.));
#16062=CARTESIAN_POINT('',(46.,-18.,-1.6));
#16063=CARTESIAN_POINT('',(32.,-18.,0.));
#16064=CARTESIAN_POINT('',(46.,-18.,0.));
#16065=CARTESIAN_POINT('',(32.,-18.,-1.6));
#16066=CARTESIAN_POINT('Origin',(32.,-32.,-1.6));
#16067=CARTESIAN_POINT('',(32.,-32.,0.));
#16068=CARTESIAN_POINT('',(32.,-18.,0.));
#16069=CARTESIAN_POINT('',(32.,-32.,-1.6));
#16070=CARTESIAN_POINT('Origin',(46.,-32.,-1.6));
#16071=CARTESIAN_POINT('',(46.,-32.,0.));
#16072=CARTESIAN_POINT('',(32.,-32.,0.));
#16073=CARTESIAN_POINT('',(46.,-32.,-1.6));
#16074=CARTESIAN_POINT('Origin',(46.,-18.,-1.6));
#16075=CARTESIAN_POINT('',(46.,-32.,0.));
#16076=CARTESIAN_POINT('Origin',(32.,-37.,-1.6));
#16077=CARTESIAN_POINT('',(46.,-37.,0.));
#16078=CARTESIAN_POINT('',(46.,-37.,-1.6));
#16079=CARTESIAN_POINT('',(32.,-37.,0.));
#16080=CARTESIAN_POINT('',(46.,-37.,0.));
#16081=CARTESIAN_POINT('',(32.,-37.,-1.6));
#16082=CARTESIAN_POINT('Origin',(32.,-51.,-1.6));
#16083=CARTESIAN_POINT('',(32.,-51.,0.));
#16084=CARTESIAN_POINT('',(32.,-37.,0.));
#16085=CARTESIAN_POINT('',(32.,-51.,-1.6));
#16086=CARTESIAN_POINT('Origin',(46.,-51.,-1.6));
#16087=CARTESIAN_POINT('',(46.,-51.,0.));
#16088=CARTESIAN_POINT('',(32.,-51.,0.));
#16089=CARTESIAN_POINT('',(46.,-51.,-1.6));
#16090=CARTESIAN_POINT('Origin',(46.,-37.,-1.6));
#16091=CARTESIAN_POINT('',(46.,-51.,0.));
#16092=CARTESIAN_POINT('Origin',(115.1353106,-84.2899953,-1.6));
#16093=CARTESIAN_POINT('',(128.2910072,-89.0782773,0.));
#16094=CARTESIAN_POINT('',(128.2910072,-89.0782773,-1.6));
#16095=CARTESIAN_POINT('',(115.1353106,-84.2899953,0.));
#16096=CARTESIAN_POINT('',(128.2910072,-89.0782773,0.));
#16097=CARTESIAN_POINT('',(115.1353106,-84.2899953,-1.6));
#16098=CARTESIAN_POINT('Origin',(110.3470286,-97.4456919,-1.6));
#16099=CARTESIAN_POINT('',(110.3470286,-97.4456919,0.));
#16100=CARTESIAN_POINT('',(115.1353106,-84.2899953,0.));
#16101=CARTESIAN_POINT('',(110.3470286,-97.4456919,-1.6));
#16102=CARTESIAN_POINT('Origin',(123.5027252,-102.2339739,-1.6));
#16103=CARTESIAN_POINT('',(123.5027252,-102.2339739,0.));
#16104=CARTESIAN_POINT('',(110.3470286,-97.4456919,0.));
#16105=CARTESIAN_POINT('',(123.5027252,-102.2339739,-1.6));
#16106=CARTESIAN_POINT('Origin',(128.2910072,-89.0782773,-1.6));
#16107=CARTESIAN_POINT('',(123.5027252,-102.2339739,0.));
#16108=CARTESIAN_POINT('Origin',(71.0328587000001,-60.4849921840447,0.));
#16109=CARTESIAN_POINT('Origin',(-133.70238420323,-84.4439567459445,4.65));
#16110=CARTESIAN_POINT('',(-124.894372326798,-109.63198091427,4.98798783437868));
#16111=CARTESIAN_POINT('',(-125.502140027778,-109.166795859655,5.4));
#16112=CARTESIAN_POINT('Ctrl Pts',(-124.894372326798,-109.63198091427,4.98798783437868));
#16113=CARTESIAN_POINT('Ctrl Pts',(-125.216872144979,-109.406164045054,
5.21380461620906));
#16114=CARTESIAN_POINT('Ctrl Pts',(-125.502140027778,-109.166795859655,
5.40000000000001));
#16115=CARTESIAN_POINT('',(-123.340564518866,-110.719969169671,3.9));
#16116=CARTESIAN_POINT('',(-117.36944051597,-114.900996419975,-0.281025632355262));
#16117=CARTESIAN_POINT('',(-131.8157174,-87.4346779,3.9));
#16118=CARTESIAN_POINT('',(-132.997614737278,-84.1874416394457,3.9));
#16119=CARTESIAN_POINT('',(-133.225256333164,-87.9477081095349,5.4));
#16120=CARTESIAN_POINT('',(-125.859168179885,-85.266671311036,-2.43882727177851));
#16121=CARTESIAN_POINT('',(-134.407153669181,-84.7004718524434,5.4));
#16122=CARTESIAN_POINT('Origin',(-71.45403955,-58.11000055,5.4));
#16123=CARTESIAN_POINT('',(-111.748291,-80.1307321,5.4));
#16124=CARTESIAN_POINT('',(-111.748291,-80.1307321,5.4));
#16125=CARTESIAN_POINT('',(-111.6079964,-80.0931404,5.4));
#16126=CARTESIAN_POINT('',(-111.6079964,-80.0931404,5.4));
#16127=CARTESIAN_POINT('',(-105.75,-79.0602175,5.4));
#16128=CARTESIAN_POINT('',(-105.75,-79.0602175,5.4));
#16129=CARTESIAN_POINT('',(-105.75,-17.75,5.4));
#16130=CARTESIAN_POINT('',(-105.75,-60.3353337,5.4));
#16131=CARTESIAN_POINT('',(-86.75,-17.75,5.4));
#16132=CARTESIAN_POINT('',(-105.75,-17.75,5.4));
#16133=CARTESIAN_POINT('',(-86.75,-15.25,5.4));
#16134=CARTESIAN_POINT('',(-86.75,-17.75,5.4));
#16135=CARTESIAN_POINT('',(-67.75,-15.25,5.4));
#16136=CARTESIAN_POINT('',(-86.75,-15.25,5.4));
#16137=CARTESIAN_POINT('',(-67.75,-10.25,5.4));
#16138=CARTESIAN_POINT('',(-67.75,-15.25,5.4));
#16139=CARTESIAN_POINT('',(-48.25,-10.25,5.4));
#16140=CARTESIAN_POINT('',(-67.75,-10.25,5.4));
#16141=CARTESIAN_POINT('',(-48.25,-15.25,5.4));
#16142=CARTESIAN_POINT('',(-48.25,-10.25,5.4));
#16143=CARTESIAN_POINT('',(-29.2500000000001,-15.25,5.4));
#16144=CARTESIAN_POINT('',(-48.25,-15.25,5.4));
#16145=CARTESIAN_POINT('',(-29.25,-27.25,5.4));
#16146=CARTESIAN_POINT('',(-29.2500000000001,-15.25,5.4));
#16147=CARTESIAN_POINT('',(-10.25,-27.25,5.4));
#16148=CARTESIAN_POINT('',(-29.25,-27.25,5.4));
#16149=CARTESIAN_POINT('',(-10.25,-65.75,5.4));
#16150=CARTESIAN_POINT('',(-10.25,-65.75,5.4));
#16151=CARTESIAN_POINT('',(-29.25,-65.75,5.4));
#16152=CARTESIAN_POINT('',(-8.50000000000001,-65.75,5.4));
#16153=CARTESIAN_POINT('',(-29.25,-74.7,5.4));
#16154=CARTESIAN_POINT('',(-29.25,-74.7,5.4));
#16155=CARTESIAN_POINT('',(-32.,-74.7,5.4));
#16156=CARTESIAN_POINT('',(-32.,-74.7,5.4));
#16157=CARTESIAN_POINT('',(-34.1857492994395,-72.75,5.4));
#16158=CARTESIAN_POINT('Origin',(-32.,-72.5,5.4));
#16159=CARTESIAN_POINT('',(-48.75,-72.75,5.4));
#16160=CARTESIAN_POINT('',(-34.1857492994395,-72.75,5.4));
#16161=CARTESIAN_POINT('',(-48.75,-67.75,5.4));
#16162=CARTESIAN_POINT('',(-48.75,-72.75,5.4));
#16163=CARTESIAN_POINT('',(-65.75,-67.75,5.4));
#16164=CARTESIAN_POINT('',(-48.75,-67.75,5.4));
#16165=CARTESIAN_POINT('',(-65.75,-109.219984774533,5.4));
#16166=CARTESIAN_POINT('',(-65.75,-84.4149924590447,5.4));
#16167=CARTESIAN_POINT('',(-10.5000009483674,-109.219999745189,5.4));
#16168=CARTESIAN_POINT('',(-69.3520264962129,-109.21998379852,5.4));
#16169=CARTESIAN_POINT('',(-7.00000000000001,-105.719999745189,5.4));
#16170=CARTESIAN_POINT('Origin',(-10.5,-105.719999745189,5.4));
#16171=CARTESIAN_POINT('',(-7.00000000000001,-27.0511687301716,5.4));
#16172=CARTESIAN_POINT('',(-7.00000000000001,-41.202662925,5.4));
#16173=CARTESIAN_POINT('',(-8.6310245254612,-24.0919575725196,5.4));
#16174=CARTESIAN_POINT('Origin',(-10.5,-27.0511687301716,5.4));
#16175=CARTESIAN_POINT('',(-27.0292939553002,-12.4719978919103,5.4));
#16176=CARTESIAN_POINT('',(-32.9447103038114,-8.73594544818221,5.4));
#16177=CARTESIAN_POINT('',(-28.0493947422119,-12.0357102990537,5.4));
#16178=CARTESIAN_POINT('Origin',(-28.898269429839,-15.4312090495623,5.4));
#16179=CARTESIAN_POINT('',(-47.7742309404612,-7.10450124949134,5.4));
#16180=CARTESIAN_POINT('',(-53.2155983081427,-5.74415940757094,5.4));
#16181=CARTESIAN_POINT('',(-48.6231056280883,-7.00000000000001,5.4));
#16182=CARTESIAN_POINT('Origin',(-48.6231056280883,-10.5,5.4));
#16183=CARTESIAN_POINT('',(-67.4047191073985,-7.00000000000001,5.4));
#16184=CARTESIAN_POINT('',(-69.667581625,-7.00000000000001,5.4));
#16185=CARTESIAN_POINT('',(-68.0656849890624,-7.06297743631552,5.4));
#16186=CARTESIAN_POINT('Origin',(-67.4047191073985,-10.5,5.4));
#16187=CARTESIAN_POINT('',(-109.,-14.9349611402887,5.4));
#16188=CARTESIAN_POINT('',(-95.5082830715507,-12.3404001766817,5.4));
#16189=CARTESIAN_POINT('',(-109.,-59.7133342269003,5.4));
#16190=CARTESIAN_POINT('',(-109.,-58.600667675,5.4));
#16191=CARTESIAN_POINT('',(-135.671425144846,-86.3435720246065,5.4));
#16192=CARTESIAN_POINT('',(-112.872290087827,-63.5796445309247,5.4));
#16193=CARTESIAN_POINT('',(-128.183295438539,-106.917039253042,5.4));
#16194=CARTESIAN_POINT('',(-132.109691677021,-96.1293542760818,5.4));
#16195=CARTESIAN_POINT('Origin',(-124.894371266791,-105.719968748648,5.4));
#16196=CARTESIAN_POINT('',(-65.725,-102.575,5.4));
#16197=CARTESIAN_POINT('',(-58.925,-102.575,5.4));
#16198=CARTESIAN_POINT('',(-65.389519775,-102.575,5.4));
#16199=CARTESIAN_POINT('',(-58.925,-106.875,5.4));
#16200=CARTESIAN_POINT('',(-58.925,-82.292500275,5.4));
#16201=CARTESIAN_POINT('',(-65.725,-106.875,5.4));
#16202=CARTESIAN_POINT('',(-68.389519775,-106.875,5.4));
#16203=CARTESIAN_POINT('',(-65.725,-80.542500275,5.4));
#16204=CARTESIAN_POINT('Origin',(-124.894371266791,-105.719968748648,4.65));
#16205=CARTESIAN_POINT('',(-129.592834369289,-107.43006946921,3.9));
#16206=CARTESIAN_POINT('',(-129.592834369289,-107.43006946921,3.9));
#16207=CARTESIAN_POINT('',(-124.894372621601,-110.719968748648,3.9));
#16208=CARTESIAN_POINT('Origin',(-124.894371266791,-105.719968748648,3.9));
#16209=CARTESIAN_POINT('',(-124.894372621601,-110.719968748648,3.9));
#16210=CARTESIAN_POINT('Origin',(-69.3520266994345,-109.96998379852,4.65));
#16211=CARTESIAN_POINT('',(-69.3520269026561,-110.71998379852,3.9));
#16212=CARTESIAN_POINT('Origin',(-66.5,-84.4149924590447,4.65));
#16213=CARTESIAN_POINT('',(-67.25,-110.719984368089,3.9));
#16214=CARTESIAN_POINT('',(-67.25,-67.75,3.9));
#16215=CARTESIAN_POINT('',(-67.25,-84.4149924590447,3.9));
#16216=CARTESIAN_POINT('',(-65.75,-109.219984774533,5.4));
#16217=CARTESIAN_POINT('',(-68.25,-67.75,2.9));
#16218=CARTESIAN_POINT('Origin',(-95.6499186176216,-11.6038953416065,4.65));
#16219=CARTESIAN_POINT('',(-110.5,-13.6959378,3.9));
#16220=CARTESIAN_POINT('',(-68.3489560812041,-5.58996776616503,3.9));
#16221=CARTESIAN_POINT('',(-95.7915541636924,-10.8673905065312,3.9));
#16222=CARTESIAN_POINT('',(-109.,-14.9349611402887,5.4));
#16223=CARTESIAN_POINT('',(-68.3489560812041,-5.58996776616503,3.9));
#16224=CARTESIAN_POINT('Origin',(-109.75,-58.600667675,4.65));
#16225=CARTESIAN_POINT('',(-110.5,-59.0913348,3.9));
#16226=CARTESIAN_POINT('',(-110.5,-58.600667675,3.9));
#16227=CARTESIAN_POINT('',(-109.,-59.7133342269003,5.4));
#16228=CARTESIAN_POINT('Origin',(-113.402210217989,-63.0489048059657,4.65));
#16229=CARTESIAN_POINT('',(-137.4080791,-85.9578611,3.9));
#16230=CARTESIAN_POINT('',(-113.93213034815,-62.5181650810066,3.9));
#16231=CARTESIAN_POINT('',(-135.671425144846,-86.3435720246065,5.4));
#16232=CARTESIAN_POINT('Origin',(-132.814461142396,-96.385869384166,4.65));
#16233=CARTESIAN_POINT('',(-133.51923060777,-96.6423844922503,3.9));
#16234=CARTESIAN_POINT('Origin',(-67.4047191073985,-10.5,4.65));
#16235=CARTESIAN_POINT('',(-67.4047191073985,-5.50000000000001,3.9));
#16236=CARTESIAN_POINT('',(-67.4047191073985,-5.50000000000001,3.9));
#16237=CARTESIAN_POINT('Origin',(-67.4047191073985,-10.5,3.9));
#16238=CARTESIAN_POINT('Origin',(-69.667581625,-6.25000000000001,4.65));
#16239=CARTESIAN_POINT('',(-48.6231056280883,-5.50000000000001,3.9));
#16240=CARTESIAN_POINT('',(-48.6231056280883,-5.50000000000001,3.9));
#16241=CARTESIAN_POINT('',(-69.667581625,-5.50000000000001,3.9));
#16242=CARTESIAN_POINT('Origin',(-48.6231056280883,-10.5,4.65));
#16243=CARTESIAN_POINT('',(-47.4104275029067,-5.64928749927334,3.9));
#16244=CARTESIAN_POINT('',(-47.4104275029067,-5.64928749927334,3.9));
#16245=CARTESIAN_POINT('Origin',(-48.6231056280883,-10.5,3.9));
#16246=CARTESIAN_POINT('Origin',(-53.0336965893655,-5.01655253246194,4.65));
#16247=CARTESIAN_POINT('',(-27.6855913046574,-10.5804965488357,3.9));
#16248=CARTESIAN_POINT('',(-27.6855913046574,-10.5804965488357,3.9));
#16249=CARTESIAN_POINT('',(-52.8517948705883,-4.28894565735295,3.9));
#16250=CARTESIAN_POINT('Origin',(-28.898269429839,-15.4312090495623,4.65));
#16251=CARTESIAN_POINT('',(-26.2283044662122,-11.2037645386308,3.9));
#16252=CARTESIAN_POINT('',(-26.2283044662122,-11.2037645386308,3.9));
#16253=CARTESIAN_POINT('Origin',(-28.898269429839,-15.4312090495623,3.9));
#16254=CARTESIAN_POINT('Origin',(-32.5442155592674,-8.10182877154248,4.65));
#16255=CARTESIAN_POINT('',(-7.83003503637315,-22.8237242192401,3.9));
#16256=CARTESIAN_POINT('',(-7.83003503637315,-22.8237242192401,3.9));
#16257=CARTESIAN_POINT('',(-32.1437208147234,-7.46771209490275,3.9));
#16258=CARTESIAN_POINT('Origin',(-10.5,-27.0511687301716,4.65));
#16259=CARTESIAN_POINT('',(-5.50000000000001,-27.0511687301716,3.9));
#16260=CARTESIAN_POINT('',(-5.50000000000001,-27.0511687301716,3.9));
#16261=CARTESIAN_POINT('Origin',(-10.5,-27.0511687301716,3.9));
#16262=CARTESIAN_POINT('Origin',(-6.25000000000001,-41.202662925,4.65));
#16263=CARTESIAN_POINT('',(-6.15000000000001,-101.96,4.55));
#16264=CARTESIAN_POINT('',(-5.50000000000001,-102.61,3.9));
#16265=CARTESIAN_POINT('',(-15.7178895125,-92.3921104875001,14.1178895125));
#16266=CARTESIAN_POINT('',(-6.15000000000001,-89.26,4.55));
#16267=CARTESIAN_POINT('',(-6.15000000000001,-49.0776627875,4.55));
#16268=CARTESIAN_POINT('',(-5.50000000000001,-88.61,3.9));
#16269=CARTESIAN_POINT('',(3.08455617916665,-80.0254438208334,-4.68455617916666));
#16270=CARTESIAN_POINT('',(-5.50000000000001,-41.202662925,3.9));
#16271=CARTESIAN_POINT('',(-5.50000000000001,-105.719999745189,3.9));
#16272=CARTESIAN_POINT('',(-5.50000000000001,-105.719999745189,3.9));
#16273=CARTESIAN_POINT('',(-5.50000000000001,-41.202662925,3.9));
#16274=CARTESIAN_POINT('Origin',(-10.5,-105.719999745189,4.65));
#16275=CARTESIAN_POINT('',(-10.5000013548106,-110.719999745189,3.9));
#16276=CARTESIAN_POINT('',(-10.5000013548106,-110.719999745189,3.9));
#16277=CARTESIAN_POINT('Origin',(-10.5,-105.719999745189,3.9));
#16278=CARTESIAN_POINT('Origin',(-69.3520266994345,-109.96998379852,4.65));
#16279=CARTESIAN_POINT('',(-69.3520269026561,-110.71998379852,3.9));
#16280=CARTESIAN_POINT('Origin',(-67.25,-67.75,-1.6));
#16281=CARTESIAN_POINT('',(-48.75,-67.75,0.));
#16282=CARTESIAN_POINT('',(-48.75,-67.75,-1.6));
#16283=CARTESIAN_POINT('',(-67.25,-67.75,0.));
#16284=CARTESIAN_POINT('',(-48.75,-67.75,0.));
#16285=CARTESIAN_POINT('',(-67.25,-67.75,-1.6));
#16286=CARTESIAN_POINT('Origin',(-67.25,-110.719984368089,-1.6));
#16287=CARTESIAN_POINT('',(-67.25,-110.719984368089,0.));
#16288=CARTESIAN_POINT('',(-67.25,-110.719984368089,0.));
#16289=CARTESIAN_POINT('',(-67.25,-110.719984368089,-1.6));
#16290=CARTESIAN_POINT('Origin',(-10.5,-105.719999745189,-1.6));
#16291=CARTESIAN_POINT('',(-10.5000013548106,-110.719999745189,-9.2));
#16292=CARTESIAN_POINT('',(-10.5000013548106,-110.719999745189,-1.6));
#16293=CARTESIAN_POINT('',(-5.50000000000001,-105.719999745189,-9.2));
#16294=CARTESIAN_POINT('Origin',(-10.5,-105.719999745189,-9.2));
#16295=CARTESIAN_POINT('',(-5.50000000000001,-105.719999745189,-1.6));
#16296=CARTESIAN_POINT('Origin',(-5.50000000000001,-24.2953253,-1.6));
#16297=CARTESIAN_POINT('',(-5.50000000000001,-27.0511687301716,-9.2));
#16298=CARTESIAN_POINT('',(-5.50000000000001,-24.2953253,-9.2));
#16299=CARTESIAN_POINT('',(-5.50000000000001,-27.0511687301716,-1.6));
#16300=CARTESIAN_POINT('',(-5.50000000000001,-88.61,-4.8));
#16301=CARTESIAN_POINT('',(-5.50000000000001,-88.61,-2.7));
#16302=CARTESIAN_POINT('',(-5.50000000000001,-102.61,-4.8));
#16303=CARTESIAN_POINT('',(-5.50000000000001,-62.95266265,-4.8));
#16304=CARTESIAN_POINT('',(-5.50000000000001,-102.61,1.3));
#16305=CARTESIAN_POINT('Origin',(-6.00000000000001,-102.11,1.3));
#16306=CARTESIAN_POINT('',(-6.50000000000001,-101.61,-3.8));
#16307=CARTESIAN_POINT('',(-5.50000000000001,-102.61,-4.8));
#16308=CARTESIAN_POINT('',(-6.50000000000001,-101.61,4.2));
#16309=CARTESIAN_POINT('',(-6.50000000000001,-101.61,1.3));
#16310=CARTESIAN_POINT('',(-6.50000000000001,-101.61,4.2));
#16311=CARTESIAN_POINT('Origin',(-6.00000000000001,-56.95266265,4.7));
#16312=CARTESIAN_POINT('',(-6.50000000000001,-89.61,4.2));
#16313=CARTESIAN_POINT('',(-6.50000000000001,-56.95266265,4.2));
#16314=CARTESIAN_POINT('',(-5.50000000000001,-88.61,5.2));
#16315=CARTESIAN_POINT('Origin',(-67.25,-110.719984368089,-1.6));
#16316=CARTESIAN_POINT('',(-124.894372621601,-110.719968748648,-9.2));
#16317=CARTESIAN_POINT('',(-124.894372621601,-110.719968748648,-1.6));
#16318=CARTESIAN_POINT('',(-5.50000000000001,-110.7200011,-9.2));
#16319=CARTESIAN_POINT('',(-123.340564518866,-110.719969169671,0.));
#16320=CARTESIAN_POINT('',(-5.50000000000001,-110.7200011,0.));
#16321=CARTESIAN_POINT('',(-123.340564518866,-110.719969169671,-1.6));
#16322=CARTESIAN_POINT('',(-53.4250001354811,-110.719988114141,-2.25));
#16323=CARTESIAN_POINT('',(-49.4250001354811,-110.719989197989,-2.25));
#16324=CARTESIAN_POINT('',(-58.3374999999982,-110.719986783039,-2.25));
#16325=CARTESIAN_POINT('',(-49.4250001354811,-110.719989197989,-6.25));
#16326=CARTESIAN_POINT('Origin',(-49.4250001354811,-110.719989197989,-4.25));
#16327=CARTESIAN_POINT('',(-53.425000135481,-110.719988114141,-6.24999986451903));
#16328=CARTESIAN_POINT('',(-60.3374999999981,-110.719986241115,-6.25));
#16329=CARTESIAN_POINT('Origin',(-53.425000135481,-110.719988114141,-4.25));
#16330=CARTESIAN_POINT('Origin',(-71.45403955,-58.11000055,-9.2));
#16331=CARTESIAN_POINT('',(-129.592834369289,-107.43006946921,-9.2));
#16332=CARTESIAN_POINT('Origin',(-124.894371266791,-105.719968748648,-9.2));
#16333=CARTESIAN_POINT('',(-137.4080791,-85.9578611,-9.2));
#16334=CARTESIAN_POINT('',(-128.3954093,-110.7199678,-9.2));
#16335=CARTESIAN_POINT('',(-110.5,-59.0913348,-9.2));
#16336=CARTESIAN_POINT('',(-137.4080791,-85.9578611,-9.2));
#16337=CARTESIAN_POINT('',(-110.5,-13.6959378,-9.2));
#16338=CARTESIAN_POINT('',(-110.5,-59.0913348,-9.2));
#16339=CARTESIAN_POINT('',(-68.3489560812041,-5.58996776616503,-9.2));
#16340=CARTESIAN_POINT('',(-110.5,-13.6959378,-9.2));
#16341=CARTESIAN_POINT('',(-67.4047191073985,-5.50000000000001,-9.2));
#16342=CARTESIAN_POINT('Origin',(-67.4047191073985,-10.5,-9.2));
#16343=CARTESIAN_POINT('',(-48.6231056280883,-5.50000000000001,-9.2));
#16344=CARTESIAN_POINT('',(-67.8811237,-5.50000000000001,-9.2));
#16345=CARTESIAN_POINT('',(-47.4104275029067,-5.64928749927334,-9.2));
#16346=CARTESIAN_POINT('Origin',(-48.6231056280883,-10.5,-9.2));
#16347=CARTESIAN_POINT('',(-27.6855913046574,-10.5804965488357,-9.2));
#16348=CARTESIAN_POINT('',(-48.0075775,-5.50000000000001,-9.2));
#16349=CARTESIAN_POINT('',(-26.2283044662122,-11.2037645386308,-9.2));
#16350=CARTESIAN_POINT('Origin',(-28.898269429839,-15.4312090495623,-9.2));
#16351=CARTESIAN_POINT('',(-7.83003503637315,-22.8237242192401,-9.2));
#16352=CARTESIAN_POINT('',(-26.9069223000001,-10.7751638,-9.2));
#16353=CARTESIAN_POINT('Origin',(-10.5,-27.0511687301716,-9.2));
#16354=CARTESIAN_POINT('',(-11.7000013528591,-109.519999447141,-9.2));
#16355=CARTESIAN_POINT('',(-124.054123524644,-109.519969047282,-9.2));
#16356=CARTESIAN_POINT('',(-6.7,-109.5200008,-9.2));
#16357=CARTESIAN_POINT('',(-6.7,-104.519999447141,-9.2));
#16358=CARTESIAN_POINT('Origin',(-11.7,-104.519999447141,-9.2));
#16359=CARTESIAN_POINT('',(-6.7,-27.7125711365132,-9.2));
#16360=CARTESIAN_POINT('',(-6.7,-24.9567277,-9.2));
#16361=CARTESIAN_POINT('',(-9.03003504459796,-23.485126620387,-9.2));
#16362=CARTESIAN_POINT('Origin',(-11.7,-27.7125711365132,-9.2));
#16363=CARTESIAN_POINT('',(-26.706227774509,-12.3212154315437,-9.2));
#16364=CARTESIAN_POINT('',(-27.3848456,-11.8926147,-9.2));
#16365=CARTESIAN_POINT('',(-28.1635145937393,-11.6979474496907,-9.2));
#16366=CARTESIAN_POINT('Origin',(-29.3761927299111,-16.5486599476699,-9.2));
#16367=CARTESIAN_POINT('',(-47.5581541976666,-6.84928750202086,-9.2));
#16368=CARTESIAN_POINT('',(-48.1553042,-6.7,-9.2));
#16369=CARTESIAN_POINT('',(-48.7708323338383,-6.7,-9.2));
#16370=CARTESIAN_POINT('Origin',(-48.7708323338383,-11.7,-9.2));
#16371=CARTESIAN_POINT('',(-67.3207609316286,-6.7,-9.2));
#16372=CARTESIAN_POINT('',(-67.7667866,-6.7,-9.2));
#16373=CARTESIAN_POINT('',(-68.0287727,-6.7503819,-9.2));
#16374=CARTESIAN_POINT('Origin',(-67.3207609316286,-11.7,-9.2));
#16375=CARTESIAN_POINT('',(-109.3,-14.6871564,-9.2));
#16376=CARTESIAN_POINT('',(-109.3,-14.6871564,-9.2));
#16377=CARTESIAN_POINT('',(-109.3,-59.5889344,-9.2));
#16378=CARTESIAN_POINT('',(-109.3,-59.5889344,-9.2));
#16379=CARTESIAN_POINT('',(-136.018756,-86.2664299,-9.2));
#16380=CARTESIAN_POINT('',(-136.018756,-86.2664299,-9.2));
#16381=CARTESIAN_POINT('',(-128.752585272219,-106.230069773514,-9.2));
#16382=CARTESIAN_POINT('',(-127.5551602,-109.5199681,-9.2));
#16383=CARTESIAN_POINT('Origin',(-124.054122171785,-104.519969047282,-9.2));
#16384=CARTESIAN_POINT('Origin',(-67.4047191073985,-10.5,-1.6));
#16385=CARTESIAN_POINT('',(-67.4047191073985,-5.50000000000001,-1.6));
#16386=CARTESIAN_POINT('',(-68.3489560812041,-5.58996776616503,-1.6));
#16387=CARTESIAN_POINT('Origin',(-110.5,-13.6959378,-1.6));
#16388=CARTESIAN_POINT('',(-110.5,-13.6959378,-1.6));
#16389=CARTESIAN_POINT('Origin',(-48.6231056280883,-10.5,-1.6));
#16390=CARTESIAN_POINT('',(-47.4104275029067,-5.64928749927334,-1.6));
#16391=CARTESIAN_POINT('',(-48.6231056280883,-5.50000000000001,-1.6));
#16392=CARTESIAN_POINT('Origin',(-48.0075775,-5.50000000000001,-1.6));
#16393=CARTESIAN_POINT('',(-27.6855913046574,-10.5804965488357,-1.6));
#16394=CARTESIAN_POINT('Origin',(-28.898269429839,-15.4312090495623,-1.6));
#16395=CARTESIAN_POINT('',(-26.2283044662122,-11.2037645386308,-1.6));
#16396=CARTESIAN_POINT('Origin',(-26.9069223000001,-10.7751638,-1.6));
#16397=CARTESIAN_POINT('',(-7.83003503637315,-22.8237242192401,-1.6));
#16398=CARTESIAN_POINT('Origin',(-10.5,-27.0511687301716,-1.6));
#16399=CARTESIAN_POINT('Origin',(-124.894371266791,-105.719968748648,-1.6));
#16400=CARTESIAN_POINT('',(-129.592834369289,-107.43006946921,-1.6));
#16401=CARTESIAN_POINT('Origin',(-124.054122171785,-104.519969047282,-1.6));
#16402=CARTESIAN_POINT('',(-128.752585272219,-106.230069773514,-8.4));
#16403=CARTESIAN_POINT('',(-124.054123524644,-109.519969047282,-8.4));
#16404=CARTESIAN_POINT('Origin',(-124.054122171785,-104.519969047282,-8.4));
#16405=CARTESIAN_POINT('',(-124.054123524644,-109.519969047282,-1.6));
#16406=CARTESIAN_POINT('',(-128.752585272219,-106.230069773514,-1.6));
#16407=CARTESIAN_POINT('Origin',(-71.359378,-58.1100004,-8.4));
#16408=CARTESIAN_POINT('',(-136.018756,-86.2664299,-8.4));
#16409=CARTESIAN_POINT('',(-127.5551602,-109.5199681,-8.4));
#16410=CARTESIAN_POINT('',(-109.3,-59.5889344,-8.4));
#16411=CARTESIAN_POINT('',(-136.018756,-86.2664299,-8.4));
#16412=CARTESIAN_POINT('',(-109.3,-14.6871564,-8.4));
#16413=CARTESIAN_POINT('',(-109.3,-59.5889344,-8.4));
#16414=CARTESIAN_POINT('',(-68.0287727,-6.7503819,-8.4));
#16415=CARTESIAN_POINT('',(-109.3,-14.6871564,-8.4));
#16416=CARTESIAN_POINT('',(-67.3207609316286,-6.7,-8.4));
#16417=CARTESIAN_POINT('Origin',(-67.3207609316286,-11.7,-8.4));
#16418=CARTESIAN_POINT('',(-48.7708323338383,-6.7,-8.4));
#16419=CARTESIAN_POINT('',(-67.7667866,-6.7,-8.4));
#16420=CARTESIAN_POINT('',(-47.5581541976666,-6.84928750202086,-8.4));
#16421=CARTESIAN_POINT('Origin',(-48.7708323338383,-11.7,-8.4));
#16422=CARTESIAN_POINT('',(-28.1635145937393,-11.6979474496907,-8.4));
#16423=CARTESIAN_POINT('',(-48.1553042,-6.7,-8.4));
#16424=CARTESIAN_POINT('',(-26.706227774509,-12.3212154315437,-8.4));
#16425=CARTESIAN_POINT('Origin',(-29.3761927299111,-16.5486599476699,-8.4));
#16426=CARTESIAN_POINT('',(-9.03003504459796,-23.485126620387,-8.4));
#16427=CARTESIAN_POINT('',(-27.3848456,-11.8926147,-8.4));
#16428=CARTESIAN_POINT('',(-6.7,-27.7125711365132,-8.4));
#16429=CARTESIAN_POINT('Origin',(-11.7,-27.7125711365132,-8.4));
#16430=CARTESIAN_POINT('',(-6.7,-104.519999447141,-8.4));
#16431=CARTESIAN_POINT('',(-6.7,-24.9567277,-8.4));
#16432=CARTESIAN_POINT('',(-11.7000013528591,-109.519999447141,-8.4));
#16433=CARTESIAN_POINT('Origin',(-11.7,-104.519999447141,-8.4));
#16434=CARTESIAN_POINT('',(-6.7,-109.5200008,-8.4));
#16435=CARTESIAN_POINT('',(-53.425,-109.219988124002,-8.4));
#16436=CARTESIAN_POINT('',(-53.425,-107.719988133863,-8.4));
#16437=CARTESIAN_POINT('',(-53.425,-82.9149942669316,-8.4));
#16438=CARTESIAN_POINT('',(-49.425,-109.219989207546,-8.4));
#16439=CARTESIAN_POINT('',(-62.3921959224902,-109.219985694914,-8.4));
#16440=CARTESIAN_POINT('',(-49.425,-107.719989217103,-8.4));
#16441=CARTESIAN_POINT('',(-49.425,-83.664994803773,-8.4));
#16442=CARTESIAN_POINT('',(-10.5000005416199,-107.71999975838,-8.4));
#16443=CARTESIAN_POINT('',(-8.50000000000001,-107.7200003,-8.4));
#16444=CARTESIAN_POINT('',(-8.50000000000001,-105.71999975838,-8.4));
#16445=CARTESIAN_POINT('Origin',(-10.5,-105.71999975838,-8.4));
#16446=CARTESIAN_POINT('',(-8.50000000000001,-27.05116867313,-8.4));
#16447=CARTESIAN_POINT('',(-8.50000000000001,-25.9488313,-8.4));
#16448=CARTESIAN_POINT('',(-9.43201401592578,-25.360190867888,-8.4));
#16449=CARTESIAN_POINT('Origin',(-10.5,-27.05116867313,-8.4));
#16450=CARTESIAN_POINT('',(-27.8302834650383,-13.7402311960568,-8.4));
#16451=CARTESIAN_POINT('',(-28.1017306,-13.5687909,-8.4));
#16452=CARTESIAN_POINT('',(-28.4131982035433,-13.4909239998823,-8.4));
#16453=CARTESIAN_POINT('Origin',(-28.8982694491125,-15.4312090012988,-8.4));
#16454=CARTESIAN_POINT('',(-48.1380344033099,-8.55971499858348,-8.4));
#16455=CARTESIAN_POINT('',(-48.3768944000001,-8.5,-8.4));
#16456=CARTESIAN_POINT('',(-48.6231056488792,-8.5,-8.4));
#16457=CARTESIAN_POINT('Origin',(-48.6231056488792,-10.5,-8.4));
#16458=CARTESIAN_POINT('',(-67.4211710462461,-8.5,-8.4));
#16459=CARTESIAN_POINT('',(-67.5952809,-8.5,-8.4));
#16460=CARTESIAN_POINT('',(-67.6888474,-8.5179936,-8.4));
#16461=CARTESIAN_POINT('Origin',(-67.4211710462461,-10.5,-8.4));
#16462=CARTESIAN_POINT('',(-107.5,-16.1739844,-8.4));
#16463=CARTESIAN_POINT('',(-107.5,-16.1739844,-8.4));
#16464=CARTESIAN_POINT('',(-107.5,-60.3353337,-8.4));
#16465=CARTESIAN_POINT('',(-107.5,-60.3353337,-8.4));
#16466=CARTESIAN_POINT('',(-133.9347712,-86.729283,-8.4));
#16467=CARTESIAN_POINT('',(-133.9347712,-86.729283,-8.4));
#16468=CARTESIAN_POINT('',(-126.773756527713,-106.404009067285,-8.4));
#16469=CARTESIAN_POINT('',(-126.2947865,-107.7199684,-8.4));
#16470=CARTESIAN_POINT('',(-124.894371828267,-107.719968779246,-8.4));
#16471=CARTESIAN_POINT('Origin',(-124.894371286647,-105.719968779246,-8.4));
#16472=CARTESIAN_POINT('',(-8.50000000000001,-107.7200003,-8.4));
#16473=CARTESIAN_POINT('Origin',(-6.7,-109.5200008,-1.6));
#16474=CARTESIAN_POINT('',(-11.7000013528591,-109.519999447141,-1.6));
#16475=CARTESIAN_POINT('Origin',(-11.7,-104.519999447141,-1.6));
#16476=CARTESIAN_POINT('',(-6.7,-104.519999447141,-1.6));
#16477=CARTESIAN_POINT('Origin',(-11.7,-27.7125711365132,-1.6));
#16478=CARTESIAN_POINT('',(-9.03003504459796,-23.485126620387,-1.6));
#16479=CARTESIAN_POINT('',(-6.7,-27.7125711365132,-1.6));
#16480=CARTESIAN_POINT('Origin',(-27.3848456,-11.8926147,-1.6));
#16481=CARTESIAN_POINT('',(-26.706227774509,-12.3212154315437,-1.6));
#16482=CARTESIAN_POINT('Origin',(-29.3761927299111,-16.5486599476699,-1.6));
#16483=CARTESIAN_POINT('',(-28.1635145937393,-11.6979474496907,-1.6));
#16484=CARTESIAN_POINT('Origin',(-48.7708323338383,-11.7,-1.6));
#16485=CARTESIAN_POINT('',(-48.7708323338383,-6.7,-1.6));
#16486=CARTESIAN_POINT('',(-47.5581541976666,-6.84928750202086,-1.6));
#16487=CARTESIAN_POINT('Origin',(-67.7667866,-6.7,-1.6));
#16488=CARTESIAN_POINT('',(-67.3207609316286,-6.7,-1.6));
#16489=CARTESIAN_POINT('Origin',(-67.3207609316286,-11.7,-1.6));
#16490=CARTESIAN_POINT('',(-68.0287727,-6.7503819,-1.6));
#16491=CARTESIAN_POINT('Origin',(-124.894371286647,-105.719968779246,-1.6));
#16492=CARTESIAN_POINT('',(-126.773756527713,-106.404009067285,-1.6));
#16493=CARTESIAN_POINT('',(-124.894371828267,-107.719968779246,-1.6));
#16494=CARTESIAN_POINT('Origin',(-124.894371286647,-105.719968779246,-1.6));
#16495=CARTESIAN_POINT('',(-124.894371828267,-107.719968779246,-1.6));
#16496=CARTESIAN_POINT('',(-126.773756527713,-106.404009067285,-1.6));
#16497=CARTESIAN_POINT('Origin',(-71.0328587000001,-60.4849921840447,-1.6));
#16498=CARTESIAN_POINT('',(-133.9347712,-86.729283,-1.6));
#16499=CARTESIAN_POINT('',(-130.653092090916,-95.7456222293875,-1.6));
#16500=CARTESIAN_POINT('',(-133.326965839018,-86.1224162425518,-1.6));
#16501=CARTESIAN_POINT('',(-111.62392538359,-64.4528907111026,-1.6));
#16502=CARTESIAN_POINT('',(-112.2750267987,-78.4601371505309,-1.6));
#16503=CARTESIAN_POINT('',(-112.2750267987,-78.4601371505309,-1.6));
#16504=CARTESIAN_POINT('',(-111.98712586738,-78.3829945845312,-1.6));
#16505=CARTESIAN_POINT('',(-111.98712586738,-78.3829945845312,-1.6));
#16506=CARTESIAN_POINT('',(-107.5,-77.5917931656299,-1.6));
#16507=CARTESIAN_POINT('',(-107.5,-77.5917931656299,-1.6));
#16508=CARTESIAN_POINT('',(-107.5,-60.3353337,-1.6));
#16509=CARTESIAN_POINT('',(-107.5,-77.5917931656299,-1.6));
#16510=CARTESIAN_POINT('',(-107.5,-16.1739844,-1.6));
#16511=CARTESIAN_POINT('',(-107.5,-60.4101629420224,-1.6));
#16512=CARTESIAN_POINT('',(-67.6888474,-8.5179936,-1.6));
#16513=CARTESIAN_POINT('',(-94.0254232628875,-13.5827196715021,-1.6));
#16514=CARTESIAN_POINT('',(-67.4211710462461,-8.5,-1.6));
#16515=CARTESIAN_POINT('Origin',(-67.4211710462461,-10.5,-1.6));
#16516=CARTESIAN_POINT('',(-48.6231056488792,-8.5,-1.6));
#16517=CARTESIAN_POINT('',(-69.3140698,-8.5,-1.6));
#16518=CARTESIAN_POINT('',(-48.1380344033099,-8.55971499858348,-1.6));
#16519=CARTESIAN_POINT('Origin',(-48.6231056488792,-10.5,-1.6));
#16520=CARTESIAN_POINT('',(-28.4131982035433,-13.4909239998823,-1.6));
#16521=CARTESIAN_POINT('',(-52.9226432910108,-7.36356278845747,-1.6));
#16522=CARTESIAN_POINT('',(-27.8302834650383,-13.7402311960568,-1.6));
#16523=CARTESIAN_POINT('Origin',(-28.8982694491125,-15.4312090012988,-1.6));
#16524=CARTESIAN_POINT('',(-9.43201401592578,-25.360190867888,-1.6));
#16525=CARTESIAN_POINT('',(-32.8554368658328,-10.5664500954211,-1.6));
#16526=CARTESIAN_POINT('',(-8.50000000000001,-27.05116867313,-1.6));
#16527=CARTESIAN_POINT('Origin',(-10.5,-27.05116867313,-1.6));
#16528=CARTESIAN_POINT('',(-8.50000000000001,-66.95,-1.6));
#16529=CARTESIAN_POINT('',(-8.50000000000001,-43.2169117420224,-1.6));
#16530=CARTESIAN_POINT('',(-28.05,-66.95,-1.6));
#16531=CARTESIAN_POINT('',(-8.50000000000001,-66.95,-1.6));
#16532=CARTESIAN_POINT('',(-28.05,-75.9,-1.6));
#16533=CARTESIAN_POINT('',(-28.05,-75.9,-1.6));
#16534=CARTESIAN_POINT('',(-32.,-75.9,-1.6));
#16535=CARTESIAN_POINT('',(-32.,-75.9,-1.6));
#16536=CARTESIAN_POINT('',(-35.0753048629364,-73.95,-1.6));
#16537=CARTESIAN_POINT('Origin',(-32.,-72.5,-1.6));
#16538=CARTESIAN_POINT('',(-49.95,-73.95,-1.6));
#16539=CARTESIAN_POINT('',(-35.0753048629364,-73.95,-1.6));
#16540=CARTESIAN_POINT('',(-49.95,-68.95,-1.6));
#16541=CARTESIAN_POINT('',(-49.95,-73.95,-1.6));
#16542=CARTESIAN_POINT('',(-66.05,-68.95,-1.6));
#16543=CARTESIAN_POINT('',(-49.95,-68.95,-1.6));
#16544=CARTESIAN_POINT('',(-66.05,-107.719984714888,-1.6));
#16545=CARTESIAN_POINT('',(-66.05,-110.719984368089,-1.6));
#16546=CARTESIAN_POINT('',(-39.7664357458528,-107.719991832738,-1.6));
#16547=CARTESIAN_POINT('',(-103.,-72.5,-1.6));
#16548=CARTESIAN_POINT('',(-89.0000000000001,-72.5,-1.6));
#16549=CARTESIAN_POINT('',(-89.0000000000001,-72.5,-1.6));
#16550=CARTESIAN_POINT('',(-89.0000000000001,-58.5,-1.6));
#16551=CARTESIAN_POINT('',(-89.0000000000001,-58.5,-1.6));
#16552=CARTESIAN_POINT('',(-103.,-58.5,-1.6));
#16553=CARTESIAN_POINT('',(-103.,-58.5,-1.6));
#16554=CARTESIAN_POINT('',(-103.,-72.5,-1.6));
#16555=CARTESIAN_POINT('',(-70.,-70.,-1.6));
#16556=CARTESIAN_POINT('',(-70.,-56.,-1.6));
#16557=CARTESIAN_POINT('',(-70.,-56.,-1.6));
#16558=CARTESIAN_POINT('',(-84.0000000000001,-56.,-1.6));
#16559=CARTESIAN_POINT('',(-84.0000000000001,-56.,-1.6));
#16560=CARTESIAN_POINT('',(-84.0000000000001,-70.,-1.6));
#16561=CARTESIAN_POINT('',(-84.0000000000001,-70.,-1.6));
#16562=CARTESIAN_POINT('',(-70.,-70.,-1.6));
#16563=CARTESIAN_POINT('',(-84.0000000000001,-18.,-1.6));
#16564=CARTESIAN_POINT('',(-84.0000000000001,-32.,-1.6));
#16565=CARTESIAN_POINT('',(-84.0000000000001,-32.,-1.6));
#16566=CARTESIAN_POINT('',(-70.,-32.,-1.6));
#16567=CARTESIAN_POINT('',(-70.,-32.,-1.6));
#16568=CARTESIAN_POINT('',(-70.,-18.,-1.6));
#16569=CARTESIAN_POINT('',(-70.,-18.,-1.6));
#16570=CARTESIAN_POINT('',(-84.0000000000001,-18.,-1.6));
#16571=CARTESIAN_POINT('',(-70.,-37.,-1.6));
#16572=CARTESIAN_POINT('',(-84.0000000000001,-37.,-1.6));
#16573=CARTESIAN_POINT('',(-84.0000000000001,-37.,-1.6));
#16574=CARTESIAN_POINT('',(-84.0000000000001,-51.,-1.6));
#16575=CARTESIAN_POINT('',(-84.0000000000001,-51.,-1.6));
#16576=CARTESIAN_POINT('',(-70.,-51.,-1.6));
#16577=CARTESIAN_POINT('',(-70.,-51.,-1.6));
#16578=CARTESIAN_POINT('',(-70.,-37.,-1.6));
#16579=CARTESIAN_POINT('',(-106.5951199,-82.0016582,-1.6));
#16580=CARTESIAN_POINT('',(-104.1640454,-95.7889667,-1.6));
#16581=CARTESIAN_POINT('',(-104.1640454,-95.7889667,-1.6));
#16582=CARTESIAN_POINT('',(-90.3767369000001,-93.3578922,-1.6));
#16583=CARTESIAN_POINT('',(-90.3767369000001,-93.3578922,-1.6));
#16584=CARTESIAN_POINT('',(-92.8078114,-79.5705837,-1.6));
#16585=CARTESIAN_POINT('',(-92.8078114,-79.5705837,-1.6));
#16586=CARTESIAN_POINT('',(-106.5951199,-82.0016582,-1.6));
#16587=CARTESIAN_POINT('',(-70.,-78.8,-1.6));
#16588=CARTESIAN_POINT('',(-84.0000000000001,-78.8,-1.6));
#16589=CARTESIAN_POINT('',(-84.0000000000001,-78.8,-1.6));
#16590=CARTESIAN_POINT('',(-84.0000000000001,-92.8,-1.6));
#16591=CARTESIAN_POINT('',(-84.0000000000001,-92.8,-1.6));
#16592=CARTESIAN_POINT('',(-70.,-92.8,-1.6));
#16593=CARTESIAN_POINT('',(-70.,-92.8,-1.6));
#16594=CARTESIAN_POINT('',(-70.,-78.8,-1.6));
#16595=CARTESIAN_POINT('',(-103.,-39.5,-1.6));
#16596=CARTESIAN_POINT('',(-103.,-53.5,-1.6));
#16597=CARTESIAN_POINT('',(-103.,-53.5,-1.6));
#16598=CARTESIAN_POINT('',(-89.0000000000001,-53.5,-1.6));
#16599=CARTESIAN_POINT('',(-89.0000000000001,-53.5,-1.6));
#16600=CARTESIAN_POINT('',(-89.0000000000001,-39.5,-1.6));
#16601=CARTESIAN_POINT('',(-89.0000000000001,-39.5,-1.6));
#16602=CARTESIAN_POINT('',(-103.,-39.5,-1.6));
#16603=CARTESIAN_POINT('',(-27.,-30.,-1.6));
#16604=CARTESIAN_POINT('',(-27.,-44.,-1.6));
#16605=CARTESIAN_POINT('',(-27.,-44.,-1.6));
#16606=CARTESIAN_POINT('',(-13.,-44.,-1.6));
#16607=CARTESIAN_POINT('',(-13.,-44.,-1.6));
#16608=CARTESIAN_POINT('',(-13.0000000000001,-30.,-1.6));
#16609=CARTESIAN_POINT('',(-13.0000000000001,-30.,-1.6));
#16610=CARTESIAN_POINT('',(-27.,-30.,-1.6));
#16611=CARTESIAN_POINT('',(-89.0000000000001,-20.5,-1.6));
#16612=CARTESIAN_POINT('',(-103.,-20.5,-1.6));
#16613=CARTESIAN_POINT('',(-103.,-20.5,-1.6));
#16614=CARTESIAN_POINT('',(-103.,-34.5,-1.6));
#16615=CARTESIAN_POINT('',(-103.,-34.5,-1.6));
#16616=CARTESIAN_POINT('',(-89.0000000000001,-34.5,-1.6));
#16617=CARTESIAN_POINT('',(-89.0000000000001,-34.5,-1.6));
#16618=CARTESIAN_POINT('',(-89.0000000000001,-20.5,-1.6));
#16619=CARTESIAN_POINT('',(-13.,-63.,-1.6));
#16620=CARTESIAN_POINT('',(-13.0000000000001,-49.,-1.6));
#16621=CARTESIAN_POINT('',(-13.0000000000001,-49.,-1.6));
#16622=CARTESIAN_POINT('',(-27.,-49.,-1.6));
#16623=CARTESIAN_POINT('',(-27.,-49.,-1.6));
#16624=CARTESIAN_POINT('',(-27.,-63.,-1.6));
#16625=CARTESIAN_POINT('',(-27.,-63.,-1.6));
#16626=CARTESIAN_POINT('',(-13.,-63.,-1.6));
#16627=CARTESIAN_POINT('',(-51.,-32.,-1.6));
#16628=CARTESIAN_POINT('',(-65.,-32.,-1.6));
#16629=CARTESIAN_POINT('',(-65.,-32.,-1.6));
#16630=CARTESIAN_POINT('',(-65.,-46.,-1.6));
#16631=CARTESIAN_POINT('',(-65.,-46.,-1.6));
#16632=CARTESIAN_POINT('',(-51.,-46.,-1.6));
#16633=CARTESIAN_POINT('',(-51.,-46.,-1.6));
#16634=CARTESIAN_POINT('',(-51.,-32.,-1.6));
#16635=CARTESIAN_POINT('',(-65.,-65.,-1.6));
#16636=CARTESIAN_POINT('',(-51.,-65.,-1.6));
#16637=CARTESIAN_POINT('',(-51.,-65.,-1.6));
#16638=CARTESIAN_POINT('',(-51.,-51.,-1.6));
#16639=CARTESIAN_POINT('',(-51.,-51.,-1.6));
#16640=CARTESIAN_POINT('',(-65.,-51.,-1.6));
#16641=CARTESIAN_POINT('',(-65.,-51.,-1.6));
#16642=CARTESIAN_POINT('',(-65.,-65.,-1.6));
#16643=CARTESIAN_POINT('',(-65.,-27.,-1.6));
#16644=CARTESIAN_POINT('',(-51.,-27.,-1.6));
#16645=CARTESIAN_POINT('',(-51.,-27.,-1.6));
#16646=CARTESIAN_POINT('',(-51.,-13.,-1.6));
#16647=CARTESIAN_POINT('',(-51.,-13.,-1.6));
#16648=CARTESIAN_POINT('',(-65.,-13.,-1.6));
#16649=CARTESIAN_POINT('',(-65.,-13.,-1.6));
#16650=CARTESIAN_POINT('',(-65.,-27.,-1.6));
#16651=CARTESIAN_POINT('',(-32.,-56.,-1.6));
#16652=CARTESIAN_POINT('',(-46.,-56.,-1.6));
#16653=CARTESIAN_POINT('',(-46.,-56.,-1.6));
#16654=CARTESIAN_POINT('',(-46.,-70.,-1.6));
#16655=CARTESIAN_POINT('',(-46.,-70.,-1.6));
#16656=CARTESIAN_POINT('',(-32.,-70.,-1.6));
#16657=CARTESIAN_POINT('',(-32.,-70.,-1.6));
#16658=CARTESIAN_POINT('',(-32.,-56.,-1.6));
#16659=CARTESIAN_POINT('',(-46.,-18.,-1.6));
#16660=CARTESIAN_POINT('',(-46.,-32.,-1.6));
#16661=CARTESIAN_POINT('',(-46.,-32.,-1.6));
#16662=CARTESIAN_POINT('',(-32.,-32.,-1.6));
#16663=CARTESIAN_POINT('',(-32.,-32.,-1.6));
#16664=CARTESIAN_POINT('',(-32.,-18.,-1.6));
#16665=CARTESIAN_POINT('',(-32.,-18.,-1.6));
#16666=CARTESIAN_POINT('',(-46.,-18.,-1.6));
#16667=CARTESIAN_POINT('',(-46.,-37.,-1.6));
#16668=CARTESIAN_POINT('',(-46.,-51.,-1.6));
#16669=CARTESIAN_POINT('',(-46.,-51.,-1.6));
#16670=CARTESIAN_POINT('',(-32.,-51.,-1.6));
#16671=CARTESIAN_POINT('',(-32.,-51.,-1.6));
#16672=CARTESIAN_POINT('',(-32.,-37.,-1.6));
#16673=CARTESIAN_POINT('',(-32.,-37.,-1.6));
#16674=CARTESIAN_POINT('',(-46.,-37.,-1.6));
#16675=CARTESIAN_POINT('',(-128.2910072,-89.0782773,-1.6));
#16676=CARTESIAN_POINT('',(-123.5027252,-102.2339739,-1.6));
#16677=CARTESIAN_POINT('',(-123.5027252,-102.2339739,-1.6));
#16678=CARTESIAN_POINT('',(-110.3470286,-97.4456919,-1.6));
#16679=CARTESIAN_POINT('',(-110.3470286,-97.4456919,-1.6));
#16680=CARTESIAN_POINT('',(-115.1353106,-84.2899953,-1.6));
#16681=CARTESIAN_POINT('',(-115.1353106,-84.2899953,-1.6));
#16682=CARTESIAN_POINT('',(-128.2910072,-89.0782773,-1.6));
#16683=CARTESIAN_POINT('',(-30.8,-34.5,-1.6));
#16684=CARTESIAN_POINT('Origin',(-32.,-34.5,-1.6));
#16685=CARTESIAN_POINT('',(-98.9355861000001,-78.3241015,-1.6));
#16686=CARTESIAN_POINT('Origin',(-100.1355861,-78.3241015,-1.6));
#16687=CARTESIAN_POINT('',(-82.8000000000001,-34.5,-1.6));
#16688=CARTESIAN_POINT('Origin',(-84.0000000000001,-34.5,-1.6));
#16689=CARTESIAN_POINT('',(-30.8,-72.5,-1.6));
#16690=CARTESIAN_POINT('Origin',(-32.,-72.5,-1.6));
#16691=CARTESIAN_POINT('Origin',(-66.0500000000001,-107.719984714888,-1.6));
#16692=CARTESIAN_POINT('',(-66.05,-107.719984714888,3.8));
#16693=CARTESIAN_POINT('',(-66.05,-107.719984714888,-1.6));
#16694=CARTESIAN_POINT('',(-10.5000005416199,-107.71999975838,3.8));
#16695=CARTESIAN_POINT('',(-51.6625027602294,-107.719988611165,3.8));
#16696=CARTESIAN_POINT('',(-10.5000005416199,-107.71999975838,-1.6));
#16697=CARTESIAN_POINT('',(-49.425,-107.719989217103,-5.75));
#16698=CARTESIAN_POINT('',(-49.425,-107.719989217103,-3.675));
#16699=CARTESIAN_POINT('',(-49.425,-107.719989217103,-2.75));
#16700=CARTESIAN_POINT('Origin',(-49.425,-107.719989217103,-4.25));
#16701=CARTESIAN_POINT('',(-53.425,-107.719988133863,-2.75));
#16702=CARTESIAN_POINT('',(-57.7374995937833,-107.719986965995,-2.75));
#16703=CARTESIAN_POINT('',(-53.425,-107.719988133863,-5.75));
#16704=CARTESIAN_POINT('Origin',(-53.425,-107.719988133863,-4.25));
#16705=CARTESIAN_POINT('',(-53.425,-107.719988133863,-3.675));
#16706=CARTESIAN_POINT('Origin',(-10.5,-105.71999975838,-1.6));
#16707=CARTESIAN_POINT('',(-8.50000000000001,-105.71999975838,3.8));
#16708=CARTESIAN_POINT('Origin',(-10.5,-105.71999975838,3.8));
#16709=CARTESIAN_POINT('',(-8.50000000000001,-105.71999975838,-1.6));
#16710=CARTESIAN_POINT('Origin',(-10.5,-27.05116867313,-1.6));
#16711=CARTESIAN_POINT('',(-9.43201401592578,-25.360190867888,-1.6));
#16712=CARTESIAN_POINT('',(-8.50000000000001,-27.05116867313,-1.6));
#16713=CARTESIAN_POINT('Origin',(-28.1017306,-13.5687909,-1.6));
#16714=CARTESIAN_POINT('',(-27.8302834650383,-13.7402311960568,-1.6));
#16715=CARTESIAN_POINT('Origin',(-28.8982694491125,-15.4312090012988,-1.6));
#16716=CARTESIAN_POINT('',(-28.4131982035433,-13.4909239998823,-1.6));
#16717=CARTESIAN_POINT('Origin',(-48.6231056488792,-10.5,-1.6));
#16718=CARTESIAN_POINT('',(-48.6231056488792,-8.5,-1.6));
#16719=CARTESIAN_POINT('',(-48.1380344033099,-8.55971499858348,-1.6));
#16720=CARTESIAN_POINT('Origin',(-67.5952809,-8.5,-1.6));
#16721=CARTESIAN_POINT('',(-67.4211710462461,-8.5,-1.6));
#16722=CARTESIAN_POINT('Origin',(-67.4211710462461,-10.5,-1.6));
#16723=CARTESIAN_POINT('',(-67.6888474,-8.5179936,-1.6));
#16724=CARTESIAN_POINT('Origin',(-110.3,-30.8166660261957,3.08110097492913));
#16725=CARTESIAN_POINT('',(-110.1,-25.7077644670131,-5.46387573299628));
#16726=CARTESIAN_POINT('',(-110.1,-27.5426689497284,-2.25000000000001));
#16727=CARTESIAN_POINT('',(-110.1,-30.6429802568186,3.18026373767751));
#16728=CARTESIAN_POINT('',(-110.5,-25.9406327102345,-5.86275630990157));
#16729=CARTESIAN_POINT('',(-110.5,-25.9406327102345,-5.86275630990157));
#16730=CARTESIAN_POINT('',(-110.5,-28.0032708763395,-2.25000000000001));
#16731=CARTESIAN_POINT('',(-110.5,-30.9903517955728,2.98193821218075));
#16732=CARTESIAN_POINT('',(-111.039400746999,-28.6243934345478,-2.25000000000001));
#16733=CARTESIAN_POINT('Origin',(-110.3,-40.1145110171554,-5.5943349480462));
#16734=CARTESIAN_POINT('',(-110.5,-20.8888767102217,-5.88714174956164));
#16735=CARTESIAN_POINT('',(-110.5,-40.1154764301944,-5.79433261797678));
#16736=CARTESIAN_POINT('',(-110.1,-21.1178833012871,-5.48603164674458));
#16737=CARTESIAN_POINT('',(-110.1,-40.1135456041164,-5.39433727811561));
#16738=CARTESIAN_POINT('',(-110.5,-20.8888767102217,-5.88714174956164));
#16739=CARTESIAN_POINT('Origin',(-110.3,-23.7683711431641,-10.4227467033591));
#16740=CARTESIAN_POINT('',(-110.5,-18.3418802999871,-1.52438543966009));
#16741=CARTESIAN_POINT('',(-110.5,-23.595650786826,-10.5235816105413));
#16742=CARTESIAN_POINT('',(-110.1,-18.803755134274,-1.5221559137483));
#16743=CARTESIAN_POINT('',(-110.1,-23.9410914995022,-10.3219117961769));
#16744=CARTESIAN_POINT('',(-110.5,-18.3418802999871,-1.52438543966009));
#16745=CARTESIAN_POINT('Origin',(-110.3,-24.7031616540589,9.21416214304614));
#16746=CARTESIAN_POINT('',(-110.5,-20.8466398897655,2.86275630990155));
#16747=CARTESIAN_POINT('',(-110.5,-24.5294758846819,9.31332490579451));
#16748=CARTESIAN_POINT('',(-110.1,-21.0795081329869,2.46387573299627));
#16749=CARTESIAN_POINT('',(-110.1,-24.876847423436,9.11499938029776));
#16750=CARTESIAN_POINT('',(-110.5,-20.8466398897655,2.86275630990155));
#16751=CARTESIAN_POINT('Origin',(-110.3,-42.3691456056403,2.76664572842998));
#16752=CARTESIAN_POINT('',(-110.5,-25.8983958897784,2.88714174956163));
#16753=CARTESIAN_POINT('',(-110.5,-42.3681801926013,2.96664339836056));
#16754=CARTESIAN_POINT('',(-110.1,-25.6693892987129,2.48603164674456));
#16755=CARTESIAN_POINT('',(-110.1,-42.3701110186793,2.56664805849939));
#16756=CARTESIAN_POINT('',(-110.5,-25.8983958897784,2.88714174956163));
#16757=CARTESIAN_POINT('Origin',(-110.3,-31.9240508070463,-7.83090515187411));
#16758=CARTESIAN_POINT('',(-110.5,-28.0217753136125,-0.750000000000003));
#16759=CARTESIAN_POINT('',(-110.5,-32.0967711633844,-7.73007024469189));
#16760=CARTESIAN_POINT('',(-110.1,-27.5585988722473,-0.750000000000003));
#16761=CARTESIAN_POINT('',(-110.1,-31.7513304507082,-7.93174005905632));
#16762=CARTESIAN_POINT('',(-112.466909416653,-30.2993405738449,-0.750000000000001));
#16763=CARTESIAN_POINT('Origin',(-110.5,-59.0913348,-1.6));
#16764=CARTESIAN_POINT('',(-110.5,-59.0913348,-1.6));
#16765=CARTESIAN_POINT('',(-110.5,-31.7840017236606,-0.75));
#16766=CARTESIAN_POINT('',(-110.5,-45.6679692251358,-0.749999999999991));
#16767=CARTESIAN_POINT('',(-110.5,-33.8466398897655,2.86275630990155));
#16768=CARTESIAN_POINT('',(-110.5,-35.9315721883495,6.51456128529928));
#16769=CARTESIAN_POINT('',(-110.5,-38.8983958897784,2.88714174956164));
#16770=CARTESIAN_POINT('',(-110.5,-48.8683316462308,2.93526784013358));
#16771=CARTESIAN_POINT('',(-110.5,-41.0217753136125,-0.749999999999994));
#16772=CARTESIAN_POINT('',(-110.5,-43.4445234060871,-4.89993106596967));
#16773=CARTESIAN_POINT('',(-110.5,-44.7840017236606,-0.749999999999992));
#16774=CARTESIAN_POINT('',(-110.5,-52.1679692251358,-0.749999999999986));
#16775=CARTESIAN_POINT('',(-110.5,-46.8466398897655,2.86275630990155));
#16776=CARTESIAN_POINT('',(-110.5,-47.3336684920173,3.71579766480409));
#16777=CARTESIAN_POINT('',(-110.5,-51.8983958897783,2.88714174956166));
#16778=CARTESIAN_POINT('',(-110.5,-55.3684830998604,2.90389228190655));
#16779=CARTESIAN_POINT('',(-110.5,-54.4453923000129,-1.47561456033989));
#16780=CARTESIAN_POINT('',(-110.5,-55.0047349455291,-2.43371393037328));
#16781=CARTESIAN_POINT('',(-110.5,-51.9406327102345,-5.86275630990154));
#16782=CARTESIAN_POINT('',(-110.5,-53.7945444029083,-2.61558902880963));
#16783=CARTESIAN_POINT('',(-110.5,-46.8888767102217,-5.88714174956164));
#16784=CARTESIAN_POINT('',(-110.5,-53.1157793374536,-5.8570837344308));
#16785=CARTESIAN_POINT('',(-110.5,-44.7654972863875,-2.25));
#16786=CARTESIAN_POINT('',(-110.5,-46.5036145689707,-5.22722529622273));
#16787=CARTESIAN_POINT('',(-110.5,-41.0032708763394,-2.25));
#16788=CARTESIAN_POINT('',(-110.5,-49.8170018748642,-2.24999999999999));
#16789=CARTESIAN_POINT('',(-110.5,-38.9406327102345,-5.86275630990155));
#16790=CARTESIAN_POINT('',(-110.5,-42.3924480992405,0.183174591685554));
#16791=CARTESIAN_POINT('',(-110.5,-33.8888767102217,-5.88714174956164));
#16792=CARTESIAN_POINT('',(-110.5,-46.615627883824,-5.82570817620377));
#16793=CARTESIAN_POINT('',(-110.5,-31.7654972863875,-2.25));
#16794=CARTESIAN_POINT('',(-110.5,-35.155862326268,-8.05736447494495));
#16795=CARTESIAN_POINT('',(-110.5,-43.3170018748642,-2.25));
#16796=CARTESIAN_POINT('Origin',(-110.5,-27.5426689497284,-2.25000000000001));
#16797=CARTESIAN_POINT('',(-110.1,-32.2286737277527,-2.25));
#16798=CARTESIAN_POINT('',(-110.620458138111,-31.6260138570281,-2.25));
#16799=CARTESIAN_POINT('',(-108.5,-32.2286737277527,-2.25));
#16800=CARTESIAN_POINT('',(-110.5,-32.2286737277527,-2.25));
#16801=CARTESIAN_POINT('',(-108.5,-27.5426689497284,-2.25000000000001));
#16802=CARTESIAN_POINT('',(-108.5,-49.3936363,-2.24999999999999));
#16803=CARTESIAN_POINT('',(-110.5,-27.5426689497284,-2.25000000000001));
#16804=CARTESIAN_POINT('Origin',(-110.3,-42.2187623298634,0.282337354433931));
#16805=CARTESIAN_POINT('',(-110.1,-38.7077644670131,-5.46387573299626));
#16806=CARTESIAN_POINT('',(-110.1,-40.5426689497284,-2.25));
#16807=CARTESIAN_POINT('',(-110.1,-42.0450765604863,0.381500117182309));
#16808=CARTESIAN_POINT('',(-110.5,-38.9406327102345,-5.86275630990155));
#16809=CARTESIAN_POINT('',(-110.6438670408,-41.1689344667605,-2.25));
#16810=CARTESIAN_POINT('Origin',(-110.3,-46.614662470785,-5.62571050627318));
#16811=CARTESIAN_POINT('',(-110.1,-34.1178833012871,-5.48603164674457));
#16812=CARTESIAN_POINT('',(-110.1,-46.613697057746,-5.42571283634259));
#16813=CARTESIAN_POINT('',(-110.5,-33.8888767102217,-5.88714174956164));
#16814=CARTESIAN_POINT('Origin',(-110.3,-35.3285826826061,-7.95652956776274));
#16815=CARTESIAN_POINT('',(-110.1,-35.5013030389442,-7.85569466058053));
#16816=CARTESIAN_POINT('Origin',(-110.3,-36.1052579577266,6.41539852255091));
#16817=CARTESIAN_POINT('',(-110.1,-34.0795081329869,2.46387573299627));
#16818=CARTESIAN_POINT('',(-110.1,-32.2446036502716,-0.75));
#16819=CARTESIAN_POINT('',(-110.1,-36.2789437271037,6.31623575980253));
#16820=CARTESIAN_POINT('',(-110.5,-33.8466398897655,2.86275630990155));
#16821=CARTESIAN_POINT('',(-109.273339931946,-33.196506700267,-0.75));
#16822=CARTESIAN_POINT('Origin',(-110.3,-48.8692970592698,2.73527017020299));
#16823=CARTESIAN_POINT('',(-110.1,-38.6693892987129,2.48603164674458));
#16824=CARTESIAN_POINT('',(-110.1,-48.8702624723088,2.5352725002724));
#16825=CARTESIAN_POINT('',(-110.5,-38.8983958897784,2.88714174956164));
#16826=CARTESIAN_POINT('Origin',(-110.3,-43.271803049749,-5.00076597315188));
#16827=CARTESIAN_POINT('',(-110.1,-40.5585988722473,-0.749999999999994));
#16828=CARTESIAN_POINT('',(-110.1,-43.0990826934109,-5.10160088033409));
#16829=CARTESIAN_POINT('',(-112.058249335911,-42.8261362690302,-0.749999999999993));
#16830=CARTESIAN_POINT('Origin',(-110.5,-45.2446036502716,-0.749999999999991));
#16831=CARTESIAN_POINT('',(-108.5,-40.5585988722473,-0.749999999999995));
#16832=CARTESIAN_POINT('',(-110.5,-40.5585988722473,-0.749999999999994));
#16833=CARTESIAN_POINT('',(-108.5,-45.2446036502716,-0.749999999999991));
#16834=CARTESIAN_POINT('',(-108.5,-23.3936363,-0.750000000000006));
#16835=CARTESIAN_POINT('',(-110.1,-45.2446036502716,-0.749999999999991));
#16836=CARTESIAN_POINT('',(-110.5,-45.2446036502716,-0.749999999999991));
#16837=CARTESIAN_POINT('',(-109.668873638145,-45.7410477324797,-0.749999999999991));
#16838=CARTESIAN_POINT('Origin',(-110.3,-47.5073542613944,3.61663490205571));
#16839=CARTESIAN_POINT('',(-110.1,-47.0795081329869,2.46387573299627));
#16840=CARTESIAN_POINT('',(-110.1,-47.6810400307715,3.51747213930734));
#16841=CARTESIAN_POINT('',(-110.5,-46.8466398897655,2.86275630990155));
#16842=CARTESIAN_POINT('Origin',(-110.3,-55.3694485128994,2.70389461197596));
#16843=CARTESIAN_POINT('',(-110.1,-51.6693892987129,2.48603164674459));
#16844=CARTESIAN_POINT('',(-110.1,-55.3704139259384,2.50389694204537));
#16845=CARTESIAN_POINT('',(-110.5,-51.8983958897783,2.88714174956165));
#16846=CARTESIAN_POINT('Origin',(-110.3,-54.832014589191,-2.53454883755549));
#16847=CARTESIAN_POINT('',(-110.1,-53.983517465726,-1.47784408625168));
#16848=CARTESIAN_POINT('',(-110.1,-54.6592942328529,-2.6353837447377));
#16849=CARTESIAN_POINT('',(-110.5,-54.4453923000129,-1.47561456033989));
#16850=CARTESIAN_POINT('Origin',(-110.3,-53.6208586335312,-2.51642626606126));
#16851=CARTESIAN_POINT('',(-110.1,-51.7077644670131,-5.46387573299625));
#16852=CARTESIAN_POINT('',(-110.1,-53.4471728641541,-2.41726350331288));
#16853=CARTESIAN_POINT('',(-110.5,-51.9406327102345,-5.86275630990154));
#16854=CARTESIAN_POINT('Origin',(-110.3,-53.1148139244146,-5.65708606450021));
#16855=CARTESIAN_POINT('',(-110.1,-47.1178833012871,-5.48603164674457));
#16856=CARTESIAN_POINT('',(-110.1,-53.1138485113756,-5.45708839456963));
#16857=CARTESIAN_POINT('',(-110.5,-46.8888767102217,-5.88714174956164));
#16858=CARTESIAN_POINT('Origin',(-110.3,-46.6763349253088,-5.12639038904051));
#16859=CARTESIAN_POINT('',(-110.1,-45.2286737277527,-2.24999999999999));
#16860=CARTESIAN_POINT('',(-110.1,-46.8490552816469,-5.0255554818583));
#16861=CARTESIAN_POINT('',(-111.029118218853,-44.1528095522135,-2.25));
#16862=CARTESIAN_POINT('Origin',(-120.824213109434,-69.6822291507093,1.88886244683031));
#16863=CARTESIAN_POINT('',(-117.498164683537,-66.6439413818811,-5.47864463650093));
#16864=CARTESIAN_POINT('',(-118.82212049066,-67.9658526703053,-2.25));
#16865=CARTESIAN_POINT('',(-120.560444677808,-69.7014924504012,1.98913776663833));
#16866=CARTESIAN_POINT('',(-117.943763849315,-66.5236036173089,-5.87901139237523));
#16867=CARTESIAN_POINT('',(-117.943763849315,-66.5236036173089,-5.87901139237523));
#16868=CARTESIAN_POINT('',(-119.431896254081,-68.0094379736721,-2.25));
#16869=CARTESIAN_POINT('',(-121.087981541059,-69.6629658510173,1.78858712702228));
#16870=CARTESIAN_POINT('',(-120.009636722525,-68.0507334712878,-2.25));
#16871=CARTESIAN_POINT('Origin',(-125.826651160849,-74.6769421873771,-5.69704373236849));
#16872=CARTESIAN_POINT('',(-114.368836600652,-62.9541969498968,-5.87097754314918));
#16873=CARTESIAN_POINT('',(-125.967738120911,-74.5351868669788,-5.89704347946619));
#16874=CARTESIAN_POINT('',(-114.250087926181,-63.4008804669181,-5.47134531063268));
#16875=CARTESIAN_POINT('',(-125.685564200786,-74.8186975077755,-5.49704398527079));
#16876=CARTESIAN_POINT('',(-114.368836600652,-62.9541969498968,-5.87097754314918));
#16877=CARTESIAN_POINT('Origin',(-115.710577104396,-64.5764898778543,-9.11315849285669));
#16878=CARTESIAN_POINT('',(-112.586296484234,-61.1744095209771,-1.49196615077397));
#16879=CARTESIAN_POINT('',(-115.729207667543,-64.3124672638255,-9.21288292014636));
#16880=CARTESIAN_POINT('',(-112.630522906121,-61.783816460071,-1.49270067413175));
#16881=CARTESIAN_POINT('',(-115.69194654125,-64.8405124918831,-9.01343406556702));
#16882=CARTESIAN_POINT('',(-112.586296484234,-61.1744095209771,-1.49196615077397));
#16883=CARTESIAN_POINT('Origin',(-116.525914406833,-65.3905680956962,8.06102970413185));
#16884=CARTESIAN_POINT('',(-114.378683616478,-62.9640287594695,2.87901139237525));
#16885=CARTESIAN_POINT('',(-116.544770044626,-65.1267702087434,8.16130502393988));
#16886=CARTESIAN_POINT('',(-114.259034643417,-63.409813368187,2.47864463650094));
#16887=CARTESIAN_POINT('',(-116.507058769039,-65.6543659826491,7.96075438432383));
#16888=CARTESIAN_POINT('',(-114.378683616478,-62.9640287594695,2.87901139237525));
#16889=CARTESIAN_POINT('Origin',(-127.460086406058,-76.3078550002795,2.64929604602641));
#16890=CARTESIAN_POINT('',(-117.953610865142,-66.5334354268816,2.87097754314919));
#16891=CARTESIAN_POINT('',(-127.601623515416,-76.166549134033,2.84929579312411));
#16892=CARTESIAN_POINT('',(-117.507111400774,-66.65287428315,2.47134531063269));
#16893=CARTESIAN_POINT('',(-127.318549296701,-76.4491608665259,2.4492962989287));
#16894=CARTESIAN_POINT('',(-117.953610865142,-66.5334354268816,2.87097754314919));
#16895=CARTESIAN_POINT('Origin',(-121.488176213594,-70.3451669298745,-6.56033630882927));
#16896=CARTESIAN_POINT('',(-119.427582305945,-68.0051306873504,-0.749999999999995));
#16897=CARTESIAN_POINT('',(-121.752169719867,-70.3261283572585,-6.4606118815396));
#16898=CARTESIAN_POINT('',(-118.818406743608,-67.9621446582069,-0.749999999999995));
#16899=CARTESIAN_POINT('',(-121.224182707321,-70.3642055024906,-6.66006073611894));
#16900=CARTESIAN_POINT('',(-124.022688053304,-68.3293809721383,-0.749999999999997));
#16901=CARTESIAN_POINT('Origin',(-125.976436420524,-74.5438717342433,-0.75));
#16902=CARTESIAN_POINT('',(-117.68791046593,-69.0943894047863,-0.749999999999995));
#16903=CARTESIAN_POINT('',(-119.101030813027,-67.6790834715621,-0.749999999999995));
#16904=CARTESIAN_POINT('',(-124.563316073427,-75.9591776674675,-0.75));
#16905=CARTESIAN_POINT('',(-114.748103385799,-66.1591221216134,-0.749999999999993));
#16906=CARTESIAN_POINT('',(-125.693812351105,-74.8269329208882,-0.75));
#16907=CARTESIAN_POINT('',(-125.976436420524,-74.5438717342433,-0.75));
#16908=CARTESIAN_POINT('',(-125.649884927607,-74.217824518455,-0.749999999999999));
#16909=CARTESIAN_POINT('',(-125.74972920914,-75.6022897562023,-0.75));
#16910=CARTESIAN_POINT('',(-131.692257760262,-80.2508664171217,-0.750000000000004));
#16911=CARTESIAN_POINT('Origin',(-137.4080791,-85.9578611,-1.6));
#16912=CARTESIAN_POINT('',(-137.4080791,-85.9578611,-1.6));
#16913=CARTESIAN_POINT('',(-119.233887294021,-67.8117347889408,-5.5));
#16914=CARTESIAN_POINT('',(-124.187458060306,-72.7576560037813,-5.5));
#16915=CARTESIAN_POINT('',(-128.320983197011,-76.8847979444704,-5.50000000000001));
#16916=CARTESIAN_POINT('',(-119.233887294021,-67.8117347889408,-4.5));
#16917=CARTESIAN_POINT('',(-119.233887294021,-67.8117347889408,-3.04999999999954));
#16918=CARTESIAN_POINT('',(-124.187458060306,-72.7576560037813,-4.5));
#16919=CARTESIAN_POINT('',(-130.797768580153,-79.3577585518907,-4.5));
#16920=CARTESIAN_POINT('',(-124.187458060306,-72.7576560037813,-3.55));
#16921=CARTESIAN_POINT('',(-127.12385636841,-75.6895197789238,2.87097754314919));
#16922=CARTESIAN_POINT('',(-127.6778218563,-76.2426298056327,4.23185641488361));
#16923=CARTESIAN_POINT('',(-130.698783617073,-79.2589264463359,2.87901139237524));
#16924=CARTESIAN_POINT('',(-133.969189975146,-82.5242824795298,2.88636089902561));
#16925=CARTESIAN_POINT('',(-132.491170749318,-81.0485456848283,-1.49196615077396));
#16926=CARTESIAN_POINT('',(-133.08478673288,-81.6412449769327,-2.93957871545068));
#16927=CARTESIAN_POINT('',(-130.7086306329,-79.2687582559086,-5.87097754314919));
#16928=CARTESIAN_POINT('',(-132.235353727178,-80.7931237081137,-2.12040959729));
#16929=CARTESIAN_POINT('',(-127.133703384237,-75.6993515884965,-5.87901139237524));
#16930=CARTESIAN_POINT('',(-132.354998612294,-80.912583831621,-5.86727769943294));
#16931=CARTESIAN_POINT('',(-125.645570979471,-74.2135172321333,-2.25));
#16932=CARTESIAN_POINT('',(-127.065341464237,-75.6310952363888,-5.7123016388015));
#16933=CARTESIAN_POINT('',(-128.25641183004,-76.8203262918302,-2.25));
#16934=CARTESIAN_POINT('Origin',(-127.659191293154,-76.5066524196615,4.13213198759394));
#16935=CARTESIAN_POINT('',(-127.005107693939,-76.1362032959451,2.47134531063269));
#16936=CARTESIAN_POINT('',(-127.640560730008,-76.7706750336903,4.03240756030427));
#16937=CARTESIAN_POINT('',(-127.12385636841,-75.6895197789238,2.87097754314919));
#16938=CARTESIAN_POINT('Origin',(-133.828103015083,-82.6660377999282,2.68636115192791));
#16939=CARTESIAN_POINT('',(-130.253184451295,-79.3792642109081,2.47864463650093));
#16940=CARTESIAN_POINT('',(-133.687016055021,-82.8077931203266,2.48636140483021));
#16941=CARTESIAN_POINT('',(-130.698783617073,-79.2589264463359,2.87901139237524));
#16942=CARTESIAN_POINT('Origin',(-132.821018301254,-81.6605082766247,-3.03985403525871));
#16943=CARTESIAN_POINT('',(-131.881696188592,-81.0052611190241,-1.49270067413176));
#16944=CARTESIAN_POINT('',(-132.557249869628,-81.6797715763167,-3.14012935506673));
#16945=CARTESIAN_POINT('',(-132.491170749318,-81.0485456848283,-1.49196615077396));
#16946=CARTESIAN_POINT('Origin',(-131.971360220905,-80.8121622807298,-2.02068517000033));
#16947=CARTESIAN_POINT('',(-130.262131168532,-79.388197112177,-5.4713453106327));
#16948=CARTESIAN_POINT('',(-131.707366714631,-80.8312008533458,-1.92096074271066));
#16949=CARTESIAN_POINT('',(-130.7086306329,-79.2687582559086,-5.87097754314919));
#16950=CARTESIAN_POINT('Origin',(-132.213461502937,-81.0538896978675,-5.66727795233524));
#16951=CARTESIAN_POINT('',(-127.014054411175,-76.145136197214,-5.47864463650093));
#16952=CARTESIAN_POINT('',(-132.071924393579,-81.195195564114,-5.46727820523753));
#16953=CARTESIAN_POINT('',(-127.133703384237,-75.6993515884965,-5.87901139237524));
#16954=CARTESIAN_POINT('Origin',(-127.046485826443,-75.8948931233417,-5.61202631899347));
#16955=CARTESIAN_POINT('',(-125.690098604053,-74.8232249087898,-2.25));
#16956=CARTESIAN_POINT('',(-127.02763018865,-76.1586910102945,-5.51175099918543));
#16957=CARTESIAN_POINT('',(-125.455799480106,-71.6150148179412,-2.25));
#16958=CARTESIAN_POINT('Origin',(-119.233887294021,-67.8117347889408,-5.5));
#16959=CARTESIAN_POINT('',(-122.067777518132,-74.8806149251788,-5.5));
#16960=CARTESIAN_POINT('',(-117.114206751313,-69.9346937108735,-5.5));
#16961=CARTESIAN_POINT('',(-112.307103375771,-65.1350137055513,-5.49999999999999));
#16962=CARTESIAN_POINT('',(-119.233887294021,-67.8117347889408,-5.5));
#16963=CARTESIAN_POINT('',(-124.187458060306,-72.7576560037813,-5.5));
#16964=CARTESIAN_POINT('Origin',(-119.233887294021,-67.8117347889408,-4.5));
#16965=CARTESIAN_POINT('',(-117.114206751313,-69.9346937108736,-4.5));
#16966=CARTESIAN_POINT('',(-117.114206751313,-69.9346937108736,-3.05000000000024));
#16967=CARTESIAN_POINT('',(-119.233887294021,-67.8117347889408,-4.5));
#16968=CARTESIAN_POINT('Origin',(-124.187458060306,-72.7576560037813,-4.5));
#16969=CARTESIAN_POINT('',(-122.067777518132,-74.8806149251788,-4.5));
#16970=CARTESIAN_POINT('',(-114.783888759181,-67.607974312704,-4.5));
#16971=CARTESIAN_POINT('',(-124.187458060306,-72.7576560037813,-4.5));
#16972=CARTESIAN_POINT('Origin',(-124.187458060306,-72.7576560037813,-5.5));
#16973=CARTESIAN_POINT('',(-122.067777518132,-74.8806149251788,-3.55));
#16974=CARTESIAN_POINT('Origin',(-127.287731763358,-75.8531421093002,2.47134531063269));
#16975=CARTESIAN_POINT('',(-125.874611416261,-77.2684480425244,2.47134531063269));
#16976=CARTESIAN_POINT('',(-124.255046396201,-75.6513840356774,-1.50729932586823));
#16977=CARTESIAN_POINT('',(-127.287731763358,-75.8531421093002,2.47134531063269));
#16978=CARTESIAN_POINT('Origin',(-130.535808520715,-79.0962030242632,2.47864463650093));
#16979=CARTESIAN_POINT('',(-129.122688173618,-80.5115089574875,2.47864463650093));
#16980=CARTESIAN_POINT('',(-125.874611416261,-77.2684480425244,2.47134531063269));
#16981=CARTESIAN_POINT('',(-130.535808520715,-79.0962030242632,2.47864463650093));
#16982=CARTESIAN_POINT('Origin',(-132.164320258012,-80.7221999323792,-1.49270067413176));
#16983=CARTESIAN_POINT('',(-130.751199910914,-82.1375058656034,-1.49270067413176));
#16984=CARTESIAN_POINT('',(-129.122688173618,-80.5115089574875,2.47864463650093));
#16985=CARTESIAN_POINT('',(-132.164320258012,-80.7221999323792,-1.49270067413176));
#16986=CARTESIAN_POINT('Origin',(-130.544755237952,-79.1051359255322,-5.4713453106327));
#16987=CARTESIAN_POINT('',(-129.131634890854,-80.5204418587564,-5.4713453106327));
#16988=CARTESIAN_POINT('',(-130.751199910914,-82.1375058656034,-1.49270067413176));
#16989=CARTESIAN_POINT('',(-130.544755237952,-79.1051359255322,-5.4713453106327));
#16990=CARTESIAN_POINT('Origin',(-127.296678480595,-75.8620750105691,-5.47864463650093));
#16991=CARTESIAN_POINT('',(-125.883558133498,-77.2773809437933,-5.47864463650093));
#16992=CARTESIAN_POINT('',(-129.131634890854,-80.5204418587564,-5.4713453106327));
#16993=CARTESIAN_POINT('',(-127.296678480595,-75.8620750105691,-5.47864463650093));
#16994=CARTESIAN_POINT('Origin',(-125.972722673472,-74.540163722145,-2.25));
#16995=CARTESIAN_POINT('',(-124.559602326375,-75.9554696553691,-2.25));
#16996=CARTESIAN_POINT('',(-125.883558133498,-77.2773809437933,-5.47864463650093));
#16997=CARTESIAN_POINT('',(-125.972722673472,-74.540163722145,-2.25));
#16998=CARTESIAN_POINT('Origin',(-119.10474456008,-67.6827914836605,-2.25));
#16999=CARTESIAN_POINT('',(-117.691624212982,-69.0980974168846,-2.25));
#17000=CARTESIAN_POINT('',(-127.503123153558,-78.8944449506404,-2.25));
#17001=CARTESIAN_POINT('',(-119.10474456008,-67.6827914836605,-2.25));
#17002=CARTESIAN_POINT('Origin',(-117.780788752957,-66.3608801952363,-5.47864463650093));
#17003=CARTESIAN_POINT('',(-116.36766840586,-67.7761861284605,-5.47864463650093));
#17004=CARTESIAN_POINT('',(-117.996180143156,-69.4021830365765,-1.50729932586824));
#17005=CARTESIAN_POINT('',(-117.780788752957,-66.3608801952363,-5.47864463650093));
#17006=CARTESIAN_POINT('Origin',(-114.5327119956,-63.1178192802733,-5.47134531063268));
#17007=CARTESIAN_POINT('',(-113.119591648503,-64.5331252134974,-5.47134531063268));
#17008=CARTESIAN_POINT('',(-116.36766840586,-67.7761861284605,-5.47864463650093));
#17009=CARTESIAN_POINT('',(-114.5327119956,-63.1178192802733,-5.47134531063268));
#17010=CARTESIAN_POINT('Origin',(-112.91314697554,-61.5007552734262,-1.49270067413175));
#17011=CARTESIAN_POINT('',(-111.500026628443,-62.9160612066504,-1.49270067413175));
#17012=CARTESIAN_POINT('',(-113.119591648503,-64.5331252134975,-5.47134531063268));
#17013=CARTESIAN_POINT('',(-112.91314697554,-61.5007552734262,-1.49270067413175));
#17014=CARTESIAN_POINT('Origin',(-114.541658712837,-63.1267521815422,2.47864463650094));
#17015=CARTESIAN_POINT('',(-113.128538365739,-64.5420581147663,2.47864463650094));
#17016=CARTESIAN_POINT('',(-111.500026628443,-62.9160612066504,-1.49270067413175));
#17017=CARTESIAN_POINT('',(-114.541658712837,-63.1267521815422,2.47864463650094));
#17018=CARTESIAN_POINT('Origin',(-117.789735470193,-66.3698130965052,2.47134531063269));
#17019=CARTESIAN_POINT('',(-116.376615123096,-67.7851190297294,2.47134531063269));
#17020=CARTESIAN_POINT('',(-113.128538365739,-64.5420581147664,2.47864463650094));
#17021=CARTESIAN_POINT('',(-117.789735470193,-66.3698130965052,2.47134531063269));
#17022=CARTESIAN_POINT('Origin',(-119.101030813027,-67.6790834715621,-0.749999999999995));
#17023=CARTESIAN_POINT('',(-116.376615123096,-67.7851190297294,2.47134531063269));
#17024=CARTESIAN_POINT('Origin',(-121.125613269678,-72.5267835361269,-1.5));
#17025=CARTESIAN_POINT('Origin',(-110.5,-32.2446036502716,-0.75));
#17026=CARTESIAN_POINT('',(-108.5,-27.5585988722473,-0.750000000000003));
#17027=CARTESIAN_POINT('',(-110.5,-27.5585988722473,-0.750000000000003));
#17028=CARTESIAN_POINT('',(-108.5,-32.2446036502716,-0.75));
#17029=CARTESIAN_POINT('',(-108.5,-23.3936363,-0.750000000000006));
#17030=CARTESIAN_POINT('',(-110.5,-32.2446036502716,-0.75));
#17031=CARTESIAN_POINT('Origin',(-110.5,-34.0795081329869,2.46387573299627));
#17032=CARTESIAN_POINT('',(-108.5,-34.0795081329869,2.46387573299627));
#17033=CARTESIAN_POINT('',(-108.5,-31.8037551342741,-1.52215591374831));
#17034=CARTESIAN_POINT('',(-110.5,-34.0795081329869,2.46387573299627));
#17035=CARTESIAN_POINT('Origin',(-110.5,-38.6693892987129,2.48603164674458));
#17036=CARTESIAN_POINT('',(-108.5,-38.6693892987129,2.48603164674458));
#17037=CARTESIAN_POINT('',(-108.5,-34.0795081329869,2.46387573299627));
#17038=CARTESIAN_POINT('',(-110.5,-38.6693892987129,2.48603164674458));
#17039=CARTESIAN_POINT('Origin',(-110.5,-40.5585988722473,-0.749999999999994));
#17040=CARTESIAN_POINT('',(-108.5,-38.6693892987129,2.48603164674458));
#17041=CARTESIAN_POINT('Origin',(-110.5,-47.0795081329869,2.46387573299627));
#17042=CARTESIAN_POINT('',(-108.5,-47.0795081329869,2.46387573299627));
#17043=CARTESIAN_POINT('',(-108.5,-44.803755134274,-1.52215591374831));
#17044=CARTESIAN_POINT('',(-110.5,-47.0795081329869,2.46387573299627));
#17045=CARTESIAN_POINT('Origin',(-110.5,-51.6693892987129,2.48603164674459));
#17046=CARTESIAN_POINT('',(-108.5,-51.6693892987129,2.48603164674459));
#17047=CARTESIAN_POINT('',(-108.5,-47.0795081329869,2.46387573299627));
#17048=CARTESIAN_POINT('',(-110.5,-51.6693892987129,2.48603164674459));
#17049=CARTESIAN_POINT('Origin',(-110.5,-53.983517465726,-1.47784408625168));
#17050=CARTESIAN_POINT('',(-108.5,-53.983517465726,-1.47784408625168));
#17051=CARTESIAN_POINT('',(-108.5,-51.6693892987129,2.48603164674459));
#17052=CARTESIAN_POINT('',(-110.5,-53.983517465726,-1.47784408625168));
#17053=CARTESIAN_POINT('Origin',(-110.5,-51.7077644670131,-5.46387573299625));
#17054=CARTESIAN_POINT('',(-108.5,-51.7077644670131,-5.46387573299625));
#17055=CARTESIAN_POINT('',(-108.5,-53.983517465726,-1.47784408625168));
#17056=CARTESIAN_POINT('',(-110.5,-51.7077644670131,-5.46387573299625));
#17057=CARTESIAN_POINT('Origin',(-110.5,-47.1178833012871,-5.48603164674457));
#17058=CARTESIAN_POINT('',(-108.5,-47.1178833012871,-5.48603164674457));
#17059=CARTESIAN_POINT('',(-108.5,-51.7077644670131,-5.46387573299625));
#17060=CARTESIAN_POINT('',(-110.5,-47.1178833012871,-5.48603164674457));
#17061=CARTESIAN_POINT('Origin',(-110.5,-45.2286737277527,-2.24999999999999));
#17062=CARTESIAN_POINT('',(-108.5,-45.2286737277527,-2.24999999999999));
#17063=CARTESIAN_POINT('',(-108.5,-47.1178833012871,-5.48603164674457));
#17064=CARTESIAN_POINT('',(-110.5,-45.2286737277527,-2.24999999999999));
#17065=CARTESIAN_POINT('Origin',(-110.5,-40.5426689497284,-2.25));
#17066=CARTESIAN_POINT('',(-108.5,-40.5426689497284,-2.25));
#17067=CARTESIAN_POINT('',(-108.5,-49.3936363,-2.24999999999999));
#17068=CARTESIAN_POINT('',(-110.5,-40.5426689497284,-2.25));
#17069=CARTESIAN_POINT('Origin',(-110.5,-38.7077644670131,-5.46387573299626));
#17070=CARTESIAN_POINT('',(-108.5,-38.7077644670131,-5.46387573299626));
#17071=CARTESIAN_POINT('',(-108.5,-40.983517465726,-1.47784408625169));
#17072=CARTESIAN_POINT('',(-110.5,-38.7077644670131,-5.46387573299626));
#17073=CARTESIAN_POINT('Origin',(-110.5,-34.1178833012871,-5.48603164674457));
#17074=CARTESIAN_POINT('',(-108.5,-34.1178833012871,-5.48603164674457));
#17075=CARTESIAN_POINT('',(-108.5,-38.7077644670131,-5.46387573299626));
#17076=CARTESIAN_POINT('',(-110.5,-34.1178833012871,-5.48603164674457));
#17077=CARTESIAN_POINT('Origin',(-110.5,-32.2286737277527,-2.25));
#17078=CARTESIAN_POINT('',(-108.5,-34.1178833012871,-5.48603164674457));
#17079=CARTESIAN_POINT('Origin',(-110.5,-25.7077644670131,-5.46387573299628));
#17080=CARTESIAN_POINT('',(-108.5,-25.7077644670131,-5.46387573299628));
#17081=CARTESIAN_POINT('',(-108.5,-27.983517465726,-1.47784408625171));
#17082=CARTESIAN_POINT('',(-110.5,-25.7077644670131,-5.46387573299628));
#17083=CARTESIAN_POINT('Origin',(-110.5,-21.1178833012871,-5.48603164674458));
#17084=CARTESIAN_POINT('',(-108.5,-21.1178833012871,-5.48603164674458));
#17085=CARTESIAN_POINT('',(-108.5,-25.7077644670131,-5.46387573299628));
#17086=CARTESIAN_POINT('',(-110.5,-21.1178833012871,-5.48603164674458));
#17087=CARTESIAN_POINT('Origin',(-110.5,-18.803755134274,-1.5221559137483));
#17088=CARTESIAN_POINT('',(-108.5,-18.803755134274,-1.5221559137483));
#17089=CARTESIAN_POINT('',(-108.5,-21.1178833012871,-5.48603164674458));
#17090=CARTESIAN_POINT('',(-110.5,-18.803755134274,-1.5221559137483));
#17091=CARTESIAN_POINT('Origin',(-110.5,-21.0795081329869,2.46387573299627));
#17092=CARTESIAN_POINT('',(-108.5,-21.0795081329869,2.46387573299627));
#17093=CARTESIAN_POINT('',(-108.5,-18.803755134274,-1.5221559137483));
#17094=CARTESIAN_POINT('',(-110.5,-21.0795081329869,2.46387573299627));
#17095=CARTESIAN_POINT('Origin',(-110.5,-25.6693892987129,2.48603164674456));
#17096=CARTESIAN_POINT('',(-108.5,-25.6693892987129,2.48603164674456));
#17097=CARTESIAN_POINT('',(-108.5,-21.0795081329869,2.46387573299627));
#17098=CARTESIAN_POINT('',(-110.5,-25.6693892987129,2.48603164674456));
#17099=CARTESIAN_POINT('Origin',(-110.5,-27.5585988722473,-0.750000000000003));
#17100=CARTESIAN_POINT('',(-108.5,-25.6693892987129,2.48603164674456));
#17101=CARTESIAN_POINT('Origin',(-108.5,-36.3936363,-1.5));
#17102=CARTESIAN_POINT('Origin',(-68.389519775,-106.675,5.2));
#17103=CARTESIAN_POINT('',(-59.325,-106.475,5.));
#17104=CARTESIAN_POINT('',(-58.925,-106.875,5.4));
#17105=CARTESIAN_POINT('',(-65.325,-106.475,5.));
#17106=CARTESIAN_POINT('',(-68.389519775,-106.475,5.));
#17107=CARTESIAN_POINT('',(-65.725,-106.875,5.4));
#17108=CARTESIAN_POINT('Origin',(-65.389519775,-102.775,5.2));
#17109=CARTESIAN_POINT('',(-65.325,-102.975,5.));
#17110=CARTESIAN_POINT('',(-65.325,-102.975,5.));
#17111=CARTESIAN_POINT('',(-59.325,-102.975,5.));
#17112=CARTESIAN_POINT('',(-65.389519775,-102.975,5.));
#17113=CARTESIAN_POINT('',(-58.925,-102.575,5.4));
#17114=CARTESIAN_POINT('Origin',(-59.125,-82.292500275,5.2));
#17115=CARTESIAN_POINT('',(-59.325,-82.292500275,5.));
#17116=CARTESIAN_POINT('Origin',(-65.525,-80.542500275,5.2));
#17117=CARTESIAN_POINT('',(-65.325,-80.542500275,5.));
#17118=CARTESIAN_POINT('Origin',(-65.325,-102.975,5.4));
#17119=CARTESIAN_POINT('',(-65.325,-106.475,3.8));
#17120=CARTESIAN_POINT('',(-65.325,-106.475,5.4));
#17121=CARTESIAN_POINT('',(-65.325,-102.975,3.8));
#17122=CARTESIAN_POINT('',(-65.325,-95.155000075,3.8));
#17123=CARTESIAN_POINT('',(-65.325,-102.975,5.4));
#17124=CARTESIAN_POINT('Origin',(-59.325,-102.975,5.4));
#17125=CARTESIAN_POINT('',(-59.325,-102.975,3.8));
#17126=CARTESIAN_POINT('',(-48.3,-102.975,3.8));
#17127=CARTESIAN_POINT('',(-59.325,-102.975,5.4));
#17128=CARTESIAN_POINT('Origin',(-59.325,-106.475,5.4));
#17129=CARTESIAN_POINT('',(-59.325,-106.475,3.8));
#17130=CARTESIAN_POINT('',(-59.325,-96.905000075,3.8));
#17131=CARTESIAN_POINT('',(-59.325,-106.475,5.4));
#17132=CARTESIAN_POINT('Origin',(-65.325,-106.475,5.4));
#17133=CARTESIAN_POINT('',(-51.3,-106.475,3.8));
#17134=CARTESIAN_POINT('Origin',(-58.3374999322577,-110.469986783039,-2.5));
#17135=CARTESIAN_POINT('',(-53.425,-110.219988114141,-2.75));
#17136=CARTESIAN_POINT('',(-53.425,-110.219988114141,-2.75));
#17137=CARTESIAN_POINT('',(-49.425,-110.219989197989,-2.75));
#17138=CARTESIAN_POINT('',(-58.3374998645171,-110.219986783039,-2.75));
#17139=CARTESIAN_POINT('',(-49.4250001354811,-110.719989197989,-2.25));
#17140=CARTESIAN_POINT('Origin',(-53.4250000677405,-110.469988181881,-4.25));
#17141=CARTESIAN_POINT('',(-53.425,-110.219988249622,-5.75));
#17142=CARTESIAN_POINT('',(-53.425,-110.219988249622,-5.75));
#17143=CARTESIAN_POINT('Origin',(-53.425,-110.219988249622,-4.25));
#17144=CARTESIAN_POINT('Origin',(-60.3374999322575,-110.469986241115,-6.));
#17145=CARTESIAN_POINT('',(-49.425,-110.219989197989,-5.75));
#17146=CARTESIAN_POINT('',(-49.425,-110.219989197989,-5.75));
#17147=CARTESIAN_POINT('',(-60.337499864517,-110.219986241115,-5.75));
#17148=CARTESIAN_POINT('Origin',(-49.4250000677406,-110.469989130249,-4.25));
#17149=CARTESIAN_POINT('Origin',(-49.425,-110.219989062508,-4.25));
#17150=CARTESIAN_POINT('Origin',(-53.425,-110.720002590292,-4.25));
#17151=CARTESIAN_POINT('',(-53.425,-109.219988124002,-5.75));
#17152=CARTESIAN_POINT('',(-53.425,-110.720002590292,-5.75));
#17153=CARTESIAN_POINT('',(-53.425,-110.720002590292,-5.75));
#17154=CARTESIAN_POINT('',(-53.425,-110.720002590292,-2.75));
#17155=CARTESIAN_POINT('Origin',(-49.425,-110.720002590292,-2.75));
#17156=CARTESIAN_POINT('',(-49.425,-110.720002590292,-2.75));
#17157=CARTESIAN_POINT('Origin',(-49.425,-109.219989207546,-5.75));
#17158=CARTESIAN_POINT('',(-49.425,-109.219989207546,-5.75));
#17159=CARTESIAN_POINT('',(-49.425,-109.219989207546,-5.75));
#17160=CARTESIAN_POINT('',(-49.425,-110.720002590292,-5.75));
#17161=CARTESIAN_POINT('Origin',(-53.425,-109.219988124002,-5.75));
#17162=CARTESIAN_POINT('',(-53.425,-109.219988124002,-5.75));
#17163=CARTESIAN_POINT('',(-53.4249997968335,-109.219988124002,-5.75));
#17164=CARTESIAN_POINT('Origin',(-53.425,-107.719988133863,-5.75));
#17165=CARTESIAN_POINT('Origin',(-53.425,-110.720002590292,-5.75));
#17166=CARTESIAN_POINT('',(-49.425,-110.720002590292,-5.75));
#17167=CARTESIAN_POINT('Origin',(-49.425,-110.720002590292,-4.25));
#17168=CARTESIAN_POINT('Origin',(-6.00000000000001,-62.95266265,-4.3));
#17169=CARTESIAN_POINT('',(-6.50000000000001,-89.61,-3.8));
#17170=CARTESIAN_POINT('',(-5.50000000000001,-88.61,-4.8));
#17171=CARTESIAN_POINT('',(-6.50000000000001,-62.95266265,-3.8));
#17172=CARTESIAN_POINT('Origin',(-6.00000000000001,-89.11,-2.7));
#17173=CARTESIAN_POINT('',(-6.50000000000001,-89.61,-2.7));
#17174=CARTESIAN_POINT('Origin',(-5.50000000000001,-101.61,4.2));
#17175=CARTESIAN_POINT('',(-8.50000000000001,-101.61,-3.8));
#17176=CARTESIAN_POINT('',(-5.50000000000001,-101.61,-3.8));
#17177=CARTESIAN_POINT('',(-8.50000000000001,-101.61,3.8));
#17178=CARTESIAN_POINT('',(-8.50000000000001,-101.61,1.3));
#17179=CARTESIAN_POINT('',(-8.50000000000001,-101.61,4.2));
#17180=CARTESIAN_POINT('',(-8.50000000000001,-101.61,2.2));
#17181=CARTESIAN_POINT('',(-5.50000000000001,-101.61,4.2));
#17182=CARTESIAN_POINT('Origin',(-5.50000000000001,-89.61,4.2));
#17183=CARTESIAN_POINT('',(-8.50000000000001,-89.61,4.2));
#17184=CARTESIAN_POINT('',(-8.50000000000001,-92.61,4.2));
#17185=CARTESIAN_POINT('',(-5.50000000000001,-89.61,4.2));
#17186=CARTESIAN_POINT('Origin',(-8.50000000000001,-95.61,0.199999999999999));
#17187=CARTESIAN_POINT('',(-8.50000000000001,-89.61,3.8));
#17188=CARTESIAN_POINT('',(-8.50000000000001,-97.527500225,3.8));
#17189=CARTESIAN_POINT('',(-8.50000000000001,-89.61,-1.8));
#17190=CARTESIAN_POINT('Origin',(-5.50000000000001,-89.61,-3.8));
#17191=CARTESIAN_POINT('',(-8.50000000000001,-89.61,-3.8));
#17192=CARTESIAN_POINT('',(-8.50000000000001,-89.61,-2.7));
#17193=CARTESIAN_POINT('',(-5.50000000000001,-89.61,-3.8));
#17194=CARTESIAN_POINT('Origin',(-5.50000000000001,-101.61,-3.8));
#17195=CARTESIAN_POINT('',(-8.50000000000001,-104.66500015,-3.8));
#17196=CARTESIAN_POINT('Origin',(-32.,-72.5,-0.5));
#17197=CARTESIAN_POINT('',(-32.,-74.7,0.));
#17198=CARTESIAN_POINT('',(-29.8,-72.5,3.88578058618805E-15));
#17199=CARTESIAN_POINT('Origin',(-32.,-72.5,0.));
#17200=CARTESIAN_POINT('',(-30.8,-72.5,-1.));
#17201=CARTESIAN_POINT('',(-30.3,-72.5,-0.5));
#17202=CARTESIAN_POINT('Origin',(-32.,-72.5,-1.));
#17203=CARTESIAN_POINT('',(-34.1857492994395,-72.75,0.));
#17204=CARTESIAN_POINT('Origin',(-32.,-72.5,0.));
#17205=CARTESIAN_POINT('Origin',(-32.,-72.5,0.));
#17206=CARTESIAN_POINT('Origin',(-32.,-72.5,-12.5));
#17207=CARTESIAN_POINT('',(-30.8,-72.5,-12.5));
#17208=CARTESIAN_POINT('Origin',(-84.0000000000001,-34.5,-0.5));
#17209=CARTESIAN_POINT('',(-81.8000000000001,-34.5,3.53883589099269E-15));
#17210=CARTESIAN_POINT('Origin',(-84.0000000000001,-34.5,0.));
#17211=CARTESIAN_POINT('',(-82.8000000000001,-34.5,-1.));
#17212=CARTESIAN_POINT('',(-82.3000000000001,-34.5,-0.5));
#17213=CARTESIAN_POINT('Origin',(-84.0000000000001,-34.5,-1.));
#17214=CARTESIAN_POINT('Origin',(-84.0000000000001,-34.5,-12.5));
#17215=CARTESIAN_POINT('',(-82.8000000000001,-34.5,-12.5));
#17216=CARTESIAN_POINT('Origin',(-100.1355861,-78.3241015,-0.5));
#17217=CARTESIAN_POINT('',(-97.9355861,-78.3241015,3.53883589099269E-15));
#17218=CARTESIAN_POINT('Origin',(-100.1355861,-78.3241015,0.));
#17219=CARTESIAN_POINT('',(-98.9355861000001,-78.3241015,-1.));
#17220=CARTESIAN_POINT('',(-98.4355861,-78.3241015,-0.5));
#17221=CARTESIAN_POINT('Origin',(-100.1355861,-78.3241015,-1.));
#17222=CARTESIAN_POINT('Origin',(-100.1355861,-78.3241015,-12.5));
#17223=CARTESIAN_POINT('',(-98.9355861000001,-78.3241015,-12.5));
#17224=CARTESIAN_POINT('Origin',(-32.,-34.5,-0.5));
#17225=CARTESIAN_POINT('',(-29.8,-34.5,1.2490009027033E-15));
#17226=CARTESIAN_POINT('Origin',(-32.,-34.5,0.));
#17227=CARTESIAN_POINT('',(-30.8,-34.5,-1.));
#17228=CARTESIAN_POINT('',(-30.3,-34.5,-0.5));
#17229=CARTESIAN_POINT('Origin',(-32.,-34.5,-1.));
#17230=CARTESIAN_POINT('Origin',(-32.,-34.5,-12.5));
#17231=CARTESIAN_POINT('',(-30.8,-34.5,-12.5));
#17232=CARTESIAN_POINT('Origin',(-48.1553042,-6.7,-1.6));
#17233=CARTESIAN_POINT('Origin',(-6.7,-24.9567277,-1.6));
#17234=CARTESIAN_POINT('Origin',(-109.3,-14.6871564,-1.6));
#17235=CARTESIAN_POINT('',(-109.3,-14.6871564,-1.6));
#17236=CARTESIAN_POINT('Origin',(-109.3,-59.5889344,-1.6));
#17237=CARTESIAN_POINT('',(-109.3,-59.5889344,-1.6));
#17238=CARTESIAN_POINT('Origin',(-136.018756,-86.2664299,-1.6));
#17239=CARTESIAN_POINT('',(-136.018756,-86.2664299,-1.6));
#17240=CARTESIAN_POINT('Origin',(-127.5551602,-109.5199681,-1.6));
#17241=CARTESIAN_POINT('Origin',(-107.5,-16.1739844,-1.6));
#17242=CARTESIAN_POINT('',(-107.5,-16.1739844,-1.6));
#17243=CARTESIAN_POINT('Origin',(-107.5,-60.3353337,-1.6));
#17244=CARTESIAN_POINT('',(-107.5,-60.3353337,-1.6));
#17245=CARTESIAN_POINT('Origin',(-126.2947865,-107.7199684,-1.6));
#17246=CARTESIAN_POINT('',(-133.9347712,-86.729283,-1.6));
#17247=CARTESIAN_POINT('Origin',(-48.3768944000001,-8.5,-1.6));
#17248=CARTESIAN_POINT('Origin',(-120.413482919509,-73.2288749712759,3.8));
#17249=CARTESIAN_POINT('',(-107.5,-77.5917931656299,3.8));
#17250=CARTESIAN_POINT('',(-111.98712586738,-78.3829945845312,3.8));
#17251=CARTESIAN_POINT('',(-115.632558281397,-79.0257827263677,3.8));
#17252=CARTESIAN_POINT('',(-112.2750267987,-78.4601371505309,3.8));
#17253=CARTESIAN_POINT('',(-115.417764061467,-79.3022282670869,3.8));
#17254=CARTESIAN_POINT('',(-133.326965839018,-86.1224162425518,3.8));
#17255=CARTESIAN_POINT('',(-125.5535675107,-83.2931306660096,3.8));
#17256=CARTESIAN_POINT('',(-107.5,-60.3353337,3.8));
#17257=CARTESIAN_POINT('',(-113.956741459754,-66.782104335638,3.8));
#17258=CARTESIAN_POINT('',(-107.5,-75.4103340684529,3.8));
#17259=CARTESIAN_POINT('Origin',(-107.5,-60.3353337,-1.6));
#17260=CARTESIAN_POINT('',(-133.326965839018,-86.1224162425518,-1.6));
#17261=CARTESIAN_POINT('',(-107.5,-60.3353337,-1.6));
#17262=CARTESIAN_POINT('Origin',(-107.5,-77.5917931656299,-1.6));
#17263=CARTESIAN_POINT('',(-107.5,-77.5917931656299,-1.6));
#17264=CARTESIAN_POINT('Origin',(-111.98712586738,-78.3829945845312,-1.6));
#17265=CARTESIAN_POINT('',(-111.98712586738,-78.3829945845312,-1.6));
#17266=CARTESIAN_POINT('Origin',(-37.275,-87.33500015,3.8));
#17267=CARTESIAN_POINT('',(-66.05,-68.95,3.8));
#17268=CARTESIAN_POINT('',(-66.05,-78.142500075,3.8));
#17269=CARTESIAN_POINT('',(-49.95,-68.95,3.8));
#17270=CARTESIAN_POINT('',(-43.6125,-68.95,3.8));
#17271=CARTESIAN_POINT('',(-49.95,-73.95,3.8));
#17272=CARTESIAN_POINT('',(-49.95,-80.642500075,3.8));
#17273=CARTESIAN_POINT('',(-35.0753048629364,-73.95,3.8));
#17274=CARTESIAN_POINT('',(-36.1751524314682,-73.95,3.8));
#17275=CARTESIAN_POINT('',(-32.,-75.9,3.8));
#17276=CARTESIAN_POINT('Origin',(-32.,-72.5,3.8));
#17277=CARTESIAN_POINT('',(-28.05,-75.9,3.8));
#17278=CARTESIAN_POINT('',(-32.6625,-75.9,3.8));
#17279=CARTESIAN_POINT('',(-28.05,-66.95,3.8));
#17280=CARTESIAN_POINT('',(-28.05,-77.142500075,3.8));
#17281=CARTESIAN_POINT('',(-8.50000000000001,-66.95,3.8));
#17282=CARTESIAN_POINT('',(-22.8875,-66.95,3.8));
#17283=CARTESIAN_POINT('',(-8.50000000000001,-97.527500225,3.8));
#17284=CARTESIAN_POINT('',(-8.50000000000001,-97.527500225,3.8));
#17285=CARTESIAN_POINT('Origin',(-32.,-72.5,-1.6));
#17286=CARTESIAN_POINT('',(-35.0753048629364,-73.95,-1.6));
#17287=CARTESIAN_POINT('',(-32.,-75.9,-1.6));
#17288=CARTESIAN_POINT('Origin',(-28.05,-75.9,-1.6));
#17289=CARTESIAN_POINT('',(-28.05,-75.9,-1.6));
#17290=CARTESIAN_POINT('Origin',(-28.05,-66.95,-1.6));
#17291=CARTESIAN_POINT('',(-28.05,-66.95,-1.6));
#17292=CARTESIAN_POINT('Origin',(-8.50000000000001,-66.95,-1.6));
#17293=CARTESIAN_POINT('',(-8.50000000000001,-66.95,-1.6));
#17294=CARTESIAN_POINT('Origin',(-8.50000000000001,-107.7200003,-1.6));
#17295=CARTESIAN_POINT('Origin',(-48.75,-67.75,-1.6));
#17296=CARTESIAN_POINT('',(-48.75,-72.75,0.));
#17297=CARTESIAN_POINT('',(-48.75,-72.75,0.));
#17298=CARTESIAN_POINT('',(-48.75,-72.75,-1.6));
#17299=CARTESIAN_POINT('Origin',(-48.75,-72.75,-1.6));
#17300=CARTESIAN_POINT('',(-34.1857492994395,-72.75,0.));
#17301=CARTESIAN_POINT('',(-34.1857492994395,-72.75,-1.6));
#17302=CARTESIAN_POINT('Origin',(-32.,-72.5,-1.6));
#17303=CARTESIAN_POINT('',(-32.,-74.7,-1.6));
#17304=CARTESIAN_POINT('Origin',(-32.,-74.7,-1.6));
#17305=CARTESIAN_POINT('',(-29.25,-74.7,0.));
#17306=CARTESIAN_POINT('',(-32.,-74.7,0.));
#17307=CARTESIAN_POINT('',(-29.25,-74.7,-1.6));
#17308=CARTESIAN_POINT('Origin',(-29.25,-74.7,-1.6));
#17309=CARTESIAN_POINT('',(-29.25,-65.75,0.));
#17310=CARTESIAN_POINT('',(-29.25,-65.75,0.));
#17311=CARTESIAN_POINT('',(-29.25,-65.75,-1.6));
#17312=CARTESIAN_POINT('Origin',(-29.25,-65.75,-1.6));
#17313=CARTESIAN_POINT('',(-10.25,-65.75,0.));
#17314=CARTESIAN_POINT('',(-8.50000000000001,-65.75,0.));
#17315=CARTESIAN_POINT('',(-10.25,-65.75,-1.6));
#17316=CARTESIAN_POINT('Origin',(-10.25,-65.75,-1.6));
#17317=CARTESIAN_POINT('',(-10.25,-27.25,0.));
#17318=CARTESIAN_POINT('',(-10.25,-65.75,0.));
#17319=CARTESIAN_POINT('',(-10.25,-27.25,-1.6));
#17320=CARTESIAN_POINT('Origin',(-10.25,-27.25,-1.6));
#17321=CARTESIAN_POINT('',(-29.25,-27.25,0.));
#17322=CARTESIAN_POINT('',(-29.25,-27.25,0.));
#17323=CARTESIAN_POINT('',(-29.25,-27.25,-1.6));
#17324=CARTESIAN_POINT('Origin',(-29.25,-27.25,-1.6));
#17325=CARTESIAN_POINT('',(-29.2500000000001,-15.25,0.));
#17326=CARTESIAN_POINT('',(-29.2500000000001,-15.25,0.));
#17327=CARTESIAN_POINT('',(-29.2500000000001,-15.25,-1.6));
#17328=CARTESIAN_POINT('Origin',(-29.2500000000001,-15.25,-1.6));
#17329=CARTESIAN_POINT('',(-48.25,-15.25,0.));
#17330=CARTESIAN_POINT('',(-48.25,-15.25,0.));
#17331=CARTESIAN_POINT('',(-48.25,-15.25,-1.6));
#17332=CARTESIAN_POINT('Origin',(-48.25,-15.25,-1.6));
#17333=CARTESIAN_POINT('',(-48.25,-10.25,0.));
#17334=CARTESIAN_POINT('',(-48.25,-10.25,0.));
#17335=CARTESIAN_POINT('',(-48.25,-10.25,-1.6));
#17336=CARTESIAN_POINT('Origin',(-48.25,-10.25,-1.6));
#17337=CARTESIAN_POINT('',(-67.75,-10.25,0.));
#17338=CARTESIAN_POINT('',(-67.75,-10.25,0.));
#17339=CARTESIAN_POINT('',(-67.75,-10.25,-1.6));
#17340=CARTESIAN_POINT('Origin',(-67.75,-10.25,-1.6));
#17341=CARTESIAN_POINT('',(-67.75,-15.25,0.));
#17342=CARTESIAN_POINT('',(-67.75,-15.25,0.));
#17343=CARTESIAN_POINT('',(-67.75,-15.25,-1.6));
#17344=CARTESIAN_POINT('Origin',(-67.75,-15.25,-1.6));
#17345=CARTESIAN_POINT('',(-86.75,-15.25,0.));
#17346=CARTESIAN_POINT('',(-86.75,-15.25,0.));
#17347=CARTESIAN_POINT('',(-86.75,-15.25,-1.6));
#17348=CARTESIAN_POINT('Origin',(-86.75,-15.25,-1.6));
#17349=CARTESIAN_POINT('',(-86.75,-17.75,0.));
#17350=CARTESIAN_POINT('',(-86.75,-17.75,0.));
#17351=CARTESIAN_POINT('',(-86.75,-17.75,-1.6));
#17352=CARTESIAN_POINT('Origin',(-86.75,-17.75,-1.6));
#17353=CARTESIAN_POINT('',(-105.75,-17.75,0.));
#17354=CARTESIAN_POINT('',(-105.75,-17.75,0.));
#17355=CARTESIAN_POINT('',(-105.75,-17.75,-1.6));
#17356=CARTESIAN_POINT('Origin',(-105.75,-17.75,-1.6));
#17357=CARTESIAN_POINT('',(-105.75,-79.0602175,0.));
#17358=CARTESIAN_POINT('',(-105.75,-79.0602175,0.));
#17359=CARTESIAN_POINT('',(-105.75,-79.0602175,-1.6));
#17360=CARTESIAN_POINT('Origin',(-105.75,-79.0602175,-1.6));
#17361=CARTESIAN_POINT('',(-111.6079964,-80.0931404,0.));
#17362=CARTESIAN_POINT('',(-105.75,-79.0602175,0.));
#17363=CARTESIAN_POINT('',(-111.6079964,-80.0931404,-1.6));
#17364=CARTESIAN_POINT('Origin',(-66.05,-68.95,-1.6));
#17365=CARTESIAN_POINT('',(-66.05,-68.95,-1.6));
#17366=CARTESIAN_POINT('Origin',(-49.95,-68.95,-1.6));
#17367=CARTESIAN_POINT('',(-49.95,-68.95,-1.6));
#17368=CARTESIAN_POINT('Origin',(-49.95,-73.95,-1.6));
#17369=CARTESIAN_POINT('',(-49.95,-73.95,-1.6));
#17370=CARTESIAN_POINT('Origin',(-35.0753048629364,-73.95,-1.6));
#17371=CARTESIAN_POINT('Origin',(-112.2750267987,-78.4601371505309,-1.6));
#17372=CARTESIAN_POINT('',(-112.2750267987,-78.4601371505309,-1.6));
#17373=CARTESIAN_POINT('Origin',(-133.326965839018,-86.1224162425518,-1.6));
#17374=CARTESIAN_POINT('Origin',(-67.8811237,-5.50000000000001,-1.6));
#17375=CARTESIAN_POINT('Origin',(-128.3954093,-110.7199678,-1.6));
#17376=CARTESIAN_POINT('Origin',(-131.8157174,-87.4346779,-1.6));
#17377=CARTESIAN_POINT('',(-131.8157174,-87.4346779,0.));
#17378=CARTESIAN_POINT('',(-123.340564518866,-110.719969169671,0.));
#17379=CARTESIAN_POINT('',(-131.8157174,-87.4346779,-1.6));
#17380=CARTESIAN_POINT('Origin',(-111.748291,-80.1307321,-1.6));
#17381=CARTESIAN_POINT('',(-111.748291,-80.1307321,0.));
#17382=CARTESIAN_POINT('',(-111.748291,-80.1307321,0.));
#17383=CARTESIAN_POINT('',(-111.748291,-80.1307321,-1.6));
#17384=CARTESIAN_POINT('Origin',(-111.6079964,-80.0931404,-1.6));
#17385=CARTESIAN_POINT('',(-111.6079964,-80.0931404,0.));
#17386=CARTESIAN_POINT('Origin',(-103.,-58.5,-1.6));
#17387=CARTESIAN_POINT('',(-103.,-58.5,0.));
#17388=CARTESIAN_POINT('',(-103.,-58.5,-1.6));
#17389=CARTESIAN_POINT('',(-103.,-72.5,0.));
#17390=CARTESIAN_POINT('',(-103.,-72.5,0.));
#17391=CARTESIAN_POINT('',(-103.,-72.5,-1.6));
#17392=CARTESIAN_POINT('Origin',(-89.0000000000001,-58.5,-1.6));
#17393=CARTESIAN_POINT('',(-89.0000000000001,-58.5,0.));
#17394=CARTESIAN_POINT('',(-89.0000000000001,-58.5,-1.6));
#17395=CARTESIAN_POINT('',(-103.,-58.5,0.));
#17396=CARTESIAN_POINT('Origin',(-89.0000000000001,-72.5,-1.6));
#17397=CARTESIAN_POINT('',(-89.0000000000001,-72.5,0.));
#17398=CARTESIAN_POINT('',(-89.0000000000001,-72.5,-1.6));
#17399=CARTESIAN_POINT('',(-89.0000000000001,-58.5,0.));
#17400=CARTESIAN_POINT('Origin',(-103.,-72.5,-1.6));
#17401=CARTESIAN_POINT('',(-89.0000000000001,-72.5,0.));
#17402=CARTESIAN_POINT('Origin',(-84.0000000000001,-70.,-1.6));
#17403=CARTESIAN_POINT('',(-84.0000000000001,-70.,0.));
#17404=CARTESIAN_POINT('',(-84.0000000000001,-70.,-1.6));
#17405=CARTESIAN_POINT('',(-70.,-70.,0.));
#17406=CARTESIAN_POINT('',(-70.,-70.,0.));
#17407=CARTESIAN_POINT('',(-70.,-70.,-1.6));
#17408=CARTESIAN_POINT('Origin',(-84.0000000000001,-56.,-1.6));
#17409=CARTESIAN_POINT('',(-84.0000000000001,-56.,0.));
#17410=CARTESIAN_POINT('',(-84.0000000000001,-56.,-1.6));
#17411=CARTESIAN_POINT('',(-84.0000000000001,-70.,0.));
#17412=CARTESIAN_POINT('Origin',(-70.,-56.,-1.6));
#17413=CARTESIAN_POINT('',(-70.,-56.,0.));
#17414=CARTESIAN_POINT('',(-70.,-56.,-1.6));
#17415=CARTESIAN_POINT('',(-84.0000000000001,-56.,0.));
#17416=CARTESIAN_POINT('Origin',(-70.,-70.,-1.6));
#17417=CARTESIAN_POINT('',(-70.,-56.,0.));
#17418=CARTESIAN_POINT('Origin',(-70.,-18.,-1.6));
#17419=CARTESIAN_POINT('',(-70.,-18.,0.));
#17420=CARTESIAN_POINT('',(-70.,-18.,-1.6));
#17421=CARTESIAN_POINT('',(-84.0000000000001,-18.,0.));
#17422=CARTESIAN_POINT('',(-84.0000000000001,-18.,0.));
#17423=CARTESIAN_POINT('',(-84.0000000000001,-18.,-1.6));
#17424=CARTESIAN_POINT('Origin',(-70.,-32.,-1.6));
#17425=CARTESIAN_POINT('',(-70.,-32.,0.));
#17426=CARTESIAN_POINT('',(-70.,-32.,-1.6));
#17427=CARTESIAN_POINT('',(-70.,-18.,0.));
#17428=CARTESIAN_POINT('Origin',(-84.0000000000001,-32.,-1.6));
#17429=CARTESIAN_POINT('',(-84.0000000000001,-32.,0.));
#17430=CARTESIAN_POINT('',(-84.0000000000001,-32.,-1.6));
#17431=CARTESIAN_POINT('',(-70.,-32.,0.));
#17432=CARTESIAN_POINT('Origin',(-84.0000000000001,-18.,-1.6));
#17433=CARTESIAN_POINT('',(-84.0000000000001,-32.,0.));
#17434=CARTESIAN_POINT('Origin',(-70.,-51.,-1.6));
#17435=CARTESIAN_POINT('',(-70.,-51.,0.));
#17436=CARTESIAN_POINT('',(-70.,-51.,-1.6));
#17437=CARTESIAN_POINT('',(-70.,-37.,0.));
#17438=CARTESIAN_POINT('',(-70.,-37.,0.));
#17439=CARTESIAN_POINT('',(-70.,-37.,-1.6));
#17440=CARTESIAN_POINT('Origin',(-84.0000000000001,-51.,-1.6));
#17441=CARTESIAN_POINT('',(-84.0000000000001,-51.,0.));
#17442=CARTESIAN_POINT('',(-84.0000000000001,-51.,-1.6));
#17443=CARTESIAN_POINT('',(-70.,-51.,0.));
#17444=CARTESIAN_POINT('Origin',(-84.0000000000001,-37.,-1.6));
#17445=CARTESIAN_POINT('',(-84.0000000000001,-37.,0.));
#17446=CARTESIAN_POINT('',(-84.0000000000001,-37.,-1.6));
#17447=CARTESIAN_POINT('',(-84.0000000000001,-51.,0.));
#17448=CARTESIAN_POINT('Origin',(-70.,-37.,-1.6));
#17449=CARTESIAN_POINT('',(-84.0000000000001,-37.,0.));
#17450=CARTESIAN_POINT('Origin',(-92.8078114,-79.5705837,-1.6));
#17451=CARTESIAN_POINT('',(-92.8078114,-79.5705837,0.));
#17452=CARTESIAN_POINT('',(-92.8078114,-79.5705837,-1.6));
#17453=CARTESIAN_POINT('',(-106.5951199,-82.0016582,0.));
#17454=CARTESIAN_POINT('',(-106.5951199,-82.0016582,0.));
#17455=CARTESIAN_POINT('',(-106.5951199,-82.0016582,-1.6));
#17456=CARTESIAN_POINT('Origin',(-90.3767369000001,-93.3578922,-1.6));
#17457=CARTESIAN_POINT('',(-90.3767369000001,-93.3578922,0.));
#17458=CARTESIAN_POINT('',(-90.3767369000001,-93.3578922,-1.6));
#17459=CARTESIAN_POINT('',(-92.8078114,-79.5705837,0.));
#17460=CARTESIAN_POINT('Origin',(-104.1640454,-95.7889667,-1.6));
#17461=CARTESIAN_POINT('',(-104.1640454,-95.7889667,0.));
#17462=CARTESIAN_POINT('',(-104.1640454,-95.7889667,-1.6));
#17463=CARTESIAN_POINT('',(-90.3767369000001,-93.3578922,0.));
#17464=CARTESIAN_POINT('Origin',(-106.5951199,-82.0016582,-1.6));
#17465=CARTESIAN_POINT('',(-104.1640454,-95.7889667,0.));
#17466=CARTESIAN_POINT('Origin',(-70.,-92.8,-1.6));
#17467=CARTESIAN_POINT('',(-70.,-92.8,0.));
#17468=CARTESIAN_POINT('',(-70.,-92.8,-1.6));
#17469=CARTESIAN_POINT('',(-70.,-78.8,0.));
#17470=CARTESIAN_POINT('',(-70.,-78.8,0.));
#17471=CARTESIAN_POINT('',(-70.,-78.8,-1.6));
#17472=CARTESIAN_POINT('Origin',(-84.0000000000001,-92.8,-1.6));
#17473=CARTESIAN_POINT('',(-84.0000000000001,-92.8,0.));
#17474=CARTESIAN_POINT('',(-84.0000000000001,-92.8,-1.6));
#17475=CARTESIAN_POINT('',(-70.,-92.8,0.));
#17476=CARTESIAN_POINT('Origin',(-84.0000000000001,-78.8,-1.6));
#17477=CARTESIAN_POINT('',(-84.0000000000001,-78.8,0.));
#17478=CARTESIAN_POINT('',(-84.0000000000001,-78.8,-1.6));
#17479=CARTESIAN_POINT('',(-84.0000000000001,-92.8,0.));
#17480=CARTESIAN_POINT('Origin',(-70.,-78.8,-1.6));
#17481=CARTESIAN_POINT('',(-84.0000000000001,-78.8,0.));
#17482=CARTESIAN_POINT('Origin',(-89.0000000000001,-39.5,-1.6));
#17483=CARTESIAN_POINT('',(-89.0000000000001,-39.5,0.));
#17484=CARTESIAN_POINT('',(-89.0000000000001,-39.5,-1.6));
#17485=CARTESIAN_POINT('',(-103.,-39.5,0.));
#17486=CARTESIAN_POINT('',(-103.,-39.5,0.));
#17487=CARTESIAN_POINT('',(-103.,-39.5,-1.6));
#17488=CARTESIAN_POINT('Origin',(-89.0000000000001,-53.5,-1.6));
#17489=CARTESIAN_POINT('',(-89.0000000000001,-53.5,0.));
#17490=CARTESIAN_POINT('',(-89.0000000000001,-53.5,-1.6));
#17491=CARTESIAN_POINT('',(-89.0000000000001,-39.5,0.));
#17492=CARTESIAN_POINT('Origin',(-103.,-53.5,-1.6));
#17493=CARTESIAN_POINT('',(-103.,-53.5,0.));
#17494=CARTESIAN_POINT('',(-103.,-53.5,-1.6));
#17495=CARTESIAN_POINT('',(-89.0000000000001,-53.5,0.));
#17496=CARTESIAN_POINT('Origin',(-103.,-39.5,-1.6));
#17497=CARTESIAN_POINT('',(-103.,-53.5,0.));
#17498=CARTESIAN_POINT('Origin',(-13.0000000000001,-30.,-1.6));
#17499=CARTESIAN_POINT('',(-13.0000000000001,-30.,0.));
#17500=CARTESIAN_POINT('',(-13.0000000000001,-30.,-1.6));
#17501=CARTESIAN_POINT('',(-27.,-30.,0.));
#17502=CARTESIAN_POINT('',(-27.,-30.,0.));
#17503=CARTESIAN_POINT('',(-27.,-30.,-1.6));
#17504=CARTESIAN_POINT('Origin',(-13.,-44.,-1.6));
#17505=CARTESIAN_POINT('',(-13.,-44.,0.));
#17506=CARTESIAN_POINT('',(-13.,-44.,-1.6));
#17507=CARTESIAN_POINT('',(-13.0000000000001,-30.,0.));
#17508=CARTESIAN_POINT('Origin',(-27.,-44.,-1.6));
#17509=CARTESIAN_POINT('',(-27.,-44.,0.));
#17510=CARTESIAN_POINT('',(-27.,-44.,-1.6));
#17511=CARTESIAN_POINT('',(-13.,-44.,0.));
#17512=CARTESIAN_POINT('Origin',(-27.,-30.,-1.6));
#17513=CARTESIAN_POINT('',(-27.,-44.,0.));
#17514=CARTESIAN_POINT('Origin',(-89.0000000000001,-34.5,-1.6));
#17515=CARTESIAN_POINT('',(-89.0000000000001,-34.5,0.));
#17516=CARTESIAN_POINT('',(-89.0000000000001,-34.5,-1.6));
#17517=CARTESIAN_POINT('',(-89.0000000000001,-20.5,0.));
#17518=CARTESIAN_POINT('',(-89.0000000000001,-20.5,0.));
#17519=CARTESIAN_POINT('',(-89.0000000000001,-20.5,-1.6));
#17520=CARTESIAN_POINT('Origin',(-103.,-34.5,-1.6));
#17521=CARTESIAN_POINT('',(-103.,-34.5,0.));
#17522=CARTESIAN_POINT('',(-103.,-34.5,-1.6));
#17523=CARTESIAN_POINT('',(-89.0000000000001,-34.5,0.));
#17524=CARTESIAN_POINT('Origin',(-103.,-20.5,-1.6));
#17525=CARTESIAN_POINT('',(-103.,-20.5,0.));
#17526=CARTESIAN_POINT('',(-103.,-20.5,-1.6));
#17527=CARTESIAN_POINT('',(-103.,-34.5,0.));
#17528=CARTESIAN_POINT('Origin',(-89.0000000000001,-20.5,-1.6));
#17529=CARTESIAN_POINT('',(-103.,-20.5,0.));
#17530=CARTESIAN_POINT('Origin',(-27.,-63.,-1.6));
#17531=CARTESIAN_POINT('',(-27.,-63.,0.));
#17532=CARTESIAN_POINT('',(-27.,-63.,-1.6));
#17533=CARTESIAN_POINT('',(-13.,-63.,0.));
#17534=CARTESIAN_POINT('',(-13.,-63.,0.));
#17535=CARTESIAN_POINT('',(-13.,-63.,-1.6));
#17536=CARTESIAN_POINT('Origin',(-27.,-49.,-1.6));
#17537=CARTESIAN_POINT('',(-27.,-49.,0.));
#17538=CARTESIAN_POINT('',(-27.,-49.,-1.6));
#17539=CARTESIAN_POINT('',(-27.,-63.,0.));
#17540=CARTESIAN_POINT('Origin',(-13.0000000000001,-49.,-1.6));
#17541=CARTESIAN_POINT('',(-13.0000000000001,-49.,0.));
#17542=CARTESIAN_POINT('',(-13.0000000000001,-49.,-1.6));
#17543=CARTESIAN_POINT('',(-27.,-49.,0.));
#17544=CARTESIAN_POINT('Origin',(-13.,-63.,-1.6));
#17545=CARTESIAN_POINT('',(-13.0000000000001,-49.,0.));
#17546=CARTESIAN_POINT('Origin',(-51.,-46.,-1.6));
#17547=CARTESIAN_POINT('',(-51.,-46.,0.));
#17548=CARTESIAN_POINT('',(-51.,-46.,-1.6));
#17549=CARTESIAN_POINT('',(-51.,-32.,0.));
#17550=CARTESIAN_POINT('',(-51.,-32.,0.));
#17551=CARTESIAN_POINT('',(-51.,-32.,-1.6));
#17552=CARTESIAN_POINT('Origin',(-65.,-46.,-1.6));
#17553=CARTESIAN_POINT('',(-65.,-46.,0.));
#17554=CARTESIAN_POINT('',(-65.,-46.,-1.6));
#17555=CARTESIAN_POINT('',(-51.,-46.,0.));
#17556=CARTESIAN_POINT('Origin',(-65.,-32.,-1.6));
#17557=CARTESIAN_POINT('',(-65.,-32.,0.));
#17558=CARTESIAN_POINT('',(-65.,-32.,-1.6));
#17559=CARTESIAN_POINT('',(-65.,-46.,0.));
#17560=CARTESIAN_POINT('Origin',(-51.,-32.,-1.6));
#17561=CARTESIAN_POINT('',(-65.,-32.,0.));
#17562=CARTESIAN_POINT('Origin',(-65.,-51.,-1.6));
#17563=CARTESIAN_POINT('',(-65.,-51.,0.));
#17564=CARTESIAN_POINT('',(-65.,-51.,-1.6));
#17565=CARTESIAN_POINT('',(-65.,-65.,0.));
#17566=CARTESIAN_POINT('',(-65.,-65.,0.));
#17567=CARTESIAN_POINT('',(-65.,-65.,-1.6));
#17568=CARTESIAN_POINT('Origin',(-51.,-51.,-1.6));
#17569=CARTESIAN_POINT('',(-51.,-51.,0.));
#17570=CARTESIAN_POINT('',(-51.,-51.,-1.6));
#17571=CARTESIAN_POINT('',(-65.,-51.,0.));
#17572=CARTESIAN_POINT('Origin',(-51.,-65.,-1.6));
#17573=CARTESIAN_POINT('',(-51.,-65.,0.));
#17574=CARTESIAN_POINT('',(-51.,-65.,-1.6));
#17575=CARTESIAN_POINT('',(-51.,-51.,0.));
#17576=CARTESIAN_POINT('Origin',(-65.,-65.,-1.6));
#17577=CARTESIAN_POINT('',(-51.,-65.,0.));
#17578=CARTESIAN_POINT('Origin',(-65.,-13.,-1.6));
#17579=CARTESIAN_POINT('',(-65.,-13.,0.));
#17580=CARTESIAN_POINT('',(-65.,-13.,-1.6));
#17581=CARTESIAN_POINT('',(-65.,-27.,0.));
#17582=CARTESIAN_POINT('',(-65.,-27.,0.));
#17583=CARTESIAN_POINT('',(-65.,-27.,-1.6));
#17584=CARTESIAN_POINT('Origin',(-51.,-13.,-1.6));
#17585=CARTESIAN_POINT('',(-51.,-13.,0.));
#17586=CARTESIAN_POINT('',(-51.,-13.,-1.6));
#17587=CARTESIAN_POINT('',(-65.,-13.,0.));
#17588=CARTESIAN_POINT('Origin',(-51.,-27.,-1.6));
#17589=CARTESIAN_POINT('',(-51.,-27.,0.));
#17590=CARTESIAN_POINT('',(-51.,-27.,-1.6));
#17591=CARTESIAN_POINT('',(-51.,-13.,0.));
#17592=CARTESIAN_POINT('Origin',(-65.,-27.,-1.6));
#17593=CARTESIAN_POINT('',(-51.,-27.,0.));
#17594=CARTESIAN_POINT('Origin',(-32.,-70.,-1.6));
#17595=CARTESIAN_POINT('',(-32.,-70.,0.));
#17596=CARTESIAN_POINT('',(-32.,-70.,-1.6));
#17597=CARTESIAN_POINT('',(-32.,-56.,0.));
#17598=CARTESIAN_POINT('',(-32.,-56.,0.));
#17599=CARTESIAN_POINT('',(-32.,-56.,-1.6));
#17600=CARTESIAN_POINT('Origin',(-46.,-70.,-1.6));
#17601=CARTESIAN_POINT('',(-46.,-70.,0.));
#17602=CARTESIAN_POINT('',(-46.,-70.,-1.6));
#17603=CARTESIAN_POINT('',(-32.,-70.,0.));
#17604=CARTESIAN_POINT('Origin',(-46.,-56.,-1.6));
#17605=CARTESIAN_POINT('',(-46.,-56.,0.));
#17606=CARTESIAN_POINT('',(-46.,-56.,-1.6));
#17607=CARTESIAN_POINT('',(-46.,-70.,0.));
#17608=CARTESIAN_POINT('Origin',(-32.,-56.,-1.6));
#17609=CARTESIAN_POINT('',(-46.,-56.,0.));
#17610=CARTESIAN_POINT('Origin',(-32.,-18.,-1.6));
#17611=CARTESIAN_POINT('',(-32.,-18.,0.));
#17612=CARTESIAN_POINT('',(-32.,-18.,-1.6));
#17613=CARTESIAN_POINT('',(-46.,-18.,0.));
#17614=CARTESIAN_POINT('',(-46.,-18.,0.));
#17615=CARTESIAN_POINT('',(-46.,-18.,-1.6));
#17616=CARTESIAN_POINT('Origin',(-32.,-32.,-1.6));
#17617=CARTESIAN_POINT('',(-32.,-32.,0.));
#17618=CARTESIAN_POINT('',(-32.,-32.,-1.6));
#17619=CARTESIAN_POINT('',(-32.,-18.,0.));
#17620=CARTESIAN_POINT('Origin',(-46.,-32.,-1.6));
#17621=CARTESIAN_POINT('',(-46.,-32.,0.));
#17622=CARTESIAN_POINT('',(-46.,-32.,-1.6));
#17623=CARTESIAN_POINT('',(-32.,-32.,0.));
#17624=CARTESIAN_POINT('Origin',(-46.,-18.,-1.6));
#17625=CARTESIAN_POINT('',(-46.,-32.,0.));
#17626=CARTESIAN_POINT('Origin',(-32.,-37.,-1.6));
#17627=CARTESIAN_POINT('',(-32.,-37.,0.));
#17628=CARTESIAN_POINT('',(-32.,-37.,-1.6));
#17629=CARTESIAN_POINT('',(-46.,-37.,0.));
#17630=CARTESIAN_POINT('',(-46.,-37.,0.));
#17631=CARTESIAN_POINT('',(-46.,-37.,-1.6));
#17632=CARTESIAN_POINT('Origin',(-32.,-51.,-1.6));
#17633=CARTESIAN_POINT('',(-32.,-51.,0.));
#17634=CARTESIAN_POINT('',(-32.,-51.,-1.6));
#17635=CARTESIAN_POINT('',(-32.,-37.,0.));
#17636=CARTESIAN_POINT('Origin',(-46.,-51.,-1.6));
#17637=CARTESIAN_POINT('',(-46.,-51.,0.));
#17638=CARTESIAN_POINT('',(-46.,-51.,-1.6));
#17639=CARTESIAN_POINT('',(-32.,-51.,0.));
#17640=CARTESIAN_POINT('Origin',(-46.,-37.,-1.6));
#17641=CARTESIAN_POINT('',(-46.,-51.,0.));
#17642=CARTESIAN_POINT('Origin',(-115.1353106,-84.2899953,-1.6));
#17643=CARTESIAN_POINT('',(-115.1353106,-84.2899953,0.));
#17644=CARTESIAN_POINT('',(-115.1353106,-84.2899953,-1.6));
#17645=CARTESIAN_POINT('',(-128.2910072,-89.0782773,0.));
#17646=CARTESIAN_POINT('',(-128.2910072,-89.0782773,0.));
#17647=CARTESIAN_POINT('',(-128.2910072,-89.0782773,-1.6));
#17648=CARTESIAN_POINT('Origin',(-110.3470286,-97.4456919,-1.6));
#17649=CARTESIAN_POINT('',(-110.3470286,-97.4456919,0.));
#17650=CARTESIAN_POINT('',(-110.3470286,-97.4456919,-1.6));
#17651=CARTESIAN_POINT('',(-115.1353106,-84.2899953,0.));
#17652=CARTESIAN_POINT('Origin',(-123.5027252,-102.2339739,-1.6));
#17653=CARTESIAN_POINT('',(-123.5027252,-102.2339739,0.));
#17654=CARTESIAN_POINT('',(-123.5027252,-102.2339739,-1.6));
#17655=CARTESIAN_POINT('',(-110.3470286,-97.4456919,0.));
#17656=CARTESIAN_POINT('Origin',(-128.2910072,-89.0782773,-1.6));
#17657=CARTESIAN_POINT('',(-123.5027252,-102.2339739,0.));
#17658=CARTESIAN_POINT('Origin',(-71.0328587000001,-60.4849921840447,0.));
#17659=UNCERTAINTY_MEASURE_WITH_UNIT(LENGTH_MEASURE(0.01),#17663,
'DISTANCE_ACCURACY_VALUE',
'Maximum model space distance between geometric entities at asserted c
onnectivities');
#17660=UNCERTAINTY_MEASURE_WITH_UNIT(LENGTH_MEASURE(0.01),#17663,
'DISTANCE_ACCURACY_VALUE',
'Maximum model space distance between geometric entities at asserted c
onnectivities');
#17661=(
GEOMETRIC_REPRESENTATION_CONTEXT(3)
GLOBAL_UNCERTAINTY_ASSIGNED_CONTEXT((#17659))
GLOBAL_UNIT_ASSIGNED_CONTEXT((#17663,#17665,#17666))
REPRESENTATION_CONTEXT('','3D')
);
#17662=(
GEOMETRIC_REPRESENTATION_CONTEXT(3)
GLOBAL_UNCERTAINTY_ASSIGNED_CONTEXT((#17660))
GLOBAL_UNIT_ASSIGNED_CONTEXT((#17663,#17665,#17666))
REPRESENTATION_CONTEXT('','3D')
);
#17663=(
LENGTH_UNIT()
NAMED_UNIT(*)
SI_UNIT(.MILLI.,.METRE.)
);
#17664=(
LENGTH_UNIT()
NAMED_UNIT(*)
SI_UNIT($,.METRE.)
);
#17665=(
NAMED_UNIT(*)
PLANE_ANGLE_UNIT()
SI_UNIT($,.RADIAN.)
);
#17666=(
NAMED_UNIT(*)
SI_UNIT($,.STERADIAN.)
SOLID_ANGLE_UNIT()
);
#17667=SHAPE_DEFINITION_REPRESENTATION(#17668,#17669);
#17668=PRODUCT_DEFINITION_SHAPE('',$,#17671);
#17669=SHAPE_REPRESENTATION('',(#11065),#17661);
#17670=PRODUCT_DEFINITION_CONTEXT('part definition',#17675,'design');
#17671=PRODUCT_DEFINITION('top_23333_3','top_23333_3 v3',#17672,#17670);
#17672=PRODUCT_DEFINITION_FORMATION('',$,#17677);
#17673=PRODUCT_RELATED_PRODUCT_CATEGORY('top_23333_3 v3',
'top_23333_3 v3',(#17677));
#17674=APPLICATION_PROTOCOL_DEFINITION('international standard',
'ap242_managed_model_based_3d_engineering',2011,#17675);
#17675=APPLICATION_CONTEXT('Managed model based 3d engineering');
#17676=PRODUCT_CONTEXT('part definition',#17675,'mechanical');
#17677=PRODUCT('top_23333_3','top_23333_3 v3',$,(#17676));
#17678=PRESENTATION_STYLE_ASSIGNMENT((#17679));
#17679=SURFACE_STYLE_USAGE(.BOTH.,#17680);
#17680=SURFACE_SIDE_STYLE('',(#17681));
#17681=SURFACE_STYLE_FILL_AREA(#17682);
#17682=FILL_AREA_STYLE('Steel - Satin',(#17683));
#17683=FILL_AREA_STYLE_COLOUR('Steel - Satin',#17684);
#17684=COLOUR_RGB('Steel - Satin',0.627450980392157,0.627450980392157,0.627450980392157);
ENDSEC;
END-ISO-10303-21;
